sentence_num,sentence,word,bert_prob
1,'She was glad she had accompanied her friend because she was enjoying the party except for the music',music,-5.122720718383789
2,'Shuffle the cards before you forget',forget,-15.396652221679688
3,'Most men cannot understand why women wear makeup',makeup,-4.8069868087768555
4,'Cats loved to be scratched behind the collar',collar,-12.761173248291016
5,'She thought she had seen a ghost',ghost,-6.973399639129639
6,'She pulled her head out from under the faucet and reached for a pill',pill,-8.218043327331543
7,'The tenants decided to take their landlord to breakfast',breakfast,-6.584946632385254
8,'He settled for California champagne because the imported stuff was too bitter',bitter,-5.489561080932617
9,'In caring for hospitalized patients, a doctor often needs the help of a nurse',nurse,-5.590743064880371
10,'I was finally able to make an appointment for the test',test,-6.592045307159424
11,'He was soothed by the gentle touch',touch,-9.2163667678833
12,'When the power went out the house became dark',dark,-8.968830108642578
13,'The death of his dog was a great expense',expense,-6.516592979431152
14,'He scraped the cold food from his floor',floor,-4.174444198608398
15,'The prisoners were planning their party',party,-6.914010524749756
16,'I didn't like the show so I changed the channel',channel,-3.929697275161743
17,'I added my name to the basket',basket,-5.096662521362305
18,'While skiing, Randy broke his leg',leg,-6.275817394256592
19,'The breeze lifted the smell',smell,-9.02116584777832
20,'Giraffes are known for their long necks and zebras for their speed',speed,-5.041719913482666
21,'The approaching storm made the air very heavy',heavy,-7.66420316696167
22,'The baby cried and upset her stomach',stomach,-7.247611999511719
23,'She couldn't find anything she wanted to own',own,-12.256826400756836
25,'Josie found she could not bend the elbow of her broken arm',arm,-9.860810279846191
26,'She wore heavy wool socks and her sturdiest boots to go walking in the mud',mud,-6.378153324127197
27,'I think that my stockbroker is a crook',crook,-10.162505149841309
28,'Tim threw a rock and broke the camera',camera,-7.001626014709473
29,'As the weather got warmer, Mark started wearing his lighter jacket instead of his heavy winter underwear',underwear,-8.793915748596191
30,'Although this film was an exception, she generally went to see movies that were funny',funny,-4.026119232177734
31,'His seat was next to the window',window,-8.221041679382324
32,'The bad boy was sent to his counselor',counselor,-5.7063446044921875
33,'Liz and Marie sat at the conference table and discussed the topic for the next lecture',lecture,-9.727805137634277
34,'Ruby's grandchildren hired a live-in nurse because they thought she was too old to live long',long,-10.828801155090332
35,'The jeweler was asked if he would examine the ring's huge diamond',diamond,-5.697681903839111
36,'Be careful because the top of the stove is very dirty',dirty,-5.758059024810791
37,'Every morning Susan braids her little girl's hair then helps her dress for success',success,-14.492074012756348
38,'The hinges were rusted shut, so he had to pry it open with a flourish',flourish,-11.098908424377441
39,'It didn't get completed because he could not locate the right dictionary',dictionary,-5.626701831817627
40,'We followed the path up the hill, and there under the tree was a cat',cat,-4.316515922546387
41,'John swept the floor with a broom',broom,-3.1201043128967285
42,'The groom took the bride's hand and placed the ring on her finger',finger,-5.173108100891113
43,'They saw the lightening and heard the thunder',thunder,-8.261280059814453
44,'The colonel wished the sergeant would treat his command not as a polite request but as a direct order',order,-7.093616485595703
45,'The man could not believe that they were all dead',dead,-5.728598117828369
46,'I just had a new sound system installed in my car',car,-7.543193340301514
47,'The cows moved from the sun into the shade',shade,-3.614530324935913
48,'The old woman was the only one to see the accident',accident,-9.861762046813965
49,'I was impressed by how much he published',published,-10.09209156036377
50,'Ken built his new house on a quiet farm',farm,-6.26329231262207
51,'She was having a hard time because she didn't know the story',story,-8.248039245605469
52,'When she got there she found that most of the people were gone',gone,-12.114213943481445
53,'The teacher saw that some students were cheating and wrote down their grades',grades,-8.844861030578613
54,'Peter painted the walls of the bird exhibit light blue to resemble the sky',sky,-4.201902866363525
55,'The hikers wanted to camp close to the river',river,-7.7671918869018555
57,'The white gull dove down and caught a draft',draft,-7.152096748352051
58,'When George couldn't get into his car, he got down on one knee and reached under the bumper for the spare cash',cash,-8.583734512329102
59,'On hot days, many people sun themselves on the roof',roof,-8.793002128601074
60,'As soon as they reached the sand he stopped to take off his watch',watch,-6.8077712059021
61,'The sewer backed up and caused a stink',stink,-5.594532012939453
62,'After the hurricane, the area around the window was filled with broken glass',glass,-9.124110221862793
63,'She dropped the glass and woke up the baby',baby,-7.257347106933594
64,'When Drew arrived unexpectedly at the restaurant, Laurie got him a chair from the adjacent patio',patio,-11.440567016601562
66,'The luggage handler seemed to take great delight in tossing the boxes marked Ohio',Ohio,-7.578545570373535
67,'Mr. Smith enjoyed showing people his newly installed stereo',stereo,-7.767063140869141
68,'Every day, rain or shine, the joggers ran up and down the hill',hill,-5.735136985778809
69,'Our government was secretly supplying the rebels with arms and ships',ships,-5.383906364440918
70,'George must keep his pet on a leash',leash,-7.017307758331299
71,'When she came back from the restroom she found him in deep conversation with a guard',guard,-4.796960830688477
72,'That ramp has been closed for construction for several days',days,-12.25270938873291
73,'The man who was carried into the emergency room had been stabbed in a fight',fight,-5.964335918426514
74,'After dinner, they spent a long time over coffee just staring',staring,-10.075718879699707
75,'Rachel loves the smell of tobacco but she can't stand all the smoke',smoke,-7.163358688354492
76,'As usual, he didn't do well because he had not prepared his plan',plan,-10.296835899353027
77,'I could not remember his name',name,-10.712159156799316
78,'The officials tried to evacuate everyone from the area before the explosion',explosion,-11.357410430908203
80,'Sharon dried the bowls with a towel',towel,-1.4116915464401245
81,'The little girl refused to go to sleep until he told her a story',story,-5.6469550132751465
82,'Seth was uneasy because he had never liked to lie',lie,-7.688000679016113
83,'He bought her a pearl necklace for her birthday',birthday,-8.573596954345703
84,'Tracy and her husband weren't Catholic, but she was glad when the priest warmly welcomed their three children',children,-12.491617202758789
85,'Kim was relieved to see that ample food had been made for the hungry',hungry,-8.867989540100098
87,'He grew corn to feed his children',children,-6.919825553894043
88,'They stood on the bridge tossing stale bread to the ducks',ducks,-7.546038627624512
89,'The young boy asked for another drink',drink,-9.74650764465332
90,'Whether it is true or not, most women think that men don't know how to cook',cook,-7.83738374710083
91,'He looked worried because he might have broken his collection',collection,-7.019168853759766
92,'The queen waited patiently for the man to crack',crack,-12.592130661010742
93,'Larry chose not to join the army',army,-8.357754707336426
94,'Most shark attacks occur very close to winter',winter,-10.9556245803833
95,'You can't open the door with the wrong key',key,-6.415742874145508
96,'He positioned the violin under his chair',chair,-6.1302289962768555
97,'The two hold-up men carried guns but didn't shoot',shoot,-11.030835151672363
98,'Joe went to the hardware store and bought a replacement window at twice the original thickness',thickness,-9.096672058105469
99,'As a punishment, his parents immediately took away his toys',toys,-6.531826496124268
100,'They were surprised that Jack thought that it was funny',funny,-6.402818202972412
101,'It was time to hang the new pictures',pictures,-7.983925819396973
102,'At night the old woman locked the refrigerator',refrigerator,-11.891985893249512
103,'Marsha wasn't worried about dinner because she knew the guests could remain eating appetizers for at least another hour',hour,-10.758716583251953
104,'In his day, that old guy was one of the best athletes',athletes,-13.233187675476074
105,'Cold damp weather makes her joints ache so she's been taking a lot of aspirin for the race',race,-8.14503288269043
106,'It's hard to admit when one is scared',scared,-7.9033026695251465
107,'There was a moth caught in the light',light,-8.650629043579102
108,'All of their friends have noted that Joe and his wife are always late',late,-5.115057468414307
109,'Rushing out he forgot to take his keys',keys,-13.981369972229004
110,'Rafael wants to preserve the national forest by guarding every tree',tree,-5.118105888366699
111,'The exit was marked by a large sign',sign,-5.601548194885254
112,'The piano was out of place',place,-10.869542121887207
113,'They decided to buy a small place and build an addition with two more rooms',rooms,-8.005035400390625
114,'He really wanted to go, but decided to stay home to wait for the timer',timer,-3.3046622276306152
115,'As a reminder of his cat's first bath, he had a scratch on his arm',arm,-5.096848487854004
116,'They raised pigs on their farm',farm,-4.025180816650391
117,'Although she heard it ringing, Nancy was too busy cleaning the chimney to get the phone',phone,-9.749567985534668
118,'Most of the trees died after last year's drought',drought,-7.381622314453125
119,'She decided to start a new diet',diet,-5.324660778045654
120,'He was so busy and overwhelmed that he had forgotten to respond to the card',card,-6.57250452041626
121,'Alfonso has started biking to work instead of driving his friends',friends,-7.092761516571045
122,'Paul painted the clown's suit blue and gave him a big red nose',nose,-6.731889724731445
123,'Most kids think that adults are old',old,-8.643089294433594
124,'He wrote himself a note so that he wouldn't forget',forget,-13.98882007598877
125,'She wished she had brought something to eat',eat,-11.496756553649902
126,'All of her neighbors thought the old woman was a witch',witch,-7.003129005432129
127,'Richard was afraid to walk near the edge of the cliff because he was afraid he would fall',fall,-12.681817054748535
128,'He knew that he could call Chris even if it was the middle of the night',night,-9.984940528869629
129,'She took the baby out when he started to cry and had to miss the rest of the game',game,-5.253528594970703
130,'Nora couldn't take the message because she didn't have a pencil or a piece of chalk',chalk,-12.620820045471191
131,'They carelessly dumped the toxic waste into the trunk',trunk,-4.021864414215088
132,'She cleaned the dirt from her shoes',shoes,-9.362014770507812
133,'Simon thinks it's ok to listen to loud music even if the door to his bedroom is broken',broken,-14.26294994354248
134,'The problem with Christine is that she can't take a joke',joke,-10.749770164489746
135,'He drove the nail into the wood',wood,-7.522454261779785
136,'They waited a long time to see the show',show,-7.868425369262695
137,'Ron bought a board for the window that was too long and then he bought one that was too ugly',ugly,-14.0880708694458
139,'The lady felt proud to look at her meal',meal,-6.027538776397705
140,'The last thing they were expecting on their wedding day was a raging panic',panic,-8.090084075927734
141,'He mailed the letter without a hesitation',hesitation,-7.070347309112549
142,'The only food in the refrigerator was a moldy sandwich',sandwich,-2.49735689163208
143,'As a child he used to collect stamps',stamps,-7.665892124176025
144,'The squirrel stored some nuts in the basement',basement,-4.281561851501465
145,'Every winter you see the Hernandez house and its huge chimney with puffs of billowing snow',snow,-9.536825180053711
146,'The rude waiter was not given a tray',tray,-8.115130424499512
147,'When you go to bed turn off the sarcasm',sarcasm,-9.529728889465332
148,'You could tell from the way he reacted that he did not like vomit',vomit,-8.619773864746094
149,'He fell on the floor after tripping on the log',log,-6.996948719024658
150,'She was glad she had brought a good book with her since there was nothing to read at the office',office,-8.524086952209473
151,'He tried to put the pieces of the broken plate back together with care',care,-2.846526622772217
152,'They went to see the famous clock',clock,-9.012712478637695
153,'The Italian chef was known for his fabulous pasta',pasta,-5.030450820922852
154,'While the national anthem is played, everyone is expected to behave',behave,-10.02408504486084
155,'Although John felt some remorse he decided to return the money',money,-9.148914337158203
156,'None of his books made any fans',fans,-5.927344799041748
157,'They both have jobs but they get some extra income by raising chickens',chickens,-10.282575607299805
158,'It was important to be on time',time,-8.171545028686523
159,'The last thing he expected was to have such a blast',blast,-5.421671390533447
160,'No matter how hard she tried, she could not remember the suggestions',suggestions,-10.71272087097168
161,'Don't touch the wet clothes',clothes,-8.823731422424316
162,'The construction worker had developed very powerful arms from unloading bags of cement from the truck',truck,-5.78353214263916
164,'No one wanted to make any decisions until after the trial',trial,-7.357532978057861
165,'I couldn't go, so I sent my secretary to the lawyers to pick up the papers',papers,-12.85366153717041
166,'They had to shampoo the new beige rug after the accident with the wine',wine,-6.490653038024902
167,'In the mysterious wooden box the girl found a doll',doll,-3.2150638103485107
168,'The shirt was stained with sauce',sauce,-2.5593905448913574
169,'Cindy taught her two-year old that the pictures are square and that the plates are white',white,-8.776351928710938
170,'At first the woman refused, but eventually she changed her medication',medication,-7.299131870269775
171,'The little puppy grew up to be a huge responsibility',responsibility,-9.876819610595703
172,'He made a holster for his gun',gun,-7.232861518859863
173,'He quit his job and left his family so that he could sail around the world',world,-13.224422454833984
176,'Quite predictably, the first thing the doctor asked for was a cast',cast,-2.743828773498535
177,'He crept into the room without a sound',sound,-8.700977325439453
178,'The rules did not allow visitors to feed the animals',animals,-7.830955505371094
179,'The fertilizer enriched the soil',soil,-6.116151809692383
180,'Joan fed her baby some warm peas',peas,-4.544475555419922
181,'After two hours of hard work they decided to take a short break',break,-7.289048671722412
182,'They installed an extremely expensive alarm system to protect their home',home,-6.248249053955078
183,'She was quite surprised that Bill didn't keep his secret',secret,-6.201108932495117
184,'She helped him put the finishing touches on the painting',painting,-9.138008117675781
185,'I sat far off to the side of the auditorium and my line of sight was blocked by a pillar',pillar,-5.460214614868164
186,'His skin was red from spending the day at the beach',beach,-7.169510841369629
187,'The journalist reported that many collapsed during the praying',praying,-9.162120819091797
188,'He slipped and fell on the rock',rock,-9.900651931762695
189,'The person who caught the thief deserves our loyalty',loyalty,-8.98767375946045
190,'It was difficult to decide which bills to pay and which to ignore',ignore,-15.072751998901367
191,'The cigar stank and burned a hole in the couch',couch,-7.0418620109558105
192,'It was a dream come true because Jane had always wanted to visit Europe with her father',father,-12.011110305786133
193,'One thing the old man lacked was confidence',confidence,-7.609719276428223
194,'I started to put new plants in my garden but ran out of room',room,-5.566404819488525
195,'The boys played marbles and the girls jumped together',together,-3.658480167388916
196,'Our guests should be arriving soon',soon,-9.087485313415527
197,'He was cold most of the night and finally got up to get another blanket',blanket,-7.201891899108887
198,'Will played his stereo much too loud',loud,-9.850839614868164
199,'After dinner they washed the dog',dog,-6.311455726623535
200,'He always seemed to be interested in looking at the tattoos',tattoos,-9.16931438446045
201,'She was docked one hour's pay for coming to work late',late,-6.245367050170898
202,'The wealthy couple's three little girls enjoyed playing together in the pool',pool,-7.459678649902344
203,'Esther didn't think the sword was that dangerous because it wasn't very sharp',sharp,-8.87073040008545
204,'Tricia had never seen a spider get tangled up in its own web',web,-12.559603691101074
205,'Everyone was honking at the old man who was driving too slowly',slowly,-5.816269874572754
206,'He hated to move, but Richard wanted to live closer to his parents',parents,-9.40881061553955
207,'Before going out on the open seas they always checked the weather',weather,-9.172550201416016
208,'The university wouldn't let him register until he paid the overdue fines on the borrowed books',books,-4.945609092712402
209,'He was packing his books and moving to a new office',office,-8.142767906188965
210,'The truck that Dave drove crashed into the tree',tree,-6.135137557983398
211,'At the park next to the beach she saw a man with a balloon',balloon,-3.840073585510254
212,'The ship disappeared into the thick smoke',smoke,-6.194119930267334
215,'After the long day at work, he lay down on the couch',couch,-10.360424041748047
216,'The technician never comes to work before noon',noon,-6.04485559463501
217,'He was knocked off his surfboard by the first bully',bully,-7.621908664703369
218,'It is not legal for an employer to consider a person's attitude',attitude,-8.76607894897461
219,'Bill jumped in the lake and made a big commotion',commotion,-11.129395484924316
220,'Joy was too frightened to look',look,-12.618147850036621
221,'The police had never seen a man so drunk',drunk,-11.915688514709473
222,'He liked lemon and sugar in his tea',tea,-4.281594276428223
223,'The papers were sorted into piles of varying sizes',sizes,-8.561046600341797
224,'The dispute was settled by a third party',party,-5.15391731262207
225,'Since the water was unsafe they decided to drink scotch',scotch,-10.155080795288086
226,'They left the dirty dishes in the sink',sink,-5.960517883300781
227,'Nicole could not read very well without her glasses',glasses,-11.393509864807129
228,'During years of drudgery, the man had derived comfort from a single song',song,-4.612089157104492
229,'There were brightly colored pictures on every wall',wall,-3.554910182952881
230,'Whatever he did it was unusual for him to be erratic',erratic,-5.784628868103027
231,'You could tell he had grown up in the South by his truck',truck,-4.96611213684082
232,'Father carved the turkey with a smile',smile,-4.322060585021973
233,'Cathy worked overtime to finish her work',work,-7.984219074249268
234,'She had to leave the movie when the baby started to cry',cry,-11.692319869995117
235,'His ring fell into a hole in the couch',couch,-6.626461029052734
236,'Helen reached up to dust the dresser',dresser,-5.3431830406188965
237,'The children went outside to play',play,-6.809365749359131
238,'She bought several colorful postcards to send to her family',family,-8.787120819091797
239,'Sam could not believe her story was true',true,-12.064030647277832
240,'The cat was curled up in Jill's lap',lap,-10.837170600891113
241,'No one at the reunion recognized Dan because he had grown a foot',foot,-9.648761749267578
243,'In the distance they heard the sigh',sigh,-4.107831001281738
244,'He smiled nervously as he searched through his pockets for a key',key,-7.6502604484558105
245,'She wanted a roommate who would be quiet and clean',clean,-9.110451698303223
246,'Within minutes of arriving at the office, the detective spilled his thermos full of coffee',coffee,-3.6727328300476074
247,'The manila folder that contained her manuscript had been stolen',stolen,-9.815729141235352
248,'The surface of the water was nice and cold',cold,-6.912003517150879
249,'Sandy always wished that she had had a dog',dog,-5.414340496063232
250,'The candidate had spent most of his funds on drugs',drugs,-8.15261459350586
253,'Every year he takes a vacation in Hawaii',Hawaii,-8.16969108581543
254,'Their picnic was ruined by the bees',bees,-6.489662170410156
255,'The schools closed down because the teachers decided to go on strike',strike,-7.7679643630981445
256,'After realizing he forgot utensils for his salad, the doctor went back to get himself a napkin',napkin,-4.343997955322266
257,'Mike felt sorry, but it was not his car',car,-7.050455570220947
258,'His boss refused to give him a raise',raise,-10.823402404785156
260,'She finished the second load of laundry and started to scream',scream,-12.398913383483887
261,'The peaches she had bought at the market were very ripe and juicy',juicy,-10.352706909179688
262,'He was grouchy because he was having trouble with his homework',homework,-5.138369560241699
263,'Steve spilled coffee all over his clean white shirt',shirt,-4.804257392883301
264,'The county decided to tear down the gas station by the dock',dock,-4.539872169494629
265,'It's raining, and I forgot my coat, hat, and umbrella',umbrella,-11.46825122833252
266,'Keith read a story to his little girl but after only a short time she started to get sleepy',sleepy,-10.719914436340332
267,'The child was born with a rare gift',gift,-2.8668389320373535
268,'When the two met, one of them held out his badge',badge,-8.01378345489502
269,'Mary went into her room to look at her clothes',clothes,-6.274260520935059
270,'I had lost the ticket I needed to pick up my glasses',glasses,-11.752099990844727
271,'The Vietnam vet had received the Purple Heart, and when he took off his shirt you could see all of his scars',scars,-9.206328392028809
273,'He shouted at the top of his staircase',staircase,-3.6783227920532227
275,'A dog has a good sense of smell',smell,-5.629251480102539
276,'The newspaper review recommended the film, and the lead actor was praised for being very good',good,-8.732501983642578
277,'Maria remembered to shut the front window and lock the back door',door,-6.028721332550049
279,'There were a lot of old boxes stored in the attic',attic,-5.7502121925354
280,'Every morning before school his mother laid out his clothes and packed his clarinet',clarinet,-12.5792236328125
281,'Most people spend December 25th with their presents',presents,-6.612378120422363
282,'Shuffle the cards before you deal',deal,-10.600963592529297
283,'The county decided to tear down the gas station by the park',park,-7.228241443634033
284,'The long test left the class tired',tired,-7.314480781555176
285,'Most men cannot understand why women wear underwear',underwear,-2.1550469398498535
286,'Cats loved to be scratched behind the ears',ears,-14.025121688842773
287,'She thought she had seen a ship',ship,-7.709214687347412
288,'She pulled her head out from under the faucet and reached for a towel',towel,-1.8882876634597778
289,'The tenants decided to take their landlord to court',court,-10.99018383026123
290,'In caring for hospitalized patients, a doctor often needs the help of a drug',drug,-7.920226573944092
291,'I was finally able to make an appointment for the doctor',doctor,-8.034255981445312
292,'He was soothed by the gentle medication',medication,-5.559395790100098
293,'When the power went out the house became cold',cold,-9.494807243347168
294,'The death of his dog was a great tragedy',tragedy,-5.044970512390137
295,'He scraped the cold food from his plate',plate,-6.585092067718506
296,'The prisoners were planning their escape',escape,-6.368284225463867
297,'I didn't like the show so I changed the cast',cast,-8.771018028259277
298,'I added my name to the list',list,-7.45026159286499
299,'While skiing, Randy broke his glasses',glasses,-7.044002056121826
300,'He decided to travel in Iran even though he knew it could be expensive',expensive,-7.964818477630615
301,'Their picnic was ruined by the rain',rain,-7.3233323097229
302,'Giraffes are known for their long necks and zebras for their stripes',stripes,-2.0610687732696533
303,'The approaching storm made the air very cold',cold,-6.437285423278809
304,'The baby cried and upset her mother',mother,-9.061456680297852
305,'She couldn't find anything she wanted to do',do,-10.027844429016113
306,'Although Jan was usually careful she had forgotten to turn off the stove',stove,-4.334985733032227
307,'She wore heavy wool socks and her sturdiest boots to go walking in the snow',snow,-8.29806137084961
308,'I think that my stockbroker is a pill',pill,-3.138841152191162
309,'A dog has a good sense of loyalty',loyalty,-6.832762718200684
310,'As the weather got warmer, Mark started wearing his lighter jacket instead of his heavy winter coat',coat,-5.6322174072265625
311,'Although this film was an exception, she generally went to see movies that were long',long,-8.715909957885742
313,'The bad boy was sent to his room',room,-11.318225860595703
314,'Liz and Marie sat at the conference table and discussed the topic for the next meeting',meeting,-5.032983779907227
315,'Ruby's grandchildren hired a live-in nurse because they thought she was too old to live alone',alone,-4.639489650726318
316,'Be careful because the top of the stove is very hot',hot,-4.8787055015563965
317,'Every morning Susan braids her little girl's hair then helps her dress for school',school,-5.565686225891113
319,'It didn't get completed because he could not locate the right tools',tools,-9.091533660888672
320,'John swept the floor with a flourish',flourish,-4.009029388427734
321,'The schools closed down because the teachers decided to go on praying',praying,-10.65146255493164
322,'They saw the lightening and heard the screams',screams,-9.52973747253418
323,'It was a very exciting story because the last thing you would expect them to do was die',die,-11.496018409729004
325,'The man could not believe that they were all staring',staring,-10.498048782348633
326,'I just had a new sound system installed in my office',office,-5.45123291015625
327,'The cows moved from the sun into the mud',mud,-4.687564849853516
328,'The old woman was the only one to see the hesitation',hesitation,-7.039703369140625
329,'I was impressed by how much he knew',knew,-10.799290657043457
330,'Ken built his new house on a quiet hill',hill,-7.078524589538574
331,'When she got there she found that most of the people were white',white,-11.28754711151123
332,'The teacher saw that some students were cheating and wrote down their names',names,-8.216797828674316
335,'Each night the campers built a huge fire',fire,-8.84597396850586
336,'The white gull dove down and caught a fish',fish,-4.008106231689453
337,'When George couldn't get into his car, he got down on one knee and reached under the bumper for the spare key',key,-5.110795974731445
338,'The other driver was so angry he threatened him with a gun',gun,-6.8378801345825195
339,'On hot days, many people sun themselves on the beach',beach,-9.115714073181152
340,'As soon as they reached the sand he stopped to take off his shoes',shoes,-9.981880187988281
341,'The sewer backed up and caused a flood',flood,-4.645748138427734
342,'After the hurricane, the area around the window was filled with broken toys',toys,-6.156501293182373
343,'She dropped the glass and woke up the bully',bully,-8.477051734924316
344,'Every year he takes a vacation in Ohio',Ohio,-7.262428283691406
345,'When Drew arrived unexpectedly at the restaurant, Laurie got him a chair from the adjacent table',table,-3.0562338829040527
346,'The luggage handler seemed to take great delight in tossing the boxes marked fragile',fragile,-6.097650527954102
347,'Mr. Smith enjoyed showing people his newly installed refrigerator',refrigerator,-8.255181312561035
348,'Every day, rain or shine, the joggers ran up and down the staircase',staircase,-6.936098575592041
349,'Our government was secretly supplying the rebels with arms and money',money,-6.543577194213867
350,'George must keep his pet on a diet',diet,-1.5356357097625732
351,'When she came back from the restroom she found him in deep conversation with a friend',friend,-8.970821380615234
352,'That ramp has been closed for construction for several feet',feet,-11.074338912963867
353,'The man who was carried into the emergency room had been stabbed in a car',car,-10.2058744430542
354,'After dinner, they spent a long time over coffee just talking',talking,-12.917280197143555
355,'Rachel loves the smell of tobacco but she can't stand all the lectures',lectures,-9.574094772338867
356,'As usual, he didn't do well because he had not prepared his speech',speech,-9.941376686096191
357,'I could not remember his song',song,-7.400856018066406
358,'The officials tried to evacuate everyone from the area before the race',race,-6.241196632385254
359,'I had lost the ticket I needed to pick up my clothes',clothes,-10.118521690368652
360,'Before she arrived he opened a bottle of wine and put on some soft music',music,-5.953525066375732
361,'Sharon dried the bowls with a sigh',sigh,-2.348029613494873
362,'The little girl refused to go to sleep until he told her a secret',secret,-2.326479434967041
363,'Seth was uneasy because he had never liked to phone',phone,-9.262791633605957
364,'He bought her a pearl necklace for her collection',collection,-1.5459474325180054
365,'Tracy and her husband weren't Catholic, but she was glad when the priest warmly welcomed their three suggestions',suggestions,-14.765028953552246
366,'Kim was relieved to see that ample food had been made for the party',party,-5.829147815704346
367,'Phil put some drops in his eyes',eyes,-10.592324256896973
368,'They stood on the bridge tossing stale bread to the dogs',dogs,-4.884380340576172
369,'The young boy asked for another cookie',cookie,-4.847182750701904
370,'Whether it is true or not, most women think that men don't know how to care',care,-9.014777183532715
371,'The queen waited patiently for the man to bow',bow,-10.547204971313477
372,'Larry chose not to join the party',party,-4.60603141784668
373,'Most shark attacks occur very close to shore',shore,-4.3421502113342285
374,'The two hold-up men carried guns but didn't panic',panic,-8.76872730255127
375,'Joe went to the hardware store and bought a replacement window at twice the original price',price,-8.71008586883545
376,'The Vietnam vet had received the Purple Heart, and when he took off his shirt you could see all of his tattoos',tattoos,-10.227693557739258
377,'There were a lot of old boxes stored in the basement',basement,-3.377227306365967
378,'Most people spend December 25th with their family',family,-6.5477166175842285
379,'He was grouchy because he was having trouble with his clarinet',clarinet,-4.739709854125977
380,'They were surprised that Jack thought that it was chalk',chalk,-2.875170946121216
381,'They rested under a tree in the shade',shade,-4.548476219177246
382,'At night the old woman locked the door',door,-7.174262523651123
383,'Marsha wasn't worried about dinner because she knew the guests could remain eating appetizers for at least another story',story,-11.573792457580566
385,'Cold damp weather makes her joints ache so she's been taking a lot of aspirin for the pain',pain,-5.564046859741211
386,'Maria remembered to shut the front window and lock the back room',room,-12.976675987243652
387,'It's hard to admit when one is wrong',wrong,-4.521181106567383
388,'All of their friends have noted that Joe and his wife are always together',together,-4.034435749053955
389,'The peaches she had bought at the market were very ripe and dirty',dirty,-6.802116394042969
390,'Rushing out he forgot to take his camera',camera,-8.647165298461914
392,'The piano was out of tune',tune,-13.552528381347656
394,'He really wanted to go, but decided to stay home to wait for the mail',mail,-8.20208740234375
395,'As a reminder of his cat's first bath, he had a scratch on his stomach',stomach,-7.22050666809082
396,'They raised pigs on their own',own,-9.624370574951172
397,'Although she heard it ringing, Nancy was too busy cleaning the chimney to get the timer',timer,-11.643364906311035
398,'Most of the trees died after last year's winter',winter,-8.955836296081543
399,'After realizing he forgot utensils for his salad, the doctor went back to get himself a fork',fork,-8.55198860168457
400,'She decided to start a new life',life,-8.619296073913574
401,'He was so busy and overwhelmed that he had forgotten to respond to the question',question,-8.558809280395508
402,'Alfonso has started biking to work instead of driving his car',car,-8.398118019104004
403,'Paul painted the clown's suit blue and gave him a big red balloon',balloon,-2.2451157569885254
404,'Most kids think that adults are bitter',bitter,-6.514436721801758
407,'All of her neighbors thought the old woman was a success',success,-10.017295837402344
408,'Richard was afraid to walk near the edge of the cliff because he was afraid he would vomit',vomit,-3.4241719245910645
409,'He knew that he could call Chris even if it was the middle of the game',game,-6.38054084777832
410,'She took the baby out when he started to cry and had to miss the rest of the movie',movie,-5.578759670257568
411,'Nora couldn't take the message because she didn't have a pencil or a piece of paper',paper,-10.659822463989258
412,'They carelessly dumped the toxic waste into the ocean',ocean,-3.5562877655029297
414,'The problem with Christine is that she can't take a test',test,-4.438538551330566
415,'He drove the nail into the roof',roof,-5.456058025360107
416,'They waited a long time to see the grades',grades,-4.683314800262451
417,'Ron bought a board for the window that was too long and then he bought one that was too short',short,-9.985556602478027
418,'Pam did not have any clothes to wear',wear,-11.0560302734375
419,'The lady felt proud to look at her daughter',daughter,-7.956782817840576
420,'The last thing they were expecting on their wedding day was a raging storm',storm,-5.582810401916504
421,'He mailed the letter without a stamp',stamp,-3.975888729095459
422,'The only food in the refrigerator was a moldy pea',pea,-5.408995628356934
424,'The squirrel stored some nuts in the tree',tree,-7.8633880615234375
425,'Every winter you see the Hernandez house and its huge chimney with puffs of billowing smoke',smoke,-8.760232925415039
426,'The rude waiter was not given a tip',tip,-4.01408576965332
427,'When you go to bed turn off the lights',lights,-7.653345108032227
428,'He fell on the floor after tripping on the crack',crack,-5.612008094787598
429,'She was glad she had brought a good book with her since there was nothing to read at the place',place,-7.35832405090332
430,'He tried to put the pieces of the broken plate back together with glue',glue,-8.294702529907227
431,'They went to see the famous actor',actor,-8.475736618041992
432,'The Italian chef was known for his fabulous smile',smile,-2.8593156337738037
433,'None of his books made any sense',sense,-10.127960205078125
434,'They both have jobs but they get some extra income by raising bees',bees,-8.370683670043945
435,'It was important to be on guard',guard,-7.488620758056641
436,'The last thing he expected was to have such a commotion',commotion,-13.022847175598145
437,'No matter how hard she tried, she could not remember the name',name,-9.446085929870605
438,'Don't touch the wet paint',paint,-7.227077484130859
439,'No one wanted to make any decisions until after the game',game,-7.011787414550781
440,'I couldn't go, so I sent my secretary to the lawyers to pick up the cash',cash,-9.84673023223877
441,'They had to shampoo the new beige rug after the accident with the tray',tray,-1.9888657331466675
442,'In the mysterious wooden box the girl found a ring',ring,-4.489655494689941
443,'Mary went into her room to look at her gift',gift,-8.585830688476562
444,'Cindy taught her two-year old that the pictures are square and that the plates are round',round,-8.807653427124023
445,'The child was born with a rare disease',disease,-5.7165446281433105
446,'At first the woman refused, but eventually she changed her mind',mind,-9.443845748901367
447,'The little puppy grew up to be a huge dog',dog,-4.805570125579834
448,'He made a holster for his father',father,-9.304853439331055
449,'He quit his job and left his family so that he could sail around the clock',clock,-10.480656623840332
450,'The young couple reluctantly ordered new furniture',furniture,-5.430254936218262
451,'She left the tiny baby alone in the basket',basket,-8.839173316955566
453,'He crept into the room without a plan',plan,-8.158574104309082
454,'The rules did not allow visitors to feed the children',children,-7.166755676269531
455,'The fertilizer enriched the stink',stink,-9.454804420471191
456,'Joan fed her baby some warm milk',milk,-6.666169166564941
458,'She was quite surprised that Bill didn't keep his promise',promise,-9.243650436401367
459,'She helped him put the finishing touches on the presents',presents,-7.54917049407959
460,'I sat far off to the side of the auditorium and my line of sight was blocked by a chair',chair,-4.090824127197266
461,'His skin was red from spending the day at the farm',farm,-7.252192497253418
462,'The journalist reported that many collapsed during the earthquake',earthquake,-5.849655628204346
463,'The person who caught the thief deserves our reward',reward,-6.78488302230835
465,'It was a dream come true because Jane had always wanted to visit Europe with her boyfriend',boyfriend,-9.301998138427734
466,'The boys played marbles and the girls jumped rope',rope,-6.264894485473633
467,'Our guests should be arriving hungry',hungry,-10.877232551574707
468,'Will played his stereo much too late',late,-9.247486114501953
469,'When the two met, one of them held out his hand',hand,-8.175596237182617
470,'After dinner they washed the dishes',dishes,-5.589953422546387
471,'He always seemed to be interested in looking at the sky',sky,-7.855941295623779
473,'Keith read a story to his little girl but after only a short time she started to get scared',scared,-6.480374813079834
474,'The wealthy couple's three little girls enjoyed playing together in the snow',snow,-7.0929789543151855
475,'Mike felt sorry, but it was not his fault',fault,-8.19959545135498
476,'He shouted at the top of his lungs',lungs,-19.633777618408203
477,'Esther didn't think the sword was that dangerous because it wasn't very heavy',heavy,-10.128361701965332
478,'Tricia had never seen a spider get tangled up in its own meal',meal,-11.387004852294922
479,'He hated to move, but Richard wanted to live closer to his friends',friends,-8.291525840759277
480,'Before going out on the open seas they always checked the speed',speed,-8.965104103088379
482,'He was packing his books and moving to a new place',place,-9.658088684082031
483,'The truck that Dave drove crashed into the patio',patio,-7.566065788269043
484,'The newspaper review recommended the film, and the lead actor was praised for being very together',together,-2.418224811553955
485,'It's raining, and I forgot my coat, hat, and keys',keys,-11.681788444519043
486,'The ship disappeared into the thick fog',fog,-7.940213680267334
487,'They decided to declaw the cat so he wouldn't tear up the couch',couch,-8.946708679199219
489,'After the long day at work, he lay down on the floor',floor,-10.612425804138184
490,'The technician never comes to work before breakfast',breakfast,-8.276945114135742
491,'He was knocked off his surfboard by the first wave',wave,-1.8535476922988892
492,'It is not legal for an employer to consider a person's race',race,-7.816188335418701
493,'Bill jumped in the lake and made a big splash',splash,-0.9010326862335205
494,'Joy was too frightened to move',move,-9.320599555969238
495,'The police had never seen a man so ugly',ugly,-12.927899360656738
496,'He liked lemon and sugar in his sauce',sauce,-3.2292282581329346
497,'The papers were sorted into piles of varying thickness',thickness,-10.823123931884766
498,'The dispute was settled by a third trial',trial,-7.085944175720215
499,'Since the water was unsafe they decided to drink soda',soda,-6.063070297241211
500,'They left the dirty dishes in the trunk',trunk,-3.535510540008545
501,'Nicole could not read very well without her dictionary',dictionary,-6.8736186027526855
502,'There were brightly colored pictures on every card',card,-5.669426918029785
503,'Whatever he did it was unusual for him to be late',late,-3.931013584136963
504,'You could tell he had grown up in the South by his accent',accent,-10.468486785888672
505,'Every morning before school his mother laid out his clothes and packed his lunch',lunch,-5.092382431030273
506,'Father carved the turkey with a knife',knife,-2.8599815368652344
507,'They had to drive for another hour before finding a place to eat',eat,-10.229598045349121
508,'Cathy worked overtime to finish her responsibility',responsibility,-9.097040176391602
509,'His ring fell into a hole in the sink',sink,-8.027612686157227
510,'The children went outside to look',look,-12.976384162902832
511,'Sam could not believe her story was published',published,-9.597311019897461
513,'No one at the reunion recognized Dan because he had grown a beard',beard,-5.513490200042725
514,'He had just enough time to buy a cake from the store and change his clothes before the guests arrived',arrived,-9.348448753356934
515,'In the distance they heard the sound',sound,-12.487144470214844
516,'He smiled nervously as he searched through his pockets for a quarter',quarter,-4.52396821975708
517,'She wanted a roommate who would be quiet and behave',behave,-10.8618745803833
518,'Within minutes of arriving at the office, the detective spilled his thermos full of scotch',scotch,-5.126311779022217
519,'The surface of the water was nice and smooth',smooth,-5.970874309539795
520,'Sandy always wished that she had had a badge',badge,-5.789525032043457
521,'The candidate had spent most of his funds on campaigning',campaigning,-8.21084213256836
522,'She had to leave the movie when the baby started to smell',smell,-10.863621711730957
523,'We followed the path up the hill, and there under the tree was a collar',collar,-11.727302551269531
524,'During years of drudgery, the man had derived comfort from a single book',book,-5.59870719909668
525,'He slipped and fell on the floor',floor,-8.8164644241333
526,'You can't open the door with the wrong attitude',attitude,-6.443363666534424
527,'You could tell from the way he reacted that he did not like her',her,-9.287203788757324
528,'I started to put new plants in my garden but ran out of soil',soil,-5.649873733520508
530,'While the national anthem is played, everyone is expected to stand',stand,-12.619251251220703
531,'One thing the old man lacked was sarcasm',sarcasm,-7.623170375823975
532,'As a punishment, his parents immediately took away his car',car,-12.058663368225098
533,'She was glad she had accompanied her friend because she was enjoying the party except for the smoke',smoke,-9.670341491699219
534,'Josie found she could not bend the elbow of her broken doll',doll,-3.956350803375244
535,'The exit was marked by a large rock',rock,-6.086646556854248
536,'His boss refused to give him a drink',drink,-8.915362358093262
537,'It was difficult to decide which bills to pay and which to forget',forget,-11.008768081665039
538,'Simon thinks it's ok to listen to loud music even if the door to his bedroom is open',open,-5.523454666137695
539,'He grew corn to feed his chickens',chickens,-10.063627243041992
540,'It was time to hang the new clothes',clothes,-7.708764553070068
541,'Although John felt some remorse he decided to return the watch',watch,-14.429815292358398
542,'Helen reached up to dust the shelf',shelf,-8.645670890808105
543,'The shirt was stained with blood',blood,-4.840790748596191
544,'There was a moth caught in the draft',draft,-8.038345336914062
545,'The groom took the bride's hand and placed the ring on her dresser',dresser,-9.596741676330566
546,'He put a clean sheet on the bed',bed,-4.5991315841674805
547,'He looked worried because he might have broken his arm',arm,-8.021843910217285
548,'She was having a hard time because she didn't know the answer',answer,-11.226930618286133
549,'She bought several colorful postcards to send to her fans',fans,-8.072543144226074
550,'He positioned the violin under his chin',chin,-8.678988456726074
551,'He was cold most of the night and finally got up to get another log',log,-6.13169527053833
552,'The construction worker had developed very powerful arms from unloading bags of cement from the dock',dock,-7.279801368713379
553,'Tim's friend pushed him into a pool',pool,-4.51483678817749
554,'It was drafty because of the cold air leaking in through the front door and all the side windows',windows,-4.4124627113342285
555,'He settled for California champagne because the imported stuff was too expensive',expensive,-9.232650756835938
556,'The breeze lifted the leaves',leaves,-8.073262214660645
557,'The jeweler was asked if he would examine the ring's huge crack',crack,-4.944815635681152
558,'She finished the second load of laundry and started to fold',fold,-10.691436767578125
559,'Tim threw a rock and broke the window',window,-5.069462776184082
560,'They installed an extremely expensive alarm system to protect their truck',truck,-5.1146039962768555
561,'Steve spilled coffee all over his clean white couch',couch,-6.476493835449219
562,'At the park next to the beach she saw a man with a dog',dog,-3.861345052719116
563,'The manila folder that contained her manuscript had been broken',broken,-16.494121551513672
564,'He decided to travel in Iran even though he knew it could be dangerous',dangerous,-8.621856689453125
565,'She called her husband at his work',work,-9.304011344909668
566,'She found the steady drumming of rain on the roof very soothing',soothing,-8.50611686706543
567,'His ring fell into a dark hole in the sink',sink,-7.783586502075195
568,'Steve invited his girlfriend to a party',party,-4.6906046867370605
569,'The insurance company refused to pay the claim when they found out that he'd been lying',lying,-10.413647651672363
570,'Betsy could never tell a lie',lie,-7.360382080078125
571,'The bully punched him on the playground and broke his nose',nose,-4.715793132781982
572,'They stood with the others and chatted while waiting for the bus',bus,-4.535006999969482
573,'Next year my little son will be going to school',school,-8.112139701843262
574,'He decided to apply for a student loan',loan,-4.466245174407959
575,'My sister bought tickets for the opening show',show,-8.339492797851562
576,'He hated to move, but John wanted to live closer to his friends',friends,-8.577176094055176
577,'The papers were sorted into several piles of varying sizes',sizes,-7.866782188415527
578,'During the volley someone stepped on Joe's foot',foot,-5.017044544219971
579,'Jim was saving boxes for a friend who was moving',moving,-9.074654579162598
580,'He was tired and grouchy because he was having trouble with his homework',homework,-6.71001672744751
581,'He took the money from his leather wallet',wallet,-3.913381338119507
582,'Mrs. Stevens said that little Dennis was the loudest boy in the class',class,-3.3492236137390137
583,'She cleaned the sink with a sponge',sponge,-3.1332175731658936
584,'Since they saw that the water was unsafe they decided to drink soda',soda,-7.132841110229492
585,'Gary could absolutely not believe his son stole a car',car,-7.5513763427734375
586,'Ida wanted to sing folk songs at the picnic, so she brought her guitar',guitar,-9.289252281188965
587,'He finally bought some poison to kill the rats',rats,-9.15186882019043
588,'She was feeling quite cold so she put on her jacket',jacket,-4.048887729644775
589,'The final score of the game was tied',tied,-6.159542083740234
590,'They had been wandering in circles because nobody had a map',map,-7.708707332611084
591,'The man was caught selling an illegal drug',drug,-4.355228424072266
592,'Jenny boiled the eggs in water',water,-6.673537731170654
593,'The lawyer really feared that his client was guilty',guilty,-7.350493431091309
594,'At the park next to the beach she saw a man with a big dog',dog,-3.357499122619629
595,'The peaches she had bought at the market yesterday were very ripe and juicy',juicy,-10.320206642150879
596,'She was named after her mother',mother,-5.1326775550842285
597,'Bob thought the best time to talk to the priest would probably be on Sunday in church',church,-8.965662002563477
598,'The extremely long test left the class tired',tired,-8.488648414611816
599,'The lady felt very proud to look at her daughter',daughter,-7.982738971710205
600,'He was caught stealing a car',car,-6.934660911560059
601,'Upon locating the suspect, the detective left quickly and called the police',police,-7.680478572845459
602,'They took her car because he hated to drive in the rain',rain,-7.940252304077148
603,'The satellite orbited the earth',earth,-3.786957263946533
604,'They asked Dave to play tennis but he was too tired',tired,-9.567638397216797
605,'I couldn't go myself, so I sent my secretary to the lawyers to pick up the papers',papers,-13.303792953491211
606,'The bridesmaid had an ugly dress',dress,-6.694101810455322
607,'As reminder of his cat's first bath, he had a scratch on his arm',arm,-4.749081611633301
608,'Every month Rick had to clean his room',room,-10.048009872436523
609,'Every single day, rain or shine, the joggers ran up and down the hill',hill,-6.170619487762451
610,'His hands shook because he was very nervous',nervous,-8.091647148132324
611,'He always hid an extra set of keys under a mat',mat,-1.7997961044311523
612,'Her cold drink was served with a slice of lemon',lemon,-4.330463886260986
613,'Upon mother's strict orders, the cat's smelly litter box was kept in the garage',garage,-5.56644868850708
614,'Dillinger once robbed that store',store,-5.11764669418335
615,'She felt dinner would definitely not be complete unless she made dessert',dessert,-6.78519868850708
616,'They rested for a while under a tree in the shade',shade,-3.836726188659668
617,'He looked very worried because he might have broken his arm',arm,-7.647216796875
618,'Mary was excited to see if the new toy with the colored blocks and square buttons would make the child happy',happy,-12.606749534606934
619,'The car accident five years ago left an ugly scar on his face',face,-7.82795524597168
620,'They asked Dave to play tennis but he was too late',late,-7.032113075256348
621,'Gary could not believe his son stole a car',car,-7.741341590881348
622,'He always hid an extra set of keys under a bed',bed,-8.031092643737793
623,'She was feeling cold so she put on her jacket',jacket,-4.1665143966674805
624,'She called her husband at his spa',spa,-6.165607929229736
625,'Barry wisely chose to pay the bills',bills,-11.304256439208984
626,'Bob thought the best time to talk to the priest would probably be on Sunday in private',private,-8.121465682983398
627,'Jim was saving boxes for a friend who was recycling',recycling,-7.8424811363220215
628,'Randy froze when he saw a shadow at the end of the pier',pier,-8.555781364440918
629,'As reminder of his cat's first bath, he had a scratch on his stomach',stomach,-7.229081630706787
630,'Upon locating the suspect, the detective left quickly and called the father',father,-8.12642765045166
632,'Fred put the worm on the hook',hook,-7.113177299499512
633,'The airline had lost her business',business,-8.495512008666992
634,'Cats love to be scratched behind the ears',ears,-12.544927597045898
635,'Gary could not believe his son stole a peek',peek,-7.384072780609131
636,'He took the money from his leather coat',coat,-10.358482360839844
637,'She was feeling cold so she put on her furnace',furnace,-16.032739639282227
638,'Smith enjoyed showing people his newly installed stereo',stereo,-7.601860523223877
639,'Barry wisely chose to pay the mechanic',mechanic,-10.132400512695312
640,'He decided to apply for a student position',position,-9.380051612854004
641,'Steve invited his girlfriend to a church',church,-7.743525981903076
642,'Betsy could never tell a difference',difference,-9.792882919311523
643,'Fred put the worm on the leaf',leaf,-6.3099446296691895
644,'Ida wanted to sing folk songs at the picnic, so she brought her partner',partner,-10.694232940673828
645,'Cats love to be scratched behind the collar',collar,-12.114095687866211
646,'Smith enjoyed showing people his newly installed refrigerator',refrigerator,-8.786620140075684
647,'Every month Rick had to clean his teeth',teeth,-9.994234085083008
648,'Randy froze when he saw a shadow at the end of the hall',hall,-8.104011535644531
649,'Each night he built a huge fire',fire,-7.124264717102051
650,'The airline had lost her luggage',luggage,-6.67860746383667
651,'They had been wandering in circles because nobody had a light',light,-14.051779747009277
652,'They stood with the others and chatted while waiting for the doctor',doctor,-9.101998329162598
653,'She cleaned the sink with a solvent',solvent,-9.252449989318848
654,'They saw the lightning and heard the screams',screams,-9.326446533203125
655,'They saw the lightning and heard the thunder',thunder,-7.44734525680542
656,'The final score of the game was disputed',disputed,-7.322425365447998
657,'It is time to hang the new pictures',pictures,-6.171163558959961
658,'Every day, rain or shine, the jogger ran up and down the hill',hill,-6.150362968444824
659,'He returned the hole punch to the computer teacher',teacher,-11.00736141204834
660,'Rafael wants to preserve the national forest by guarding every cedar tree',tree,-5.081975936889648
661,'Jessie left without his toolbox or his packed keys',keys,-9.806737899780273
662,'The car accident five years ago left an ugly scar on his hairy face',face,-4.5829033851623535
663,'We sprayed the yard to keep away the nasty bugs',bugs,-8.335457801818848
664,'Gary could not believe his son stole that fast watch',watch,-8.685850143432617
665,'Although she heard it ringing, Nancy was too busy cleaning the chimney to get the cell phone',phone,-8.62070083618164
667,'Fred put the worm on the wet grass',grass,-3.779433250427246
668,'She decided to start a new temporary business',business,-8.621565818786621
669,'He positioned the violin under his bearded chin',chin,-6.466978073120117
670,'He always seemed to be interested in looking at the blue sky',sky,-8.290197372436523
671,'She was having a hard time because she didn't know the English answer',answer,-9.463600158691406
672,'It didn't get completed because he could not locate the right diagnostic tool',tool,-10.293523788452148
673,'He always hid an extra set of keys under a Persian rug',rug,-3.9190971851348877
674,'No one at the reunion recognized Dan because he had grown a long mustache',mustache,-6.813711166381836
675,'The fertilizer enriched the dry soil',soil,-5.158970355987549
676,'She was named after her famous mother',mother,-5.608858108520508
677,'I sat far off to the side of the auditorium and my line of sight was blocked by a tall beam',beam,-4.428311347961426
678,'He was caught stealing a borrowed car',car,-6.203629493713379
679,'She flipped through the stations in search of some global news',news,-3.834044933319092
680,'I could hear the loud telephone ringing through the concrete door',door,-7.107370853424072
681,'Paul painted the clown's suit blue and gave him a big red snotty balloon',balloon,-2.980452060699463
682,'The Vietnam vet had received the Purple Heart, and when he took off his shirt you could see all of his bulging muscles',muscles,-12.353255271911621
683,'He was cold most of the night and finally got up to get another thick blanket',blanket,-8.644556045532227
684,'Mary went into her room to look at her illustrated painting',painting,-15.41450023651123
685,'The county decided to tear down the gas station by the elementary highway',highway,-5.623675346374512
686,'They couldn't decide on a name for their new premature dog',dog,-9.341866493225098
687,'They stood on the bridge tossing stale bread to the wild ducks',ducks,-12.96469497680664
688,'In the mysterious wooden box the girl found the topographical ring',ring,-3.27282452583313
689,'As soon as they reached the sand, he stopped to take off his striped shoes',shoes,-8.43056583404541
690,'The jeweler was asked if he would examine the ring's huge black stone',stone,-6.491604328155518
691,'She took the baby out when he started to cry and had to miss the rest of the tea party',party,-2.739776372909546
692,'I just had a new sound system installed in my living room',room,-3.9433510303497314
693,'You could tell he had grown up in the South by his racist attitude',attitude,-10.892778396606445
694,'She was glad she had brought a good book with her since there was nothing to read at the post office',office,-5.351395606994629
695,'Upon mother's strict orders, the cat's smelly litter box was kept in the outdoor shed',shed,-4.777776718139648
696,'Rushing out he forgot to take his thin jacket',jacket,-9.46986198425293
697,'They decided to declaw the cat so he wouldn't tear up the thick couch',couch,-8.155230522155762
698,'Their neighbors were surprised to find out that the Smiths had never visited that national town',town,-10.45006275177002
699,'The breeze lifted the short air',air,-11.90855884552002
700,'Barry wisely chose to pay the monthly fee',fee,-7.7363104820251465
701,'The house at the end of the narrow road was built of red wood',wood,-5.637436866760254
702,'Betsy could never tell a funny joke',joke,-11.009134292602539
703,'Randy froze when he saw a shadow at the end of the narrow alley',alley,-15.55767822265625
704,'She cleaned the dirt from her blonde hair',hair,-6.110010147094727
705,'Steve invited his girlfriend to a formal party',party,-5.387680530548096
706,'Every day, rain or shine, the joggers ran up and down the tall path',path,-4.566200256347656
707,'Every month Rick had to clean his whole car',car,-6.740627765655518
708,'Their picnic was ruined by the bad rain',rain,-6.892066478729248
709,'The applause could be heard throughout the echoey auditorium',auditorium,-4.676883220672607
710,'He drove the nail into the rotten door',door,-7.378189563751221
711,'Dillinger once robbed that federal bank',bank,-3.862915277481079
712,'She was quite surprised that Bill didn't keep his pocket watch',watch,-6.3368754386901855
713,'He really wanted to go but decided to stay home to wait for the important call',call,-5.420352458953857
714,'At the park next to the beach she saw a man with a loyal dog',dog,-4.407985210418701
715,'They waited a long time to see the animated movie',movie,-5.390835285186768
716,'She left the tiny baby alone in the waiting room',room,-4.249470233917236
717,'The person who caught the thief deserves our loudest applause',applause,-13.292581558227539
718,'It was time to hang the new advent picture',picture,-5.581481456756592
719,'As usual, he didn't do well because he had not prepared his subconscious mind',mind,-10.837815284729004
720,'The cigar stank and burned a hole in the leather shirt',shirt,-6.821718215942383
721,'She felt dinner would not be complete unless she made decadent dessert',dessert,-6.010317802429199
722,'They left the dirty dishes in the kitchen sink',sink,-7.445720672607422
723,'It's raining, and I forgot my coat, hat, and waterproof umbrella',umbrella,-10.011248588562012
724,'Her cold drink was served with a slice of fresh lemon',lemon,-4.588205337524414
725,'The last thing they were expecting on their wedding day was a raging dark bull',bull,-1.9070184230804443
726,'Although John felt some remorse he decided to return the library gift',gift,-5.285590171813965
727,'As a punishment, his parents immediately took away his favorite toy',toy,-5.93267822265625
728,'After getting out of the shower he sat down to have instant breakfast',breakfast,-4.017231464385986
729,'The only food in the refrigerator was a moldy sub sandwich',sandwich,-1.235886812210083
730,'He was so busy and overwhelmed that he had forgotten to respond to the important email',email,-8.806049346923828
731,'They took her car because he hated to drive in the heavy city',city,-13.128619194030762
732,'The white gull dove down and caught a slimy worm',worm,-5.678218841552734
733,'Ken built his new house on a quiet wooded street',street,-10.299718856811523
734,'He was soothed by the gentle instrumental wind',wind,-8.941652297973633
735,'Liz and Marie sat at the conference table and discussed the topic for the next work meeting',meeting,-4.339247226715088
736,'They carelessly dumped the toxic waste into the winding ocean',ocean,-10.755082130432129
737,'He looked worried because he might have broken his right glasses',glasses,-10.112643241882324
738,'I think that my stockbroker is a habitual thief',thief,-13.314310073852539
739,'Our government was secretly supplying the rebels with arms and live ammunition',ammunition,-4.593891143798828
740,'I don't know what his secret was, but my brother always managed to get the best academic grades',grades,-10.422821044921875
741,'While they were eating pancakes, Albert noticed a bee swimming in the tonic water',water,-4.110413551330566
742,'Within minutes of arriving at the office, the detective spilled his thermos full of hot soup',soup,-4.868546962738037
743,'There were a lot of old boxes stored in the unfinished basement',basement,-4.481875419616699
744,'He hated to move, but Richard wanted to live closer to his single cousin',cousin,-9.296966552734375
745,'The officials tried to evacuate everyone from the area before the developing storm',storm,-6.768078327178955
746,'The truck that Dave drove crashed into the solid wall',wall,-2.0100178718566895
747,'The man was caught selling an illegal unregistered gun',gun,-4.139086723327637
748,'He finally bought some poison to kill the diseased rats',rats,-7.221348762512207
750,'She was glad she had accompanied her friend because she was enjoying the party except for the bland music',music,-5.621123790740967
752,'It was a dream come true because Jane had always wanted to visit Europe with her younger sister',sister,-8.799758911132812
753,'She usually let her very competent secretary handle the difficult calls',calls,-8.19477653503418
754,'His seat was next to the revolving window',window,-7.102233409881592
755,'If he strained his eyes he could see a tiny bird',bird,-6.228580474853516
756,'Coming in, he took off his smelly hat',hat,-4.5882248878479
757,'Steve spilled coffee all over his clean white polo shirt',shirt,-3.2611992359161377
758,'Mr. Smith enjoyed showing people his newly installed satellite dish',dish,-7.5262651443481445
759,'They decided to buy a small place and build an addition with two more upper rooms',rooms,-8.083495140075684
760,'Larry chose not to join the Confederate army',army,-6.565843105316162
761,'They rested under a tree in the local park',park,-8.67169189453125
762,'The shirt was stained with frying oil',oil,-5.777091979980469
763,'The Italian chef was known for his fabulous bowtie sauce',sauce,-2.886889934539795
764,'Phil put some drops in his soft drink',drink,-7.236567497253418
765,'Every morning before school his mother laid out his clothes and packed his messenger lunch',lunch,-5.472261428833008
766,'Sam practiced every day in anticipation of the philharmonic concert',concert,-4.088473796844482
767,'The hikers wanted to camp close to the frozen river',river,-7.322775840759277
768,'Quite predictably, the first thing the doctor asked for was the specific symptoms',symptoms,-6.1468987464904785
769,'The old woman was the only one to see the eerie murder',murder,-7.945415496826172
770,'The rude waiter was not given a generous chance',chance,-12.651005744934082
771,'Tim's friend pushed him into a kiddie pool',pool,-3.446235418319702
772,'Since the water was unsafe they decided to drink orange juice',juice,-13.858391761779785
773,'Before she arrived he opened a bottle of wine and put on some soft classical music',music,-4.851262092590332
774,'There was a moth caught in the bright light',light,-8.785799980163574
775,'Peter painted the walls of the bird exhibit light blue to resemble the Pacific ocean',ocean,-3.892122745513916
776,'He bought her a pearl necklace for her eighteenth anniversary',anniversary,-6.1382036209106445
777,'Most of the trees died after last year's dreadful drought',drought,-7.6657023429870605
778,'He slipped and fell on the uneven ice',ice,-7.553213596343994
779,'There were brightly colored pictures on every interior wall',wall,-4.010542869567871
780,'The bad boy was sent to his intimidating father',father,-6.783241271972656
781,'He grew corn to feed his dairy cows',cows,-7.428791046142578
782,'Each night the campers built a huge bright fire',fire,-7.718688488006592
783,'The other driver was so angry he threatened him with a civil gun',gun,-4.817779541015625
784,'Sharon dried the bowls with a filthy towel',towel,-2.5165858268737793
785,'We followed the path up the hill, and there, under the tree, was a gray snake',snake,-4.539303779602051
786,'No one wanted to make any decisions until after the corporate party',party,-3.698638677597046
787,'As a child he used to collect glass stamps',stamps,-6.52817964553833
788,'The cat was crouched in the tall grass down by the lazy river',river,-6.233432292938232
789,'He fell on the floor after tripping on the oriental cord',cord,-2.245468854904175
790,'The bridesmaid had an ugly revealing face',face,-6.121232032775879
791,'No matter how hard she tried, she could not remember the serial name',name,-9.871880531311035
792,'The wealthy couple's three little girls enjoyed playing together in the front yard',yard,-2.494765281677246
793,'His skin was red from spending the day at the neighborhood beach',beach,-5.795322895050049
794,'The journalist reported that many collapsed during the intense heat',heat,-8.707978248596191
795,'The cows moved from the sun into the wooden shade',shade,-5.596065521240234
796,'Helen reached up to dust the topmost lamp',lamp,-4.774135589599609
797,'He liked lemon and sugar in his herbal water',water,-7.061263084411621
798,'Ida wanted to sing folk songs at the picnic, so she brought her wireless microphone',microphone,-10.662712097167969
799,'Most men cannot understand why women wear ugly shoes',shoes,-7.32322883605957
800,'After dinner they washed the family dishes',dishes,-7.364011287689209
801,'In his day, that old guy was one of the best soccer athletes',athletes,-13.888692855834961
802,'They had been wandering in circles because nobody had a detailed map',map,-5.1601104736328125
803,'I had lost the ticket I needed to pick up my rental clothes',clothes,-10.634683609008789
804,'They had to shampoo the new beige rug after the accident with the mangy wine',wine,-6.947607517242432
805,'The Democrats seemed to focus on defense while the Republicans talked about the booming budget',budget,-6.7939605712890625
806,'Sandy always wished that she had had a Persian sister',sister,-6.4459075927734375
807,'Mrs. Stevens said that little Dennis was the loudest boy in the fictional story',story,-7.035763263702393
808,'Joan fed her baby some warm breast milk',milk,-5.502255439758301
809,'She wore heavy wool socks and her sturdiest boots to go walking in the melting forest',forest,-11.714101791381836
810,'Kim was relieved to see that ample food had been made for the special occasion',occasion,-6.327581882476807
811,'Every spring they held the annual onion parade',parade,-3.911391258239746
812,'The squirrel stored some nuts in the dead ground',ground,-6.171848773956299
813,'The sewer backed up and caused a unpleasant flood',flood,-4.073444366455078
814,'During years of drudgery, the man had derived comfort from a single catchy book',book,-6.754443168640137
815,'They installed an extremely expensive alarm system to protect their suburban home',home,-6.193692684173584
816,'Although Jan was usually careful, she had forgotten to turn off the ultraviolet light',light,-6.303746223449707
817,'The university wouldn't let him register until he paid the overdue fines on the borrowed comic books',books,-5.370971202850342
818,'She helped him put the finishing touches on the haunted house',house,-4.990473747253418
819,'His ring fell into a hole in the tiled floor',floor,-7.828213214874268
820,'He put a clean sheet on the twin bed',bed,-2.812309741973877
821,'When Drew arrived unexpectedly at the restaurant, Laurie got him a chair from the adjacent dining table',table,-2.4552907943725586
822,'At night the old woman locked the frosty door',door,-5.561827182769775
823,'The young boy asked for another tasty treat',treat,-11.549936294555664
824,'He was grouchy because he was having trouble with his nightmarish sleep',sleep,-11.293340682983398
825,'The senator had once been a preschool teacher',teacher,-11.284727096557617
826,'He smiled nervously as he searched through his pockets for a fresh mint',mint,-6.600446701049805
827,'The house at the end of the narrow road was built of red bricks',bricks,-3.190061569213867
828,'Within minutes of arriving at the office, the detective spilled his thermos full of hot coffee',coffee,-5.005577087402344
829,'The person who caught the thief deserves our loudest respect',respect,-12.31350040435791
830,'They rested under a tree in the dim light',light,-9.721879959106445
831,'Since the water was unsafe they decided to drink sweet tea',tea,-11.787553787231445
832,'They had to shampoo the new beige rug after the accident with the mangy dog',dog,-5.545202255249023
833,'The breeze lifted the short skirt',skirt,-8.026848793029785
834,'The bad boy was sent to his intimidating room',room,-7.199337005615234
835,'We followed the path up the hill, and there, under the tree, was a gray cat',cat,-3.439148426055908
836,'She was glad she had accompanied her friend because she was enjoying the party except for the loud food',food,-6.8003129959106445
837,'The hinges were rusted shut, so he had to pry it open with a steel knife',knife,-5.876168727874756
838,'She took the baby out when he started to cry and had to miss the rest of the tea movie',movie,-5.155303001403809
839,'Liz and Marie sat at the conference table and discussed the topic for the next board week',week,-8.178123474121094
840,'I just had a new sound system installed in my living car',car,-8.927552223205566
841,'The squirrel stored some nuts in the dead tree',tree,-6.037924766540527
842,'There were a lot of old boxes stored in the unfinished attic',attic,-4.7434563636779785
843,'Her cold drink was served with a slice of homemade pie',pie,-2.1643624305725098
844,'The Democrats seemed to focus on defense while the Republicans talked about the booming economy',economy,-6.250159740447998
845,'It's raining, and I forgot my coat, hat, and wide boots',boots,-11.510252952575684
846,'He bought her a pearl necklace for her eighteenth birthday',birthday,-8.386479377746582
847,'He was so busy and overwhelmed that he had forgotten to respond to the footer note',note,-5.062314033508301
848,'The Vietnam vet had received the Purple Heart, and when he took off his shirt you could see all of his bulging scars',scars,-9.19087028503418
849,'She flipped through the stations in search of some global music',music,-6.032330513000488
850,'Every spring they held the annual onion festival',festival,-3.1561388969421387
851,'The wealthy couple's three little girls enjoyed playing together in the nearby park',park,-8.088573455810547
852,'The fertilizer enriched the green grass',grass,-5.555720329284668
853,'He grew corn to feed his poor family',family,-6.6648054122924805
854,'She cleaned the dirt from her blonde shoes',shoes,-6.58962345123291
855,'The last thing they were expecting on their wedding day was a raging dark storm',storm,-4.768655776977539
856,'Quite predictably, the first thing the doctor asked for was the pregnancy test',test,-5.254720687866211
857,'His seat was next to the glass door',door,-4.150158882141113
858,'The only food in the refrigerator was a moldy aged cheese',cheese,-6.732954025268555
860,'Before she arrived he opened a bottle of wine and put on some soft clean clothes',clothes,-6.830059051513672
861,'Ken built his new house on a quiet residential lot',lot,-7.3226447105407715
862,'Steve invited his girlfriend to a pajama dance',dance,-6.3394646644592285
863,'Dillinger once robbed that antique store',store,-4.725756645202637
864,'The white gull dove down and caught a slimy fish',fish,-4.076786041259766
865,'He really wanted to go but decided to stay home to wait for the important bus',bus,-6.305190086364746
866,'Every day, rain or shine, the joggers ran up and down the tall hill',hill,-5.24075984954834
867,'There were brightly colored pictures on every title page',page,-3.6923394203186035
868,'I could hear the loud telephone ringing through the concrete wall',wall,-5.94983434677124
869,'The applause could be heard throughout the packed hall',hall,-4.159481525421143
870,'You could tell he had grown up in the South by his racist accent',accent,-8.441656112670898
871,'No one wanted to make any decisions until after the corporate meeting',meeting,-6.289122104644775
872,'When Drew arrived unexpectedly at the restaurant, Laurie got him a chair from the adjacent dinner room',room,-10.939891815185547
873,'Jessie left without his toolbox or his office lunch',lunch,-1.6814897060394287
874,'He liked lemon and sugar in his herbal tea',tea,-3.321138381958008
875,'At night the old woman locked the front window',window,-9.469171524047852
876,'Larry chose not to join the terrorist group',group,-5.865070343017578
877,'They installed an extremely expensive alarm system to protect their extended family',family,-9.020379066467285
878,'They had been wandering in circles because nobody had a magnetic compass',compass,-9.288973808288574
879,'She pulled her head out from under the faucet and reached for a monkey towel',towel,-2.0912561416625977
880,'It was a dream come true because Jane had always wanted to visit Europe with her younger boyfriend',boyfriend,-10.001591682434082
881,'The truck that Dave drove crashed into the solid tree',tree,-7.59263801574707
882,'No one at the reunion recognized Dan because he had grown a long beard',beard,-4.7990336418151855
883,'It was time to hang the new framed calendar',calendar,-7.4927873611450195
884,'I had lost the ticket I needed to pick up my washed car',car,-7.2507476806640625
885,'She was glad she had brought a good book with her since there was nothing to read at the retail store',store,-5.460567951202393
886,'The county decided to tear down the gas station by the major school',school,-8.343485832214355
887,'He was grouchy because he was having trouble with his fitful dreams',dreams,-10.795522689819336
888,'He returned the hole punch to the computer desk',desk,-8.150348663330078
889,'Joan fed her baby some warm broccoli soup',soup,-3.5914487838745117
890,'The car accident five years ago left an ugly scar on his handsome chest',chest,-7.349205017089844
891,'She was quite surprised that Bill didn't keep his pocket promise',promise,-6.005864143371582
892,'Rafael wants to preserve the national forest by guarding every living creature',creature,-9.0719575881958
893,'We sprayed the yard to keep away the wild animals',animals,-6.7455878257751465
894,'Coming in, he took off his smelly shoes',shoes,-7.8378777503967285
895,'She helped him put the finishing touches on the haunted painting',painting,-6.531660079956055
896,'Kim was relieved to see that ample food had been made for the special party',party,-6.805581092834473
897,'The senator had once been a municipal judge',judge,-9.526666641235352
898,'He finally bought some poison to kill the stray cat',cat,-7.317778587341309
899,'The officials tried to evacuate everyone from the area before the rapid flood',flood,-9.409894943237305
900,'Every morning before school his mother laid out his clothes and packed his delicious bag',bag,-5.0050811767578125
901,'They stood on the bridge tossing stale bread to the yellow geese',geese,-8.328688621520996
902,'He was caught stealing a mountain bike',bike,-5.783501625061035
903,'The shirt was stained with frying blood',blood,-7.474911689758301
904,'Their picnic was ruined by the intermittent weather',weather,-8.127345085144043
905,'No matter how hard she tried, she could not remember the maiden number',number,-6.6100239753723145
906,'While they were eating pancakes, Albert noticed a bee swimming in the tonic syrup',syrup,-2.1457037925720215
907,'Peter painted the walls of the bird exhibit light blue to resemble the Pacific sky',sky,-3.5111308097839355
908,'Randy froze when he saw a shadow at the end of the narrow hallway',hallway,-9.356245040893555
909,'The university wouldn't let him register until he paid the overdue fines on the borrowed student loan',loan,-4.447241306304932
910,'She was named after her surrogate aunt',aunt,-6.640647888183594
911,'The Italian chef was known for his fabulous bowtie pasta',pasta,-3.683624744415283
912,'The other driver was so angry he threatened him with a loaded lawsuit',lawsuit,-13.895127296447754
913,'Sharon dried the bowls with a paper rag',rag,-6.336385250091553
914,'Barry wisely chose to pay the monthly bill',bill,-9.572821617126465
915,'He put a clean sheet on the picnic table',table,-2.155806303024292
916,'The hikers wanted to camp close to the frozen lake',lake,-5.463349342346191
918,'After dinner they washed the dirty car',car,-6.019125938415527
919,'They couldn't decide on a name for their new premature baby',baby,-7.037332057952881
920,'Steve spilled coffee all over his clean white cargo pants',pants,-5.558197021484375
921,'During years of drudgery, the man had derived comfort from a single holy tune',tune,-4.014612674713135
922,'He smiled nervously as he searched through his pockets for a fresh dollar',dollar,-8.601622581481934
923,'As a punishment, his parents immediately took away his favorite phone',phone,-3.878772497177124
924,'There was a moth caught in the bright web',web,-3.1572318077087402
925,'The old woman was the only one to see the eerie ghost',ghost,-8.308318138122559
926,'I sat far off to the side of the auditorium and my line of sight was blocked by a tall man',man,-8.260213851928711
927,'Although Jan was usually careful, she had forgotten to turn off the ultraviolet stove',stove,-7.838800430297852
928,'Sandy always wished that she had had a twin cat',cat,-5.978186130523682
929,'Our government was secretly supplying the rebels with arms and live money',money,-5.773500442504883
930,'The bridesmaid had an ugly revealing dress',dress,-7.42161226272583
931,'Most of the trees died after last year's blazing fire',fire,-8.97811222076416
932,'Phil put some drops in his soft eyes',eyes,-4.629025936126709
933,'Rushing out he forgot to take his thin keys',keys,-12.360477447509766
934,'He slipped and fell on the thin pavement',pavement,-11.053847312927246
935,'He always hid an extra set of keys under a Persian mat',mat,-3.5752387046813965
936,'They waited a long time to see the live show',show,-6.532251358032227
937,'The jeweler was asked if he would examine the ring's huge black diamond',diamond,-7.852428913116455
938,'Although John felt some remorse he decided to return the library book',book,-6.698570251464844
939,'I think that my stockbroker is a petty liar',liar,-7.86328125
941,'The cows moved from the sun into the partial barn',barn,-9.503137588500977
942,'They decided to buy a small place and build an addition with two more furnished floors',floors,-7.715904235839844
943,'The rude waiter was not given a generous tip',tip,-4.356350898742676
944,'At the park next to the beach she saw a man with a funny hat',hat,-6.765647888183594
945,'The sewer backed up and caused a massive smell',smell,-6.996757984161377
946,'The young boy asked for another tasty cookie',cookie,-3.8754591941833496
947,'Mrs. Stevens said that little Dennis was the loudest boy in the fictional class',class,-4.106231689453125
948,'Ida wanted to sing folk songs at the picnic, so she brought her wireless guitar',guitar,-7.459591388702393
949,'He always seemed to be interested in looking at the gorgeous women',women,-9.002317428588867
950,'In his day, that old guy was one of the best soccer players',players,-11.653861045837402
951,'Every month Rick had to clean his speedy house',house,-5.018016815185547
952,'She decided to start a new temporary job',job,-5.599271297454834
953,'His skin was red from spending the day at the sandy pool',pool,-7.0294270515441895
954,'He positioned the violin under his outstretched arm',arm,-4.724246978759766
955,'He hated to move, but Richard wanted to live closer to his single mother',mother,-7.0659403800964355
956,'Tim's friend pushed him into a brick wall',wall,-4.335511684417725
957,'His ring fell into a hole in the tiled sink',sink,-6.290579795837402
958,'The man was caught selling an illegal unregistered drug',drug,-4.510972023010254
959,'He was soothed by the gentle instrumental music',music,-6.970404624938965
960,'He was cold most of the night and finally got up to get another knitted sweater',sweater,-8.311192512512207
961,'As usual, he didn't do well because he had not prepared his subconscious speech',speech,-7.520205497741699
962,'She usually let her very competent secretary handle the phone tasks',tasks,-11.038591384887695
963,'The journalist reported that many collapsed during the tropical storm',storm,-3.6238160133361816
964,'I don't know what his secret was, but my brother always managed to get the best looking girls',girls,-8.812253952026367
965,'She was having a hard time because she didn't know the correct language',language,-6.59995698928833
966,'Mary went into her room to look at her impressionist books',books,-10.303285598754883
967,'Most men cannot understand why women wear ugly heels',heels,-6.600569725036621
968,'She wore heavy wool socks and her sturdiest boots to go walking in the melting snow',snow,-7.9188232421875
969,'Each night the campers built a huge improvised tent',tent,-5.685348987579346
970,'In the mysterious wooden box the girl found the brass map',map,-6.611433029174805
971,'Upon mother's strict orders, the cat's smelly litter box was kept in the outdoor basement',basement,-7.1008453369140625
972,'Fred put the worm on the wet hook',hook,-5.408740043640137
973,'The cat was crouched in the tall grass down by the shady tree',tree,-8.07772159576416
974,'They decided to declaw the cat so he wouldn't tear up the comfortable carpet',carpet,-6.645510673522949
975,'He fell on the floor after tripping on the oriental rug',rug,-4.29014253616333
976,'Betsy could never tell a funny lie',lie,-6.907826900482178
977,'After getting out of the shower he sat down to have continental coffee',coffee,-7.493399620056152
978,'It didn't get completed because he could not locate the right ink pen',pen,-6.653199195861816
979,'Paul painted the clown's suit blue and gave him a big red snotty nose',nose,-5.327700138092041
980,'Their neighbors were surprised to find out that the Smiths had never visited that national park',park,-10.225057601928711
981,'They carelessly dumped the toxic waste into the winding river',river,-7.622467517852783
982,'As soon as they reached the sand, he stopped to take off his clean shirt',shirt,-5.500302314758301
983,'The cigar stank and burned a hole in the leather couch',couch,-6.517664432525635
984,'Sam practiced every day in anticipation of the homecoming dance',dance,-4.60453987121582
985,'Although she heard it ringing, Nancy was too busy cleaning the chimney to get the locked door',door,-9.775228500366211
986,'Gary could not believe his son stole that fast car',car,-6.715511322021484
987,'They took her car because he hated to drive in the heavy rain',rain,-5.40052604675293
989,'She felt dinner would not be complete unless she made blueberry pie',pie,-6.73126220703125
990,'He drove the nail into the rotten wood',wood,-7.450461387634277
991,'She was feeling cold so she put on her cashmere sweater',sweater,-3.847827434539795
992,'He looked worried because he might have broken his right arm',arm,-6.424414157867432
993,'Mr. Smith enjoyed showing people his newly installed satellite television',television,-8.993127822875977
994,'Helen reached up to dust the topmost shelf',shelf,-8.348615646362305
995,'She wore heavy wool socks and her sturdiest boots to go walking in the pine forest',forest,-9.967561721801758
996,'She decided to start a new entrepreneurial business',business,-8.833484649658203
997,'They couldn't decide on a name for their new trained dog',dog,-10.635069847106934
998,'The Vietnam vet had received the Purple Heart, and when he took off his shirt you could see all of his gruesome muscles',muscles,-8.659783363342285
999,'Barry wisely chose to pay the electric fee',fee,-9.14133358001709
1000,'Fred put the worm on the dangling grass',grass,-7.149041175842285
1001,'Gary could not believe his son stole that expensive watch',watch,-9.451116561889648
1002,'We sprayed the yard to keep away the wild bugs',bugs,-8.777840614318848
1003,'I could hear the loud telephone ringing through the sliding door',door,-5.534976959228516
1004,'Mary went into her room to look at her impressionist painting',painting,-8.769599914550781
1005,'Rafael wants to preserve the national forest by guarding every living tree',tree,-5.937758445739746
1006,'It didn't get completed because he could not locate the right ink tool',tool,-10.647820472717285
1007,'Rushing out he forgot to take his spare jacket',jacket,-10.350882530212402
1008,'They stood on the bridge tossing stale bread to the yellow ducks',ducks,-8.216632843017578
1009,'Joan fed her baby some warm broccoli milk',milk,-8.192245483398438
1011,'He was caught stealing a mountain car',car,-4.851950168609619
1012,'The jeweler was asked if he would examine the ring's huge artificial stone',stone,-5.468162536621094
1013,'He always seemed to be interested in looking at the gorgeous sky',sky,-8.054187774658203
1014,'I just had a new sound system installed in my compact room',room,-4.80451774597168
1015,'He returned the hole punch to the substitute teacher',teacher,-8.491744995117188
1016,'He positioned the violin under his outstretched chin',chin,-7.946577548980713
1017,'The car accident five years ago left an ugly scar on his handsome face',face,-5.502570629119873
1018,'He was cold most of the night and finally got up to get another knitted blanket',blanket,-9.191722869873047
1019,'The fertilizer enriched the green soil',soil,-4.882801055908203
1020,'I sat far off to the side of the auditorium and my line of sight was blocked by a supporting beam',beam,-5.6032023429870605
1021,'In the mysterious wooden box the girl found the brass ring',ring,-4.413208484649658
1022,'As soon as they reached the sand, he stopped to take off his clean shoes',shoes,-8.924775123596191
1023,'No one at the reunion recognized Dan because he had grown a twisted mustache',mustache,-4.785976409912109
1024,'She flipped through the stations in search of some loud news',news,-3.617310047149658
1025,'She was having a hard time because she didn't know the correct answer',answer,-8.69414234161377
1026,'Jessie left without his toolbox or his office keys',keys,-11.32518482208252
1027,'Their neighbors were surprised to find out that the Smiths had never visited that sleepy town',town,-10.299612045288086
1028,'Mrs. Stevens said that little Dennis was the loudest boy in the entire story',story,-6.50956392288208
1029,'She was named after her surrogate mother',mother,-5.055682182312012
1030,'Paul painted the clown's suit blue and gave him a big red inflated balloon',balloon,-3.4621682167053223
1031,'The house at the end of the narrow road was built of sunburned wood',wood,-6.414099216461182
1032,'The county decided to tear down the gas station by the major highway',highway,-5.391744613647461
1033,'Upon mother's strict orders, the cat's smelly litter box was kept in the damp shed',shed,-6.006783485412598
1034,'She was glad she had brought a good book with her since there was nothing to read at the retail office',office,-6.048538684844971
1035,'Although she heard it ringing, Nancy was too busy cleaning the chimney to get the locked phone',phone,-7.03220796585083
1036,'You could tell he had grown up in the South by his strong attitude',attitude,-9.198836326599121
1037,'She took the baby out when he started to cry and had to miss the rest of the scary party',party,-4.546632766723633
1038,'The breeze lifted the dry air',air,-9.211932182312012
1039,'The applause could be heard throughout the packed auditorium',auditorium,-5.2187604904174805
1040,'He was grouchy because he was having trouble with his fitful sleep',sleep,-10.104535102844238
1041,'As a punishment, his parents immediately took away his smart toy',toy,-5.912047386169434
1042,'Kim was relieved to see that ample food had been made for the bachelorette occasion',occasion,-6.429608345031738
1043,'The senator had once been a municipal teacher',teacher,-6.7234344482421875
1044,'Every spring they held the annual military parade',parade,-3.9868125915527344
1045,'The white gull dove down and caught a floppy worm',worm,-6.075725555419922
1046,'Betsy could never tell a deliberate joke',joke,-8.621639251708984
1047,'During years of drudgery, the man had derived comfort from a single holy book',book,-3.714824914932251
1048,'They left the dirty dishes in the compact sink',sink,-4.304364204406738
1049,'The squirrel stored some nuts in the cold ground',ground,-7.061659812927246
1050,'Although John felt some remorse he decided to return the generous gift',gift,-10.555715560913086
1051,'The last thing they were expecting on their wedding day was a raging Spanish bull',bull,-4.1530046463012695
1052,'They waited a long time to see the live movie',movie,-6.299462795257568
1053,'At the park next to the beach she saw a man with a funny dog',dog,-3.7342143058776855
1054,'Every month Rick had to clean his speedy car',car,-6.027370452880859
1055,'Randy froze when he saw a shadow at the end of the dark alley',alley,-12.971192359924316
1056,'He drove the nail into the garage door',door,-4.600734233856201
1057,'She felt dinner would not be complete unless she made blueberry dessert',dessert,-5.21008825302124
1058,'The only food in the refrigerator was a moldy aged sandwich',sandwich,-3.003901958465576
1059,'Steve invited his girlfriend to a pajama party',party,-3.7796826362609863
1060,'It's raining, and I forgot my coat, hat, and wide umbrella',umbrella,-7.941713333129883
1061,'Her cold drink was served with a slice of homemade lemon',lemon,-5.061480522155762
1062,'She cleaned the dirt from her muddy hair',hair,-6.462576389312744
1063,'He really wanted to go but decided to stay home to wait for the school call',call,-5.213981628417969
1064,'Dillinger once robbed that antique bank',bank,-5.364071846008301
1065,'It was time to hang the new framed picture',picture,-6.567524433135986
1066,'Their picnic was ruined by the intermittent rain',rain,-7.044900894165039
1067,'He was so busy and overwhelmed that he had forgotten to respond to the footer email',email,-8.04628849029541
1068,'The cigar stank and burned a hole in the Hawaiian shirt',shirt,-5.652612209320068
1069,'She was quite surprised that Bill didn't keep his solemn watch',watch,-4.7609968185424805
1070,'As usual, he didn't do well because he had not prepared his impassioned mind',mind,-9.670877456665039
1071,'After getting out of the shower he sat down to have continental breakfast',breakfast,-3.539665937423706
1072,'Every day, rain or shine, the joggers ran up and down the narrow path',path,-6.909588813781738
1073,'Although Jan was usually careful, she had forgotten to turn off the cooking light',light,-8.816821098327637
1074,'The Italian chef was known for his fabulous pesto sauce',sauce,-3.366400957107544
1075,'Sam practiced every day in anticipation of the homecoming concert',concert,-4.579877853393555
1076,'The university wouldn't let him register until he paid the overdue fines on the borrowed student books',books,-4.333380222320557
1077,'His ring fell into a hole in the porcelain floor',floor,-7.404054164886475
1078,'The man was caught selling an illegal psychiatric gun',gun,-4.123474597930908
1079,'He put a clean sheet on the picnic bed',bed,-3.097424030303955
1080,'He finally bought some poison to kill the stray rats',rats,-8.715389251708984
1082,'He looked worried because he might have broken his stylish glasses',glasses,-8.749045372009277
1083,'They decided to buy a small place and build an addition with two more furnished rooms',rooms,-8.733567237854004
1084,'Phil put some drops in his red drink',drink,-9.063897132873535
1085,'If he strained his eyes he could see a flying bird',bird,-10.859228134155273
1086,'Within minutes of arriving at the office, the detective spilled his thermos full of hearty soup',soup,-3.3729095458984375
1087,'There were a lot of old boxes stored in the dusty basement',basement,-6.003255367279053
1088,'Every morning before school his mother laid out his clothes and packed his delicious lunch',lunch,-2.178016185760498
1089,'I don't know what his secret was, but my brother always managed to get the best looking grades',grades,-4.067104339599609
1090,'Steve spilled coffee all over his clean white cargo shirt',shirt,-3.1122379302978516
1091,'While they were eating pancakes, Albert noticed a bee swimming in the sticky water',water,-8.74042797088623
1092,'The truck that Dave drove crashed into the hickory wall',wall,-2.7642297744750977
1093,'Liz and Marie sat at the conference table and discussed the topic for the next board meeting',meeting,-4.319873332977295
1094,'They installed an extremely expensive alarm system to protect their extended home',home,-8.173040390014648
1095,'Larry chose not to join the terrorist army',army,-6.199259281158447
1096,'It was a dream come true because Jane had always wanted to visit Europe with her new sister',sister,-8.30264663696289
1098,'They rested under a tree in the dim park',park,-7.623526573181152
1099,'They carelessly dumped the toxic waste into the deep ocean',ocean,-4.830758094787598
1100,'Mr. Smith enjoyed showing people his newly installed large dish',dish,-4.744992256164551
1101,'He hated to move, but Richard wanted to live closer to his distant cousin',cousin,-8.629857063293457
1102,'She helped him put the finishing touches on the abstract house',house,-4.688050270080566
1103,'Our government was secretly supplying the rebels with arms and counterfeit ammunition',ammunition,-5.855739593505859
1104,'She was glad she had accompanied her friend because she was enjoying the party except for the loud music',music,-4.796920299530029
1105,'She usually let her very competent secretary handle the phone calls',calls,-8.00747299194336
1106,'Coming in, he took off his hard hat',hat,-3.0622546672821045
1107,'Quite predictably, the first thing the doctor asked for was the pregnancy symptoms',symptoms,-4.934113502502441
1108,'I think that my stockbroker is a petty thief',thief,-10.534236907958984
1109,'He grew corn to feed his poor cows',cows,-8.267807960510254
1110,'Sharon dried the bowls with a paper towel',towel,-0.9461531043052673
1111,'The old woman was the only one to see the gruesome murder',murder,-8.470499992370605
1112,'Since the water was unsafe they decided to drink sweet juice',juice,-10.416056632995605
1113,'The rude waiter was not given a second chance',chance,-13.04181957244873
1114,'They had to shampoo the new beige rug after the accident with the expensive wine',wine,-4.084259033203125
1115,'No matter how hard she tried, she could not remember the maiden name',name,-10.902568817138672
1116,'We followed the path up the hill, and there, under the tree, was a poisonous snake',snake,-6.121800422668457
1117,'When Drew arrived unexpectedly at the restaurant, Laurie got him a chair from the adjacent dinner table',table,-3.264849901199341
1118,'The Democrats seemed to focus on defense while the Republicans talked about the balanced budget',budget,-8.340238571166992
1119,'Peter painted the walls of the bird exhibit light blue to resemble the cloudless ocean',ocean,-7.889068603515625
1120,'I had lost the ticket I needed to pick up my washed clothes',clothes,-7.968469619750977
1121,'The cat was crouched in the tall grass down by the shady river',river,-9.660659790039062
1122,'His skin was red from spending the day at the sandy beach',beach,-6.293247222900391
1123,'No one wanted to make any decisions until after the birthday party',party,-6.408993721008301
1124,'Helen reached up to dust the halogen lamp',lamp,-6.170666694641113
1125,'He bought her a pearl necklace for her first anniversary',anniversary,-6.559260845184326
1126,'Tim's friend pushed him into a brick pool',pool,-6.162593364715576
1127,'He fell on the floor after tripping on the power cord',cord,-6.904996871948242
1128,'The bridesmaid had an ugly pale face',face,-4.213147163391113
1129,'The wealthy couple's three little girls enjoyed playing together in the nearby yard',yard,-4.357942581176758
1130,'At night the old woman locked the front door',door,-7.758830547332764
1131,'There was a moth caught in the spider light',light,-6.447179794311523
1132,'The other driver was so angry he threatened him with a loaded gun',gun,-7.669246673583984
1133,'The cows moved from the sun into the partial shade',shade,-2.8544178009033203
1134,'Most of the trees died after last year's blazing drought',drought,-5.894027233123779
1135,'Sandy always wished that she had had a twin sister',sister,-6.794773101806641
1136,'The young boy asked for another homemade treat',treat,-9.526932716369629
1137,'Most men cannot understand why women wear high shoes',shoes,-5.598901748657227
1138,'Before she arrived he opened a bottle of wine and put on some soft clean music',music,-6.3635945320129395
1139,'Ida wanted to sing folk songs at the picnic, so she brought her acoustic microphone',microphone,-12.704996109008789
1140,'In his day, that old guy was one of the best collegiate athletes',athletes,-12.683182716369629
1141,'There were brightly colored pictures on every title wall',wall,-3.0823869705200195
1142,'They had been wandering in circles because nobody had a magnetic map',map,-7.640247821807861
1143,'As a child he used to collect postage stamps',stamps,-7.292812824249268
1144,'He slipped and fell on the thin ice',ice,-6.358709812164307
1145,'He always hid an extra set of keys under a rubber rug',rug,-5.266597747802734
1146,'They decided to declaw the cat so he wouldn't tear up the comfortable couch',couch,-9.437092781066895
1147,'The sewer backed up and caused a massive flood',flood,-3.8068270683288574
1148,'They took her car because he hated to drive in the big city',city,-10.491769790649414
1149,'Ken built his new house on a quiet residential street',street,-10.06812572479248
1150,'She left the tiny baby alone in the little room',room,-5.452863693237305
1151,'The officials tried to evacuate everyone from the area before the rapid storm',storm,-6.470795631408691
1152,'His seat was next to the glass window',window,-6.794333457946777
1153,'He smiled nervously as he searched through his pockets for a single mint',mint,-3.9184012413024902
1154,'The shirt was stained with dried oil',oil,-7.4467082023620605
1155,'He liked lemon and sugar in his sparkling water',water,-5.301626205444336
1156,'The journalist reported that many collapsed during the tropical heat',heat,-10.8715238571167
1157,'The bad boy was sent to his own father',father,-7.828078746795654
1158,'Each night the campers built a huge improvised fire',fire,-9.989679336547852
1159,'After dinner they washed the dirty dishes',dishes,-4.824819087982178
1160,'He was soothed by the gentle southerly wind',wind,-8.202542304992676
1161,'The person who caught the thief deserves our utmost applause',applause,-8.240442276000977
1162,'The hikers wanted to camp close to the mighty river',river,-6.480926513671875
1163,'Quite predictably, the first thing the doctor asked for was the specific test',test,-7.8008832931518555
1164,'Since the water was unsafe they decided to drink orange tea',tea,-12.58422565460205
1165,'Her cold drink was served with a slice of fresh pie',pie,-1.359357237815857
1166,'The squirrel stored some nuts in the cold tree',tree,-6.413457870483398
1167,'No one wanted to make any decisions until after the birthday meeting',meeting,-5.571610927581787
1168,'Every day, rain or shine, the joggers ran up and down the narrow hill',hill,-7.486469745635986
1169,'He bought her a pearl necklace for her first birthday',birthday,-9.163739204406738
1170,'Within minutes of arriving at the office, the detective spilled his thermos full of hearty coffee',coffee,-4.134735107421875
1171,'She was feeling cold so she put on her fuzzy sweater',sweater,-3.543121337890625
1172,'Steve invited his girlfriend to a formal dance',dance,-5.333504676818848
1173,'The wealthy couple's three little girls enjoyed playing together in the front park',park,-8.653883934020996
1174,'They had to shampoo the new beige rug after the accident with the expensive dog',dog,-4.99545431137085
1175,'The last thing they were expecting on their wedding day was a raging Spanish storm',storm,-3.8540358543395996
1176,'The person who caught the thief deserves our utmost respect',respect,-8.9196138381958
1177,'His seat was next to the revolving door',door,-4.034476280212402
1178,'The fertilizer enriched the dry grass',grass,-4.832559108734131
1179,'He really wanted to go but decided to stay home to wait for the school bus',bus,-6.460609436035156
1180,'Ken built his new house on a quiet wooded lot',lot,-6.742451190948486
1181,'Every spring they held the annual military festival',festival,-4.1357197761535645
1182,'The house at the end of the narrow road was built of sunburned bricks',bricks,-3.6592037677764893
1183,'He was so busy and overwhelmed that he had forgotten to respond to the important note',note,-5.741354942321777
1184,'She cleaned the dirt from her muddy shoes',shoes,-9.047451972961426
1185,'She flipped through the stations in search of some loud music',music,-5.735279083251953
1186,'The breeze lifted the dry skirt',skirt,-5.645993709564209
1187,'You could tell he had grown up in the South by his strong accent',accent,-8.58737564086914
1189,'They rested under a tree in the local light',light,-12.43359088897705
1190,'Dillinger once robbed that federal store',store,-5.196820259094238
1191,'It's raining, and I forgot my coat, hat, and waterproof boots',boots,-12.278349876403809
1192,'The Vietnam vet had received the Purple Heart, and when he took off his shirt you could see all of his gruesome scars',scars,-9.360681533813477
1193,'There were brightly colored pictures on every interior page',page,-5.768111228942871
1194,'The hinges were rusted shut, so he had to pry it open with a sharp knife',knife,-6.281915664672852
1195,'She took the baby out when he started to cry and had to miss the rest of the scary movie',movie,-4.516165733337402
1196,'The bad boy was sent to his own room',room,-10.623445510864258
1197,'She was glad she had accompanied her friend because she was enjoying the party except for the bland food',food,-7.223254680633545
1198,'Liz and Marie sat at the conference table and discussed the topic for the next work week',week,-9.477602005004883
1199,'There were a lot of old boxes stored in the dusty attic',attic,-6.305682182312012
1200,'Before she arrived he opened a bottle of wine and put on some soft classical clothes',clothes,-5.7051100730896
1201,'The white gull dove down and caught a floppy fish',fish,-3.9552221298217773
1202,'We followed the path up the hill, and there, under the tree, was a poisonous cat',cat,-4.995580673217773
1203,'The applause could be heard throughout the echoey hall',hall,-5.0605010986328125
1204,'The only food in the refrigerator was a moldy sub cheese',cheese,-5.059556007385254
1205,'He grew corn to feed his dairy family',family,-5.957938194274902
1206,'She helped him put the finishing touches on the abstract painting',painting,-7.305549144744873
1207,'Kim was relieved to see that ample food had been made for the bachelorette party',party,-4.049366474151611
1208,'At night the old woman locked the frosty window',window,-7.440469264984131
1209,'It was a dream come true because Jane had always wanted to visit Europe with her new boyfriend',boyfriend,-9.471653938293457
1210,'Larry chose not to join the Confederate group',group,-5.424426078796387
1211,'Coming in, he took off his hard shoes',shoes,-5.654348373413086
1212,'She was named after her famous aunt',aunt,-7.774785041809082
1213,'While they were eating pancakes, Albert noticed a bee swimming in the sticky syrup',syrup,-1.908499002456665
1214,'They stood on the bridge tossing stale bread to the wild geese',geese,-11.071379661560059
1215,'She pulled her head out from under the faucet and reached for a dry towel',towel,-2.0362370014190674
1216,'Joan fed her baby some warm breast soup',soup,-2.3147504329681396
1217,'He finally bought some poison to kill the diseased cat',cat,-6.233180046081543
1218,'She was quite surprised that Bill didn't keep his solemn promise',promise,-10.00059986114502
1219,'He was caught stealing a borrowed bike',bike,-7.320412635803223
1220,'Jessie left without his toolbox or his packed lunch',lunch,-3.4423952102661133
1221,'They had been wandering in circles because nobody had a detailed compass',compass,-7.896059989929199
1222,'We sprayed the yard to keep away the nasty animals',animals,-7.574190139770508
1223,'The car accident five years ago left an ugly scar on his hairy chest',chest,-7.379432201385498
1224,'He was grouchy because he was having trouble with his nightmarish dreams',dreams,-13.049986839294434
1225,'He returned the hole punch to the substitute desk',desk,-7.554113388061523
1226,'The shirt was stained with dried blood',blood,-4.196412563323975
1227,'It was time to hang the new advent calendar',calendar,-6.7534027099609375
1228,'I had lost the ticket I needed to pick up my rental car',car,-9.204869270324707
1229,'The senator had once been a preschool judge',judge,-8.566734313964844
1230,'The county decided to tear down the gas station by the elementary school',school,-6.220495223999023
1231,'Their picnic was ruined by the bad weather',weather,-7.178258895874023
1232,'The other driver was so angry he threatened him with a civil lawsuit',lawsuit,-8.190094947814941
1233,'When Drew arrived unexpectedly at the restaurant, Laurie got him a chair from the adjacent dining room',room,-10.630866050720215
1234,'The university wouldn't let him register until he paid the overdue fines on the borrowed comic loan',loan,-4.528627872467041
1235,'No one at the reunion recognized Dan because he had grown a twisted beard',beard,-2.377678871154785
1236,'The truck that Dave drove crashed into the hickory tree',tree,-2.43057918548584
1237,'The officials tried to evacuate everyone from the area before the developing flood',flood,-9.146734237670898
1238,'Every morning before school his mother laid out his clothes and packed his messenger bag',bag,-7.5571980476379395
1239,'As a punishment, his parents immediately took away his smart phone',phone,-3.4809823036193848
1240,'Mrs. Stevens said that little Dennis was the loudest boy in the entire class',class,-3.143906354904175
1241,'The hikers wanted to camp close to the mighty lake',lake,-7.253594875335693
1242,'Most of the trees died after last year's dreadful fire',fire,-8.752309799194336
1243,'Phil put some drops in his red eyes',eyes,-3.271951675415039
1244,'Helen reached up to dust the halogen shelf',shelf,-6.649354934692383
1245,'He always hid an extra set of keys under a rubber mat',mat,-3.824831485748291
1246,'They waited a long time to see the animated show',show,-7.2656331062316895
1247,'There was a moth caught in the spider web',web,-7.034268856048584
1248,'I sat far off to the side of the auditorium and my line of sight was blocked by a supporting man',man,-6.3659186363220215
1249,'After dinner they washed the family car',car,-6.290389537811279
1250,'Sharon dried the bowls with a filthy rag',rag,-4.039253234863281
1251,'They decided to buy a small place and build an addition with two more upper floors',floors,-9.284879684448242
1252,'The rude waiter was not given a second tip',tip,-5.648787498474121
1253,'He slipped and fell on the uneven pavement',pavement,-10.276304244995117
1255,'Although John felt some remorse he decided to return the generous book',book,-7.57484769821167
1256,'In his day, that old guy was one of the best collegiate players',players,-10.596599578857422
1257,'Sandy always wished that she had had a Persian cat',cat,-5.7316575050354
1258,'They couldn't decide on a name for their new trained baby',baby,-7.992456912994385
1259,'He looked worried because he might have broken his stylish arm',arm,-5.596290588378906
1260,'Ida wanted to sing folk songs at the picnic, so she brought her acoustic guitar',guitar,-9.832283020019531
1262,'Rushing out he forgot to take his spare keys',keys,-15.222063064575195
1263,'The sewer backed up and caused a unpleasant smell',smell,-5.208470821380615
1264,'Although Jan was usually careful, she had forgotten to turn off the cooking stove',stove,-9.727029800415039
1265,'The bridesmaid had an ugly pale dress',dress,-6.9815826416015625
1266,'The old woman was the only one to see the gruesome ghost',ghost,-7.935500144958496
1267,'I think that my stockbroker is a habitual liar',liar,-9.924497604370117
1268,'He always seemed to be interested in looking at the blue women',women,-6.240808486938477
1269,'The cows moved from the sun into the wooden barn',barn,-7.212304592132568
1270,'During years of drudgery, the man had derived comfort from a single catchy tune',tune,-1.9627820253372192
1271,'He put a clean sheet on the twin table',table,-2.531179428100586
1272,'The young boy asked for another homemade cookie',cookie,-4.57436466217041
1273,'He smiled nervously as he searched through his pockets for a single dollar',dollar,-9.287040710449219
1274,'Every month Rick had to clean his whole house',house,-6.72891902923584
1275,'Our government was secretly supplying the rebels with arms and counterfeit money',money,-3.608686923980713
1276,'Barry wisely chose to pay the electric bill',bill,-10.095549583435059
1277,'Although she heard it ringing, Nancy was too busy cleaning the chimney to get the cell door',door,-10.420875549316406
1278,'The cat was crouched in the tall grass down by the lazy tree',tree,-3.659365653991699
1280,'After getting out of the shower he sat down to have instant coffee',coffee,-8.575737953186035
1281,'The man was caught selling an illegal psychiatric drug',drug,-4.254414081573486
1282,'Most men cannot understand why women wear high heels',heels,-9.155192375183105
1283,'Fred put the worm on the dangling hook',hook,-5.068065166473389
1284,'The cigar stank and burned a hole in the Hawaiian couch',couch,-5.728936195373535
1285,'His ring fell into a hole in the porcelain sink',sink,-6.417469024658203
1286,'As soon as they reached the sand, he stopped to take off his striped shirt',shirt,-5.399111270904541
1287,'In the mysterious wooden box the girl found the topographical map',map,-5.281167507171631
1288,'Gary could not believe his son stole that expensive car',car,-7.352744102478027
1289,'She felt dinner would not be complete unless she made decadent pie',pie,-5.811699390411377
1290,'Tim's friend pushed him into a kiddie wall',wall,-4.224881172180176
1291,'Each night the campers built a huge bright tent',tent,-5.842937469482422
1292,'Mary went into her room to look at her illustrated books',books,-9.574419021606445
1293,'They took her car because he hated to drive in the big rain',rain,-5.284939765930176
1294,'He hated to move, but Richard wanted to live closer to his distant mother',mother,-7.449790000915527
1295,'Paul painted the clown's suit blue and gave him a big red inflated nose',nose,-6.825775146484375
1296,'She wore heavy wool socks and her sturdiest boots to go walking in the pine snow',snow,-10.31363296508789
1297,'They carelessly dumped the toxic waste into the deep river',river,-6.732334136962891
1298,'His skin was red from spending the day at the neighborhood pool',pool,-5.438273906707764
1299,'He fell on the floor after tripping on the power rug',rug,-4.807429790496826
1300,'She decided to start a new entrepreneurial job',job,-8.33869743347168
1301,'Their neighbors were surprised to find out that the Smiths had never visited that sleepy park',park,-7.029245376586914
1302,'He was cold most of the night and finally got up to get another thick sweater',sweater,-8.642141342163086
1303,'It didn't get completed because he could not locate the right diagnostic pen',pen,-5.257742404937744
1304,'He positioned the violin under his bearded arm',arm,-6.637274265289307
1305,'Sam practiced every day in anticipation of the philharmonic dance',dance,-6.639237403869629
1306,'She was having a hard time because she didn't know the English language',language,-11.135055541992188
1307,'She usually let her very competent secretary handle the difficult tasks',tasks,-11.605396270751953
1308,'Upon mother's strict orders, the cat's smelly litter box was kept in the damp basement',basement,-4.586462020874023
1309,'I just had a new sound system installed in my compact car',car,-5.995036602020264
1310,'The Democrats seemed to focus on defense while the Republicans talked about the balanced economy',economy,-10.671451568603516
1311,'I could hear the loud telephone ringing through the sliding wall',wall,-5.5038533210754395
1312,'No matter how hard she tried, she could not remember the serial number',number,-6.5826568603515625
1313,'She was glad she had brought a good book with her since there was nothing to read at the post store',store,-4.587375640869141
1314,'Randy froze when he saw a shadow at the end of the dark hallway',hallway,-7.683091640472412
1315,'Peter painted the walls of the bird exhibit light blue to resemble the cloudless sky',sky,-7.271439552307129
1316,'He liked lemon and sugar in his sparkling tea',tea,-3.5644657611846924
1317,'Rafael wants to preserve the national forest by guarding every cedar creature',creature,-7.331048965454102
1318,'The Italian chef was known for his fabulous pesto pasta',pasta,-3.982285976409912
1319,'They installed an extremely expensive alarm system to protect their suburban family',family,-10.700834274291992
1320,'The jeweler was asked if he would examine the ring's huge artificial diamond',diamond,-8.80327033996582
1321,'At the park next to the beach she saw a man with a loyal hat',hat,-5.682940483093262
1322,'Mr. Smith enjoyed showing people his newly installed large television',television,-6.392676830291748
1323,'Steve spilled coffee all over his clean white polo pants',pants,-5.888701438903809
1324,'They decided to declaw the cat so he wouldn't tear up the thick carpet',carpet,-7.205664157867432
1325,'He drove the nail into the garage wood',wood,-7.161379814147949
1326,'As usual, he didn't do well because he had not prepared his impassioned speech',speech,-8.139307975769043
1327,'The journalist reported that many collapsed during the intense storm',storm,-5.937241077423096
1328,'He was soothed by the gentle southerly music',music,-6.530370712280273
1329,'Betsy could never tell a deliberate lie',lie,-6.04645299911499
1330,'I don't know what his secret was, but my brother always managed to get the best academic girls',girls,-8.514723777770996
