sentence_num,sentence,word,deepseek_prob
1,'She was glad she had accompanied her friend because she was enjoying the party except for the',music,-5.832562446594238
2,'Shuffle the cards before you',forget,-9.629463195800781
3,'Most men cannot understand why women wear',makeup,-9.144926071166992
4,'Cats loved to be scratched behind the',collar,-9.762056350708008
5,'She thought she had seen a',ghost,-8.254152297973633
6,'She pulled her head out from under the faucet and reached for a',pill,-8.422494888305664
7,'The tenants decided to take their landlord to',breakfast,-11.528633117675781
8,'He settled for California champagne because the imported stuff was too',bitter,-5.750300884246826
9,'In caring for hospitalized patients, a doctor often needs the help of a',nurse,-6.262503147125244
10,'I was finally able to make an appointment for the',test,-8.808053016662598
11,'He was soothed by the gentle',touch,-2.577731132507324
12,'When the power went out the house became',dark,-5.230938911437988
13,'The death of his dog was a great',expense,-8.564775466918945
14,'He scraped the cold food from his',floor,-8.374171257019043
15,'The prisoners were planning their',party,-7.083337306976318
16,'I didn't like the show so I changed the',channel,-3.4566781520843506
17,'I added my name to the',basket,-12.702667236328125
18,'While skiing, Randy broke his',leg,-1.8963440656661987
19,'The breeze lifted the',smell,-9.55698299407959
20,'Giraffes are known for their long necks and zebras for their',speed,-7.769296169281006
21,'The approaching storm made the air very',heavy,-4.158352851867676
22,'The baby cried and upset her',stomach,-7.335212707519531
23,'She couldn't find anything she wanted to',own,-6.903136253356934
24,'Although Jan was usually careful she had forgotten to turn off the',freezers,-26.870939254760742
25,'Josie found she could not bend the elbow of her broken',arm,-3.9860095977783203
26,'She wore heavy wool socks and her sturdiest boots to go walking in the',mud,-10.761937141418457
27,'I think that my stockbroker is a',crook,-28.5193510055542
28,'Tim threw a rock and broke the',camera,-10.049938201904297
29,'As the weather got warmer, Mark started wearing his lighter jacket instead of his heavy winter',underwear,-18.725069046020508
30,'Although this film was an exception, she generally went to see movies that were',funny,-8.011835098266602
31,'His seat was next to the',window,-13.186042785644531
32,'The bad boy was sent to his',counselor,-12.787339210510254
33,'Liz and Marie sat at the conference table and discussed the topic for the next',lecture,-11.519975662231445
34,'Ruby's grandchildren hired a live-in nurse because they thought she was too old to live',long,-5.994769096374512
35,'The jeweler was asked if he would examine the ring's huge',diamond,-5.9724650382995605
36,'Be careful because the top of the stove is very',dirty,-4.808298110961914
37,'Every morning Susan braids her little girl's hair then helps her dress for',success,-9.151460647583008
38,'The hinges were rusted shut, so he had to pry it open with a',flourish,-13.535263061523438
39,'It didn't get completed because he could not locate the right',dictionary,-9.661197662353516
40,'We followed the path up the hill, and there under the tree was a',cat,-6.416628837585449
41,'John swept the floor with a',broom,-21.81556797027588
42,'The groom took the bride's hand and placed the ring on her',finger,-2.449009656906128
43,'They saw the lightening and heard the',thunder,-0.37501436471939087
44,'The colonel wished the sergeant would treat his command not as a polite request but as a direct',order,-3.446193218231201
45,'The man could not believe that they were all',dead,-4.101573944091797
46,'I just had a new sound system installed in my',car,-3.0562262535095215
47,'The cows moved from the sun into the',shade,-9.022199630737305
48,'The old woman was the only one to see the',accident,-10.165735244750977
49,'I was impressed by how much he',published,-9.505464553833008
50,'Ken built his new house on a quiet',farm,-6.348725318908691
51,'She was having a hard time because she didn't know the',story,-8.882037162780762
52,'When she got there she found that most of the people were',gone,-5.8061747550964355
53,'The teacher saw that some students were cheating and wrote down their',grades,-3.6688156127929688
54,'Peter painted the walls of the bird exhibit light blue to resemble the',sky,-5.549898624420166
55,'The hikers wanted to camp close to the',river,-6.758999824523926
56,'Each night the campers built a huge',igloo,-20.876011848449707
57,'The white gull dove down and caught a',draft,-15.912334442138672
58,'When George couldn't get into his car, he got down on one knee and reached under the bumper for the spare',cash,-12.949514389038086
59,'On hot days, many people sun themselves on the',roof,-9.164133071899414
60,'As soon as they reached the sand he stopped to take off his',watch,-7.529048442840576
61,'The sewer backed up and caused a',stink,-27.457216262817383
62,'After the hurricane, the area around the window was filled with broken',glass,-0.9496864080429077
63,'She dropped the glass and woke up the',baby,-10.42729377746582
64,'When Drew arrived unexpectedly at the restaurant, Laurie got him a chair from the adjacent',patio,-14.679526329040527
65,'Tim's friend pushed him into a',hamper,-27.99906063079834
66,'The luggage handler seemed to take great delight in tossing the boxes marked',Ohio,-17.959308624267578
67,'Mr. Smith enjoyed showing people his newly installed',stereo,-8.08077335357666
68,'Every day, rain or shine, the joggers ran up and down the',hill,-4.385659217834473
69,'Our government was secretly supplying the rebels with arms and',ships,-9.666711807250977
70,'George must keep his pet on a',leash,-0.5591508150100708
71,'When she came back from the restroom she found him in deep conversation with a',guard,-8.425508499145508
72,'That ramp has been closed for construction for several',days,-4.728747844696045
73,'The man who was carried into the emergency room had been stabbed in a',fight,-7.732275485992432
74,'After dinner, they spent a long time over coffee just',staring,-7.777376651763916
75,'Rachel loves the smell of tobacco but she can't stand all the',smoke,-5.603310585021973
76,'As usual, he didn't do well because he had not prepared his',plan,-6.220995903015137
77,'I could not remember his',name,-0.43192559480667114
78,'The officials tried to evacuate everyone from the area before the',explosion,-7.629202365875244
79,'Before she arrived he opened a bottle of wine and put on some soft',slippers,-33.83919429779053
80,'Sharon dried the bowls with a',towel,-10.254536628723145
81,'The little girl refused to go to sleep until he told her a',story,-1.8512487411499023
82,'Seth was uneasy because he had never liked to',lie,-8.103654861450195
83,'He bought her a pearl necklace for her',birthday,-2.8419547080993652
84,'Tracy and her husband weren't Catholic, but she was glad when the priest warmly welcomed their three',children,-0.9785689115524292
85,'Kim was relieved to see that ample food had been made for the',hungry,-9.232954978942871
86,'Phil put some drops in his',fishtank,-45.39192008972168
87,'He grew corn to feed his',children,-3.791757822036743
88,'They stood on the bridge tossing stale bread to the',ducks,-12.010526657104492
89,'The young boy asked for another',drink,-7.872332572937012
90,'Whether it is true or not, most women think that men don't know how to',cook,-4.676652908325195
91,'He looked worried because he might have broken his',collection,-14.246099472045898
92,'The queen waited patiently for the man to',crack,-9.107532501220703
93,'Larry chose not to join the',army,-8.91585922241211
94,'Most shark attacks occur very close to',winter,-12.587481498718262
95,'You can't open the door with the wrong',key,-0.9237696528434753
96,'He positioned the violin under his',chair,-2.5046892166137695
97,'The two hold-up men carried guns but didn't',shoot,-3.701094388961792
98,'Joe went to the hardware store and bought a replacement window at twice the original',thickness,-7.750492572784424
99,'As a punishment, his parents immediately took away his',toys,-5.762968063354492
100,'They were surprised that Jack thought that it was',funny,-6.747743129730225
101,'It was time to hang the new',pictures,-8.358501434326172
102,'At night the old woman locked the',refrigerator,-10.271018028259277
103,'Marsha wasn't worried about dinner because she knew the guests could remain eating appetizers for at least another',hour,-0.23422154784202576
104,'In his day, that old guy was one of the best',athletes,-6.299506187438965
105,'Cold damp weather makes her joints ache so she's been taking a lot of aspirin for the',race,-11.376754760742188
106,'It's hard to admit when one is',scared,-7.820660591125488
107,'There was a moth caught in the',light,-9.947839736938477
108,'All of their friends have noted that Joe and his wife are always',late,-5.062473297119141
109,'Rushing out he forgot to take his',keys,-6.210574626922607
110,'Rafael wants to preserve the national forest by guarding every',tree,-3.9706623554229736
111,'The exit was marked by a large',sign,-5.24923038482666
112,'The piano was out of',place,-9.259027481079102
113,'They decided to buy a small place and build an addition with two more',rooms,-2.4108543395996094
114,'He really wanted to go, but decided to stay home to wait for the',timer,-10.12472915649414
115,'As a reminder of his cat's first bath, he had a scratch on his',arm,-6.0931220054626465
116,'They raised pigs on their',farm,-0.8793344497680664
117,'Although she heard it ringing, Nancy was too busy cleaning the chimney to get the',phone,-7.579655647277832
118,'Most of the trees died after last year's',drought,-5.542275428771973
119,'She decided to start a new',diet,-8.053033828735352
120,'He was so busy and overwhelmed that he had forgotten to respond to the',card,-10.579299926757812
121,'Alfonso has started biking to work instead of driving his',friends,-10.767314910888672
122,'Paul painted the clown's suit blue and gave him a big red',nose,-7.923660755157471
123,'Most kids think that adults are',old,-5.751908302307129
124,'He wrote himself a note so that he wouldn't',forget,-3.765014171600342
125,'She wished she had brought something to',eat,-2.355621337890625
126,'All of her neighbors thought the old woman was a',witch,-6.776665210723877
127,'Richard was afraid to walk near the edge of the cliff because he was afraid he would',fall,-3.033384323120117
128,'He knew that he could call Chris even if it was the middle of the',night,-2.2973592281341553
129,'She took the baby out when he started to cry and had to miss the rest of the',game,-7.129439353942871
130,'Nora couldn't take the message because she didn't have a pencil or a piece of',chalk,-7.417822360992432
131,'They carelessly dumped the toxic waste into the',trunk,-12.797051429748535
132,'She cleaned the dirt from her',shoes,-3.430669069290161
133,'Simon thinks it's ok to listen to loud music even if the door to his bedroom is',broken,-3.8382606506347656
134,'The problem with Christine is that she can't take a',joke,-9.054882049560547
135,'He drove the nail into the',wood,-10.990856170654297
136,'They waited a long time to see the',show,-9.430315017700195
137,'Ron bought a board for the window that was too long and then he bought one that was too',ugly,-18.411725997924805
138,'Pam did not have any clothes to',mend,-11.658061027526855
139,'The lady felt proud to look at her',meal,-9.692952156066895
140,'The last thing they were expecting on their wedding day was a raging',panic,-10.050871849060059
141,'He mailed the letter without a',hesitation,-9.572497367858887
142,'The only food in the refrigerator was a moldy',sandwich,-5.888423919677734
143,'As a child he used to collect',stamps,-3.0475268363952637
144,'The squirrel stored some nuts in the',basement,-11.11278247833252
145,'Every winter you see the Hernandez house and its huge chimney with puffs of billowing',snow,-5.172858715057373
146,'The rude waiter was not given a',tray,-13.848750114440918
147,'When you go to bed turn off the',sarcasm,-36.94786834716797
148,'You could tell from the way he reacted that he did not like',vomit,-30.34263801574707
149,'He fell on the floor after tripping on the',log,-15.146370887756348
150,'She was glad she had brought a good book with her since there was nothing to read at the',office,-9.121023178100586
151,'He tried to put the pieces of the broken plate back together with',care,-8.743595123291016
152,'They went to see the famous',clock,-8.914570808410645
153,'The Italian chef was known for his fabulous',pasta,-11.65649700164795
154,'While the national anthem is played, everyone is expected to',behave,-6.233368396759033
155,'Although John felt some remorse he decided to return the',money,-4.080173015594482
156,'None of his books made any',fans,-11.369197845458984
157,'They both have jobs but they get some extra income by raising',chickens,-2.660288095474243
158,'It was important to be on',time,-0.35605576634407043
159,'The last thing he expected was to have such a',blast,-15.852846145629883
160,'No matter how hard she tried, she could not remember the',suggestions,-10.833147048950195
161,'Don't touch the wet',clothes,-4.497286796569824
162,'The construction worker had developed very powerful arms from unloading bags of cement from the',truck,-8.833868980407715
163,'It was drafty because of the cold air leaking in through the front door and all the side',paneling,-27.29406452178955
164,'No one wanted to make any decisions until after the',trial,-9.604268074035645
165,'I couldn't go, so I sent my secretary to the lawyers to pick up the',papers,-1.6676002740859985
166,'They had to shampoo the new beige rug after the accident with the',wine,-12.813690185546875
167,'In the mysterious wooden box the girl found a',doll,-10.034650802612305
168,'The shirt was stained with',sauce,-6.322144508361816
169,'Cindy taught her two-year old that the pictures are square and that the plates are',white,-7.724571228027344
170,'At first the woman refused, but eventually she changed her',medication,-11.031661033630371
171,'The little puppy grew up to be a huge',responsibility,-10.946969032287598
172,'He made a holster for his',gun,-5.438046932220459
173,'He quit his job and left his family so that he could sail around the',world,-0.2848736345767975
174,'The young couple reluctantly ordered new',rackets,-25.38431739807129
175,'She left the tiny baby alone in the',crib,-6.8568644523620605
176,'Quite predictably, the first thing the doctor asked for was a',cast,-11.314691543579102
177,'He crept into the room without a',sound,-5.903260707855225
178,'The rules did not allow visitors to feed the',animals,-2.1616098880767822
179,'The fertilizer enriched the',soil,-2.0724732875823975
180,'Joan fed her baby some warm',peas,-11.620001792907715
181,'After two hours of hard work they decided to take a short',break,-1.945290446281433
182,'They installed an extremely expensive alarm system to protect their',home,-6.211189270019531
183,'She was quite surprised that Bill didn't keep his',secret,-5.528373718261719
184,'She helped him put the finishing touches on the',painting,-5.016234874725342
185,'I sat far off to the side of the auditorium and my line of sight was blocked by a',pillar,-4.65116548538208
186,'His skin was red from spending the day at the',beach,-1.3012114763259888
187,'The journalist reported that many collapsed during the',praying,-17.541501998901367
188,'He slipped and fell on the',rock,-7.505682945251465
189,'The person who caught the thief deserves our',loyalty,-3.452670097351074
190,'It was difficult to decide which bills to pay and which to',ignore,-3.9814372062683105
191,'The cigar stank and burned a hole in the',couch,-9.507800102233887
192,'It was a dream come true because Jane had always wanted to visit Europe with her',father,-5.686432361602783
193,'One thing the old man lacked was',confidence,-6.697388648986816
194,'I started to put new plants in my garden but ran out of',room,-6.542225360870361
195,'The boys played marbles and the girls jumped',together,-9.601754188537598
196,'Our guests should be arriving',soon,-7.509246826171875
197,'He was cold most of the night and finally got up to get another',blanket,-10.364295959472656
198,'Will played his stereo much too',loud,-6.506101131439209
199,'After dinner they washed the',dog,-9.314059257507324
200,'He always seemed to be interested in looking at the',tattoos,-15.526054382324219
201,'She was docked one hour's pay for coming to work',late,-3.4344482421875
202,'The wealthy couple's three little girls enjoyed playing together in the',pool,-10.523294448852539
203,'Esther didn't think the sword was that dangerous because it wasn't very',sharp,-4.496812343597412
204,'Tricia had never seen a spider get tangled up in its own',web,-0.060140710324048996
205,'Everyone was honking at the old man who was driving too',slowly,-3.043268918991089
206,'He hated to move, but Richard wanted to live closer to his',parents,-4.88188362121582
207,'Before going out on the open seas they always checked the',weather,-1.9515175819396973
208,'The university wouldn't let him register until he paid the overdue fines on the borrowed',books,-0.7529723048210144
209,'He was packing his books and moving to a new',office,-6.737869739532471
210,'The truck that Dave drove crashed into the',tree,-10.554777145385742
211,'At the park next to the beach she saw a man with a',balloon,-10.781793594360352
212,'The ship disappeared into the thick',smoke,-5.930238723754883
213,'They decided to declaw the cat so he wouldn't tear up the',carpeting,-27.2625150680542
214,'In his haste, the young man had forgotten to sign the',waiver,-13.691328048706055
215,'After the long day at work, he lay down on the',couch,-8.011853218078613
216,'The technician never comes to work before',noon,-6.855788230895996
217,'He was knocked off his surfboard by the first',bully,-14.008956909179688
218,'It is not legal for an employer to consider a person's',attitude,-6.294740676879883
219,'Bill jumped in the lake and made a big',commotion,-30.155790328979492
220,'Joy was too frightened to',look,-7.193294048309326
221,'The police had never seen a man so',drunk,-7.7945685386657715
222,'He liked lemon and sugar in his',tea,-5.098705291748047
223,'The papers were sorted into piles of varying',sizes,-0.8140352964401245
224,'The dispute was settled by a third',party,-0.17728905379772186
225,'Since the water was unsafe they decided to drink',scotch,-26.269123077392578
226,'They left the dirty dishes in the',sink,-5.950484752655029
227,'Nicole could not read very well without her',glasses,-4.321953296661377
228,'During years of drudgery, the man had derived comfort from a single',song,-8.582326889038086
229,'There were brightly colored pictures on every',wall,-2.689631223678589
230,'Whatever he did it was unusual for him to be',erratic,-13.172164916992188
231,'You could tell he had grown up in the South by his',truck,-11.82438850402832
232,'Father carved the turkey with a',smile,-7.497252941131592
233,'Cathy worked overtime to finish her',work,-5.082791328430176
234,'She had to leave the movie when the baby started to',cry,-1.1861166954040527
235,'His ring fell into a hole in the',couch,-15.358908653259277
236,'Helen reached up to dust the',dresser,-15.751718521118164
237,'The children went outside to',play,-0.25202882289886475
238,'She bought several colorful postcards to send to her',family,-3.826786518096924
239,'Sam could not believe her story was',true,-0.7850348949432373
240,'The cat was curled up in Jill's',lap,-6.0344157218933105
241,'No one at the reunion recognized Dan because he had grown a',foot,-9.496800422668457
242,'He had just enough time to buy a cake from the store and change his clothes before the guests',phoned,-36.64495277404785
243,'In the distance they heard the',sigh,-13.909683227539062
244,'He smiled nervously as he searched through his pockets for a',key,-4.7535319328308105
245,'She wanted a roommate who would be quiet and',clean,-5.534645080566406
246,'Within minutes of arriving at the office, the detective spilled his thermos full of',coffee,-2.3304951190948486
247,'The manila folder that contained her manuscript had been',stolen,-2.369133710861206
248,'The surface of the water was nice and',cold,-6.212668418884277
249,'Sandy always wished that she had had a',dog,-7.88785457611084
250,'The candidate had spent most of his funds on',drugs,-12.097098350524902
251,'He put a clean sheet on the',clipboard,-10.23458194732666
252,'The other driver was so angry he threatened him with a',reprimand,-46.41971397399902
253,'Every year he takes a vacation in',Hawaii,-14.48184871673584
254,'Their picnic was ruined by the',bees,-13.952003479003906
255,'The schools closed down because the teachers decided to go on',strike,-3.9569785594940186
256,'After realizing he forgot utensils for his salad, the doctor went back to get himself a',napkin,-24.294822692871094
257,'Mike felt sorry, but it was not his',car,-10.222694396972656
258,'His boss refused to give him a',raise,-2.7697086334228516
259,'The long test left the class',unprepared,-28.194974899291992
260,'She finished the second load of laundry and started to',scream,-14.540091514587402
261,'The peaches she had bought at the market were very ripe and',juicy,-10.044973373413086
262,'He was grouchy because he was having trouble with his',homework,-4.526162147521973
263,'Steve spilled coffee all over his clean white',shirt,-2.300265312194824
264,'The county decided to tear down the gas station by the',dock,-15.464425086975098
265,'It's raining, and I forgot my coat, hat, and',umbrella,-2.436706781387329
266,'Keith read a story to his little girl but after only a short time she started to get',sleepy,-6.669037818908691
267,'The child was born with a rare',gift,-6.789313316345215
268,'When the two met, one of them held out his',badge,-11.51014232635498
269,'Mary went into her room to look at her',clothes,-5.509975910186768
270,'I had lost the ticket I needed to pick up my',glasses,-9.91993236541748
271,'The Vietnam vet had received the Purple Heart, and when he took off his shirt you could see all of his',scars,-12.376056671142578
272,'They had to drive for another hour before finding a place to',jog,-11.457754135131836
273,'He shouted at the top of his',staircase,-14.080927848815918
274,'They rested under a tree in the',campsite,-32.46809005737305
275,'A dog has a good sense of',smell,-2.9984097480773926
276,'The newspaper review recommended the film, and the lead actor was praised for being very',good,-3.5170624256134033
277,'Maria remembered to shut the front window and lock the back',door,-3.1452341079711914
278,'It was a very exciting story because the last thing you would expect them to do was',misspeak,-21.22307300567627
279,'There were a lot of old boxes stored in the',attic,-10.439173698425293
280,'Every morning before school his mother laid out his clothes and packed his',clarinet,-28.227985382080078
281,'Most people spend December 25th with their',presents,-10.929100036621094
282,'Shuffle the cards before you',deal,-6.726624965667725
283,'The county decided to tear down the gas station by the',park,-13.21312427520752
284,'The long test left the class',tired,-15.477676391601562
285,'Most men cannot understand why women wear',underwear,-7.838413238525391
286,'Cats loved to be scratched behind the',ears,-2.9399075508117676
287,'She thought she had seen a',ship,-7.899889945983887
288,'She pulled her head out from under the faucet and reached for a',towel,-4.680640697479248
289,'The tenants decided to take their landlord to',court,-5.599941253662109
290,'In caring for hospitalized patients, a doctor often needs the help of a',drug,-6.36632776260376
291,'I was finally able to make an appointment for the',doctor,-5.897979259490967
292,'He was soothed by the gentle',medication,-8.943498611450195
293,'When the power went out the house became',cold,-3.727461576461792
294,'The death of his dog was a great',tragedy,-1.2774639129638672
295,'He scraped the cold food from his',plate,-4.469446182250977
296,'The prisoners were planning their',escape,-1.3131824731826782
297,'I didn't like the show so I changed the',cast,-7.556672096252441
298,'I added my name to the',list,-4.106553077697754
299,'While skiing, Randy broke his',glasses,-9.514619827270508
300,'He decided to travel in Iran even though he knew it could be',expensive,-5.003906726837158
301,'Their picnic was ruined by the',rain,-5.909633636474609
302,'Giraffes are known for their long necks and zebras for their',stripes,-3.035874843597412
303,'The approaching storm made the air very',cold,-5.305172920227051
304,'The baby cried and upset her',mother,-0.7696049213409424
305,'She couldn't find anything she wanted to',do,-3.1361114978790283
306,'Although Jan was usually careful she had forgotten to turn off the',stove,-7.926424026489258
307,'She wore heavy wool socks and her sturdiest boots to go walking in the',snow,-7.386727333068848
308,'I think that my stockbroker is a',pill,-12.642735481262207
309,'A dog has a good sense of',loyalty,-9.758833885192871
310,'As the weather got warmer, Mark started wearing his lighter jacket instead of his heavy winter',coat,-6.524100303649902
311,'Although this film was an exception, she generally went to see movies that were',long,-6.8943562507629395
312,'His seat was next to the',fishtank,-59.795881271362305
313,'The bad boy was sent to his',room,-5.735739707946777
314,'Liz and Marie sat at the conference table and discussed the topic for the next',meeting,-11.003425598144531
315,'Ruby's grandchildren hired a live-in nurse because they thought she was too old to live',alone,-4.098834037780762
316,'Be careful because the top of the stove is very',hot,-2.313971519470215
317,'Every morning Susan braids her little girl's hair then helps her dress for',school,-1.3006399869918823
318,'The hinges were rusted shut, so he had to pry it open with a',crowbar,-21.406728744506836
319,'It didn't get completed because he could not locate the right',tools,-5.765810966491699
320,'John swept the floor with a',flourish,-14.09630298614502
321,'The schools closed down because the teachers decided to go on',praying,-19.760482788085938
322,'They saw the lightening and heard the',screams,-14.568860054016113
323,'It was a very exciting story because the last thing you would expect them to do was',die,-8.83245849609375
324,'The colonel wished the sergeant would treat his command not as a polite request but as a direct',reprimand,-41.08840465545654
325,'The man could not believe that they were all',staring,-6.34937858581543
326,'I just had a new sound system installed in my',office,-6.256960868835449
327,'The cows moved from the sun into the',mud,-11.887446403503418
328,'The old woman was the only one to see the',hesitation,-13.933692932128906
329,'I was impressed by how much he',knew,-4.320009231567383
330,'Ken built his new house on a quiet',hill,-4.722983360290527
331,'When she got there she found that most of the people were',white,-6.1192803382873535
332,'The teacher saw that some students were cheating and wrote down their',names,-4.875633239746094
333,'Peter painted the walls of the bird exhibit light blue to resemble the',carpeting,-29.437572479248047
334,'The hikers wanted to camp close to the',igloo,-24.923797607421875
335,'Each night the campers built a huge',fire,-11.302242279052734
336,'The white gull dove down and caught a',fish,-2.032078981399536
337,'When George couldn't get into his car, he got down on one knee and reached under the bumper for the spare',key,-9.329248428344727
338,'The other driver was so angry he threatened him with a',gun,-5.256000995635986
339,'On hot days, many people sun themselves on the',beach,-6.813673496246338
340,'As soon as they reached the sand he stopped to take off his',shoes,-2.0405592918395996
341,'The sewer backed up and caused a',flood,-4.319394588470459
342,'After the hurricane, the area around the window was filled with broken',toys,-8.53801155090332
343,'She dropped the glass and woke up the',bully,-21.7139949798584
344,'Every year he takes a vacation in',Ohio,-16.795936584472656
345,'When Drew arrived unexpectedly at the restaurant, Laurie got him a chair from the adjacent',table,-0.26125651597976685
346,'The luggage handler seemed to take great delight in tossing the boxes marked',fragile,-15.754228591918945
347,'Mr. Smith enjoyed showing people his newly installed',refrigerator,-8.488763809204102
348,'Every day, rain or shine, the joggers ran up and down the',staircase,-6.456236839294434
349,'Our government was secretly supplying the rebels with arms and',money,-4.523439884185791
350,'George must keep his pet on a',diet,-2.194563865661621
351,'When she came back from the restroom she found him in deep conversation with a',friend,-3.762406349182129
352,'That ramp has been closed for construction for several',feet,-10.969738960266113
353,'The man who was carried into the emergency room had been stabbed in a',car,-3.758845806121826
354,'After dinner, they spent a long time over coffee just',talking,-1.8880152702331543
355,'Rachel loves the smell of tobacco but she can't stand all the',lectures,-10.265873908996582
356,'As usual, he didn't do well because he had not prepared his',speech,-7.951900482177734
357,'I could not remember his',song,-8.947090148925781
358,'The officials tried to evacuate everyone from the area before the',race,-6.715065002441406
359,'I had lost the ticket I needed to pick up my',clothes,-8.128079414367676
360,'Before she arrived he opened a bottle of wine and put on some soft',music,-6.702725887298584
361,'Sharon dried the bowls with a',sigh,-14.40145492553711
362,'The little girl refused to go to sleep until he told her a',secret,-2.629758834838867
363,'Seth was uneasy because he had never liked to',phone,-9.585748672485352
364,'He bought her a pearl necklace for her',collection,-9.466443061828613
365,'Tracy and her husband weren't Catholic, but she was glad when the priest warmly welcomed their three',suggestions,-17.912851333618164
366,'Kim was relieved to see that ample food had been made for the',party,-4.3924360275268555
367,'Phil put some drops in his',eyes,-8.80587100982666
368,'They stood on the bridge tossing stale bread to the',dogs,-10.343487739562988
369,'The young boy asked for another',cookie,-10.051542282104492
370,'Whether it is true or not, most women think that men don't know how to',care,-4.534757614135742
371,'The queen waited patiently for the man to',bow,-11.444161415100098
372,'Larry chose not to join the',party,-7.543734550476074
373,'Most shark attacks occur very close to',shore,-3.5551106929779053
374,'The two hold-up men carried guns but didn't',panic,-11.09195327758789
375,'Joe went to the hardware store and bought a replacement window at twice the original',price,-1.2855132818222046
376,'The Vietnam vet had received the Purple Heart, and when he took off his shirt you could see all of his',tattoos,-12.3695068359375
377,'There were a lot of old boxes stored in the',basement,-9.688490867614746
378,'Most people spend December 25th with their',family,-3.00258207321167
379,'He was grouchy because he was having trouble with his',clarinet,-24.944381713867188
380,'They were surprised that Jack thought that it was',chalk,-15.490653991699219
381,'They rested under a tree in the',shade,-11.433917999267578
382,'At night the old woman locked the',door,-0.806793212890625
383,'Marsha wasn't worried about dinner because she knew the guests could remain eating appetizers for at least another',story,-13.914647102355957
384,'In his day, that old guy was one of the best',counselors,-9.852327346801758
385,'Cold damp weather makes her joints ache so she's been taking a lot of aspirin for the',pain,-2.189337730407715
386,'Maria remembered to shut the front window and lock the back',room,-12.933426856994629
387,'It's hard to admit when one is',wrong,-4.779288291931152
388,'All of their friends have noted that Joe and his wife are always',together,-4.827518463134766
389,'The peaches she had bought at the market were very ripe and',dirty,-14.983512878417969
390,'Rushing out he forgot to take his',camera,-8.400235176086426
391,'Rafael wants to preserve the national forest by guarding every',campsite,-31.7686185836792
392,'The piano was out of',tune,-2.878347635269165
393,'They decided to buy a small place and build an addition with two more',freezers,-28.187448501586914
394,'He really wanted to go, but decided to stay home to wait for the',mail,-7.029439449310303
395,'As a reminder of his cat's first bath, he had a scratch on his',stomach,-7.218925952911377
396,'They raised pigs on their',own,-0.8330593109130859
397,'Although she heard it ringing, Nancy was too busy cleaning the chimney to get the',timer,-9.990671157836914
398,'Most of the trees died after last year's',winter,-4.075517654418945
399,'After realizing he forgot utensils for his salad, the doctor went back to get himself a',fork,-9.532913208007812
400,'She decided to start a new',life,-7.8006911277771
401,'He was so busy and overwhelmed that he had forgotten to respond to the',question,-3.7661375999450684
402,'Alfonso has started biking to work instead of driving his',car,-1.0582890510559082
403,'Paul painted the clown's suit blue and gave him a big red',balloon,-4.96055793762207
404,'Most kids think that adults are',bitter,-12.890496253967285
405,'He wrote himself a note so that he wouldn't',misspeak,-19.315067768096924
406,'She wished she had brought something to',mend,-13.43195629119873
407,'All of her neighbors thought the old woman was a',success,-9.380026817321777
408,'Richard was afraid to walk near the edge of the cliff because he was afraid he would',vomit,-30.84423065185547
409,'He knew that he could call Chris even if it was the middle of the',game,-6.947257041931152
410,'She took the baby out when he started to cry and had to miss the rest of the',movie,-5.157920837402344
411,'Nora couldn't take the message because she didn't have a pencil or a piece of',paper,-0.026800429448485374
412,'They carelessly dumped the toxic waste into the',ocean,-7.302396297454834
413,'She cleaned the dirt from her',slippers,-24.22527027130127
414,'The problem with Christine is that she can't take a',test,-5.714276313781738
415,'He drove the nail into the',roof,-11.088842391967773
416,'They waited a long time to see the',grades,-8.957032203674316
417,'Ron bought a board for the window that was too long and then he bought one that was too',short,-0.004587126895785332
418,'Pam did not have any clothes to',wear,-1.3224067687988281
419,'The lady felt proud to look at her',daughter,-3.3929338455200195
420,'The last thing they were expecting on their wedding day was a raging',storm,-6.588486671447754
421,'He mailed the letter without a',stamp,-6.933727264404297
422,'The only food in the refrigerator was a moldy',pea,-14.741154670715332
423,'As a child he used to collect',napkins,-25.297576904296875
424,'The squirrel stored some nuts in the',tree,-4.986844539642334
425,'Every winter you see the Hernandez house and its huge chimney with puffs of billowing',smoke,-0.8731170892715454
426,'The rude waiter was not given a',tip,-6.822370529174805
427,'When you go to bed turn off the',lights,-2.548699140548706
428,'He fell on the floor after tripping on the',crack,-12.207488059997559
429,'She was glad she had brought a good book with her since there was nothing to read at the',place,-6.2220354080200195
430,'He tried to put the pieces of the broken plate back together with',glue,-12.710014343261719
431,'They went to see the famous',actor,-11.830154418945312
432,'The Italian chef was known for his fabulous',smile,-12.5987548828125
433,'None of his books made any',sense,-2.300295114517212
434,'They both have jobs but they get some extra income by raising',bees,-9.747729301452637
435,'It was important to be on',guard,-8.850399017333984
436,'The last thing he expected was to have such a',commotion,-27.336472988128662
437,'No matter how hard she tried, she could not remember the',name,-2.834094524383545
438,'Don't touch the wet',paint,-7.147866249084473
439,'No one wanted to make any decisions until after the',game,-8.268798828125
440,'I couldn't go, so I sent my secretary to the lawyers to pick up the',cash,-6.7976813316345215
441,'They had to shampoo the new beige rug after the accident with the',tray,-16.61897087097168
442,'In the mysterious wooden box the girl found a',ring,-6.365398406982422
443,'Mary went into her room to look at her',gift,-10.474480628967285
444,'Cindy taught her two-year old that the pictures are square and that the plates are',round,-4.12429141998291
445,'The child was born with a rare',disease,-2.803940773010254
446,'At first the woman refused, but eventually she changed her',mind,-0.9778890013694763
447,'The little puppy grew up to be a huge',dog,-4.720175743103027
448,'He made a holster for his',father,-5.627140045166016
449,'He quit his job and left his family so that he could sail around the',clock,-9.98865795135498
450,'The young couple reluctantly ordered new',furniture,-5.362521171569824
451,'She left the tiny baby alone in the',basket,-8.1995849609375
452,'Quite predictably, the first thing the doctor asked for was a',symptom,-11.903553009033203
453,'He crept into the room without a',plan,-7.221259593963623
454,'The rules did not allow visitors to feed the',children,-9.286598205566406
455,'The fertilizer enriched the',stink,-26.35940647125244
456,'Joan fed her baby some warm',milk,-5.771328926086426
457,'After two hours of hard work they decided to take a short',jog,-10.598210334777832
458,'She was quite surprised that Bill didn't keep his',promise,-3.8342597484588623
459,'She helped him put the finishing touches on the',presents,-12.221274375915527
460,'I sat far off to the side of the auditorium and my line of sight was blocked by a',chair,-3.1447196006774902
461,'His skin was red from spending the day at the',farm,-5.49407958984375
462,'The journalist reported that many collapsed during the',earthquake,-12.221724510192871
463,'The person who caught the thief deserves our',reward,-7.888676643371582
464,'The cigar stank and burned a hole in the',paneling,-30.02786636352539
465,'It was a dream come true because Jane had always wanted to visit Europe with her',boyfriend,-8.684691429138184
466,'The boys played marbles and the girls jumped',rope,-0.6499645709991455
467,'Our guests should be arriving',hungry,-16.757261276245117
468,'Will played his stereo much too',late,-3.381309986114502
469,'When the two met, one of them held out his',hand,-0.5865316390991211
470,'After dinner they washed the',dishes,-0.26722466945648193
471,'He always seemed to be interested in looking at the',sky,-12.684223175048828
472,'She was docked one hour's pay for coming to work',unprepared,-28.952404975891113
473,'Keith read a story to his little girl but after only a short time she started to get',scared,-3.7023704051971436
474,'The wealthy couple's three little girls enjoyed playing together in the',snow,-11.28786849975586
475,'Mike felt sorry, but it was not his',fault,-1.2305121421813965
476,'He shouted at the top of his',lungs,-5.350995063781738
477,'Esther didn't think the sword was that dangerous because it wasn't very',heavy,-3.2546019554138184
478,'Tricia had never seen a spider get tangled up in its own',meal,-11.319646835327148
479,'He hated to move, but Richard wanted to live closer to his',friends,-3.02242374420166
480,'Before going out on the open seas they always checked the',speed,-6.271905422210693
481,'The university wouldn't let him register until he paid the overdue fines on the borrowed',rackets,-28.709113121032715
482,'He was packing his books and moving to a new',place,-2.0569920539855957
483,'The truck that Dave drove crashed into the',patio,-17.033721923828125
484,'The newspaper review recommended the film, and the lead actor was praised for being very',together,-12.162548065185547
485,'It's raining, and I forgot my coat, hat, and',keys,-7.557523727416992
486,'The ship disappeared into the thick',fog,-4.924063682556152
487,'They decided to declaw the cat so he wouldn't tear up the',couch,-11.688931465148926
488,'In his haste, the young man had forgotten to sign the',clipboard,-11.551682472229004
489,'After the long day at work, he lay down on the',floor,-2.356289863586426
490,'The technician never comes to work before',breakfast,-7.695823669433594
491,'He was knocked off his surfboard by the first',wave,-2.2211034297943115
492,'It is not legal for an employer to consider a person's',race,-4.717118263244629
493,'Bill jumped in the lake and made a big',splash,-7.951388835906982
494,'Joy was too frightened to',move,-4.823648929595947
495,'The police had never seen a man so',ugly,-8.702205657958984
496,'He liked lemon and sugar in his',sauce,-10.917153358459473
497,'The papers were sorted into piles of varying',thickness,-7.420888900756836
498,'The dispute was settled by a third',trial,-12.709973335266113
499,'Since the water was unsafe they decided to drink',soda,-8.639596939086914
500,'They left the dirty dishes in the',trunk,-11.159862518310547
501,'Nicole could not read very well without her',dictionary,-9.08632755279541
502,'There were brightly colored pictures on every',card,-7.2693023681640625
503,'Whatever he did it was unusual for him to be',late,-7.3273468017578125
504,'You could tell he had grown up in the South by his',accent,-6.9277849197387695
505,'Every morning before school his mother laid out his clothes and packed his',lunch,-9.135711669921875
506,'Father carved the turkey with a',knife,-6.444067478179932
507,'They had to drive for another hour before finding a place to',eat,-3.945425510406494
508,'Cathy worked overtime to finish her',responsibility,-14.06088924407959
509,'His ring fell into a hole in the',sink,-11.613595962524414
510,'The children went outside to',look,-6.751460552215576
511,'Sam could not believe her story was',published,-9.470431327819824
512,'The cat was curled up in Jill's',hamper,-27.859752655029297
513,'No one at the reunion recognized Dan because he had grown a',beard,-4.962024688720703
514,'He had just enough time to buy a cake from the store and change his clothes before the guests',arrived,-0.4624910056591034
515,'In the distance they heard the',sound,-0.9613144993782043
516,'He smiled nervously as he searched through his pockets for a',quarter,-7.397465705871582
517,'She wanted a roommate who would be quiet and',behave,-9.342798233032227
518,'Within minutes of arriving at the office, the detective spilled his thermos full of',scotch,-23.559316635131836
519,'The surface of the water was nice and',smooth,-1.3127977848052979
520,'Sandy always wished that she had had a',badge,-9.832615852355957
521,'The candidate had spent most of his funds on',campaigning,-14.088573455810547
522,'She had to leave the movie when the baby started to',smell,-8.257242202758789
523,'We followed the path up the hill, and there under the tree was a',collar,-13.597344398498535
524,'During years of drudgery, the man had derived comfort from a single',book,-6.333222389221191
525,'He slipped and fell on the',floor,-1.641133427619934
526,'You can't open the door with the wrong',attitude,-12.1983642578125
527,'You could tell from the way he reacted that he did not like',her,-5.693660736083984
528,'I started to put new plants in my garden but ran out of',soil,-6.110683917999268
529,'Everyone was honking at the old man who was driving too',erratically,-25.904714584350586
530,'While the national anthem is played, everyone is expected to',stand,-2.6041817665100098
531,'One thing the old man lacked was',sarcasm,-31.282382011413574
532,'As a punishment, his parents immediately took away his',car,-3.571160316467285
533,'She was glad she had accompanied her friend because she was enjoying the party except for the',smoke,-8.085725784301758
534,'Josie found she could not bend the elbow of her broken',doll,-9.830511093139648
535,'The exit was marked by a large',rock,-5.4065446853637695
536,'His boss refused to give him a',drink,-5.166679382324219
537,'It was difficult to decide which bills to pay and which to',forget,-7.595011234283447
538,'Simon thinks it's ok to listen to loud music even if the door to his bedroom is',open,-2.8077468872070312
539,'He grew corn to feed his',chickens,-7.396766185760498
540,'It was time to hang the new',clothes,-5.162768363952637
541,'Although John felt some remorse he decided to return the',watch,-9.423908233642578
542,'Helen reached up to dust the',shelf,-8.210813522338867
543,'The shirt was stained with',blood,-2.1745691299438477
544,'There was a moth caught in the',draft,-17.336572647094727
545,'The groom took the bride's hand and placed the ring on her',dresser,-15.874126434326172
546,'He put a clean sheet on the',bed,-7.287252426147461
547,'He looked worried because he might have broken his',arm,-4.748238563537598
548,'She was having a hard time because she didn't know the',answer,-2.859861135482788
549,'She bought several colorful postcards to send to her',fans,-9.085599899291992
550,'He positioned the violin under his',chin,-6.921867370605469
551,'He was cold most of the night and finally got up to get another',log,-11.550996780395508
552,'The construction worker had developed very powerful arms from unloading bags of cement from the',dock,-14.105807304382324
553,'Tim's friend pushed him into a',pool,-5.997097969055176
554,'It was drafty because of the cold air leaking in through the front door and all the side',windows,-0.8207665085792542
555,'He settled for California champagne because the imported stuff was too',expensive,-0.8191448450088501
556,'The breeze lifted the',leaves,-2.7871499061584473
557,'The jeweler was asked if he would examine the ring's huge',crack,-11.120301246643066
558,'She finished the second load of laundry and started to',fold,-5.540539264678955
559,'Tim threw a rock and broke the',window,-8.468955993652344
560,'They installed an extremely expensive alarm system to protect their',truck,-11.672014236450195
561,'Steve spilled coffee all over his clean white',couch,-11.625367164611816
562,'At the park next to the beach she saw a man with a',dog,-3.9181978702545166
563,'The manila folder that contained her manuscript had been',broken,-5.186201095581055
564,'He decided to travel in Iran even though he knew it could be',dangerous,-0.35955074429512024
565,'She called her husband at his',work,-2.326080322265625
566,'She found the steady drumming of rain on the roof very',soothing,-3.6266536712646484
567,'His ring fell into a dark hole in the',sink,-13.361075401306152
568,'Steve invited his girlfriend to a',party,-0.7853172421455383
569,'The insurance company refused to pay the claim when they found out that he'd been',lying,-3.7787857055664062
570,'Betsy could never tell a',lie,-2.9591972827911377
571,'The bully punched him on the playground and broke his',nose,-5.9817280769348145
572,'They stood with the others and chatted while waiting for the',bus,-4.444544792175293
573,'Next year my little son will be going to',school,-1.5878418684005737
574,'He decided to apply for a student',loan,-1.2803213596343994
575,'My sister bought tickets for the opening',show,-5.013810157775879
576,'He hated to move, but John wanted to live closer to his',friends,-3.303579807281494
577,'The papers were sorted into several piles of varying',sizes,-0.9797798991203308
578,'During the volley someone stepped on Joe's',foot,-4.1875786781311035
579,'Jim was saving boxes for a friend who was',moving,-6.331395149230957
580,'He was tired and grouchy because he was having trouble with his',homework,-4.0591936111450195
581,'He took the money from his leather',wallet,-4.302609443664551
582,'Mrs. Stevens said that little Dennis was the loudest boy in the',class,-0.04881373420357704
583,'She cleaned the sink with a',sponge,-6.072441101074219
584,'Since they saw that the water was unsafe they decided to drink',soda,-8.160015106201172
585,'Gary could absolutely not believe his son stole a',car,-1.246344804763794
586,'Ida wanted to sing folk songs at the picnic, so she brought her',guitar,-7.799343585968018
587,'He finally bought some poison to kill the',rats,-6.768345355987549
588,'She was feeling quite cold so she put on her',jacket,-3.597458839416504
589,'The final score of the game was',tied,-6.091144561767578
590,'They had been wandering in circles because nobody had a',map,-10.538724899291992
591,'The man was caught selling an illegal',drug,-0.7598041296005249
592,'Jenny boiled the eggs in',water,-6.024616241455078
593,'The lawyer really feared that his client was',guilty,-5.4920244216918945
594,'At the park next to the beach she saw a man with a big',dog,-7.923133373260498
595,'The peaches she had bought at the market yesterday were very ripe and',juicy,-10.16760540008545
596,'She was named after her',mother,-2.160468101501465
597,'Bob thought the best time to talk to the priest would probably be on Sunday in',church,-9.67626953125
598,'The extremely long test left the class',tired,-16.322999954223633
599,'The lady felt very proud to look at her',daughter,-3.598097324371338
600,'He was caught stealing a',car,-2.8892529010772705
601,'Upon locating the suspect, the detective left quickly and called the',police,-5.12845516204834
602,'They took her car because he hated to drive in the',rain,-7.739768981933594
603,'The satellite orbited the',earth,-2.0806334018707275
604,'They asked Dave to play tennis but he was too',tired,-2.167475461959839
605,'I couldn't go myself, so I sent my secretary to the lawyers to pick up the',papers,-1.7650213241577148
606,'The bridesmaid had an ugly',dress,-7.155583381652832
607,'As reminder of his cat's first bath, he had a scratch on his',arm,-5.628757476806641
608,'Every month Rick had to clean his',room,-1.2619192600250244
609,'Every single day, rain or shine, the joggers ran up and down the',hill,-4.517441749572754
610,'His hands shook because he was very',nervous,-1.9659619331359863
611,'He always hid an extra set of keys under a',mat,-9.500558853149414
612,'Her cold drink was served with a slice of',lemon,-6.603541374206543
613,'Upon mother's strict orders, the cat's smelly litter box was kept in the',garage,-9.13111400604248
614,'Dillinger once robbed that',store,-3.867697238922119
615,'She felt dinner would definitely not be complete unless she made',dessert,-7.729611396789551
616,'They rested for a while under a tree in the',shade,-9.890359878540039
617,'He looked very worried because he might have broken his',arm,-5.283941268920898
618,'Mary was excited to see if the new toy with the colored blocks and square buttons would make the child',happy,-4.563689708709717
619,'The car accident five years ago left an ugly scar on his',face,-3.395395278930664
620,'They asked Dave to play tennis but he was too',late,-5.777394771575928
621,'Gary could not believe his son stole a',car,-1.4655085802078247
622,'He always hid an extra set of keys under a',bed,-8.010927200317383
623,'She was feeling cold so she put on her',jacket,-3.319227457046509
624,'She called her husband at his',spa,-13.276511192321777
625,'Barry wisely chose to pay the',bills,-7.770114898681641
626,'Bob thought the best time to talk to the priest would probably be on Sunday in',private,-11.687500953674316
627,'Jim was saving boxes for a friend who was',recycling,-11.01831340789795
628,'Randy froze when he saw a shadow at the end of the',pier,-18.054664611816406
629,'As reminder of his cat's first bath, he had a scratch on his',stomach,-6.34541130065918
630,'Upon locating the suspect, the detective left quickly and called the',father,-11.895995140075684
631,'Each night he built a huge',igloo,-22.044522285461426
632,'Fred put the worm on the',hook,-8.783173561096191
633,'The airline had lost her',business,-7.645837306976318
634,'Cats love to be scratched behind the',ears,-3.3744139671325684
635,'Gary could not believe his son stole a',peek,-11.512433052062988
636,'He took the money from his leather',coat,-6.088411331176758
637,'She was feeling cold so she put on her',furnace,-13.21219539642334
638,'Smith enjoyed showing people his newly installed',stereo,-10.215361595153809
639,'Barry wisely chose to pay the',mechanic,-15.261844635009766
640,'He decided to apply for a student',position,-3.6030924320220947
641,'Steve invited his girlfriend to a',church,-10.21922779083252
642,'Betsy could never tell a',difference,-6.691720008850098
643,'Fred put the worm on the',leaf,-9.127999305725098
644,'Ida wanted to sing folk songs at the picnic, so she brought her',partner,-7.948593616485596
645,'Cats love to be scratched behind the',collar,-10.445262908935547
646,'Smith enjoyed showing people his newly installed',refrigerator,-11.573873519897461
647,'Every month Rick had to clean his',teeth,-8.962337493896484
648,'Randy froze when he saw a shadow at the end of the',hall,-17.617212295532227
649,'Each night he built a huge',fire,-12.016023635864258
650,'The airline had lost her',luggage,-6.069813251495361
651,'They had been wandering in circles because nobody had a',light,-10.734207153320312
652,'They stood with the others and chatted while waiting for the',doctor,-7.407361030578613
653,'She cleaned the sink with a',solvent,-8.180273056030273
654,'They saw the lightning and heard the',screams,-13.586871147155762
655,'They saw the lightning and heard the',thunder,-0.5765076875686646
656,'The final score of the game was',disputed,-14.977858543395996
657,'It is time to hang the new',pictures,-9.320261001586914
658,'Every day, rain or shine, the jogger ran up and down the',hill,-5.277461051940918
659,'He returned the hole punch to the computer',teacher,-10.328840255737305
660,'Rafael wants to preserve the national forest by guarding every cedar',tree,-0.5702698230743408
661,'Jessie left without his toolbox or his packed',keys,-6.027453422546387
662,'The car accident five years ago left an ugly scar on his hairy',face,-4.422313690185547
663,'We sprayed the yard to keep away the nasty',bugs,-3.2351231575012207
664,'Gary could not believe his son stole that fast',watch,-19.449363708496094
665,'Although she heard it ringing, Nancy was too busy cleaning the chimney to get the cell',phone,-0.44467952847480774
666,'The hinges were rusted shut, so he had to pry it open with a sharp',crowbar,-25.90740203857422
667,'Fred put the worm on the wet',grass,-5.889370918273926
668,'She decided to start a new temporary',business,-6.965854167938232
669,'He positioned the violin under his bearded',chin,-9.93947696685791
670,'He always seemed to be interested in looking at the blue',sky,-3.757194995880127
671,'She was having a hard time because she didn't know the English',answer,-7.845341682434082
672,'It didn't get completed because he could not locate the right diagnostic',tool,-1.4240707159042358
673,'He always hid an extra set of keys under a Persian',rug,-8.691805839538574
674,'No one at the reunion recognized Dan because he had grown a long',mustache,-30.07779598236084
675,'The fertilizer enriched the dry',soil,-3.4259424209594727
676,'She was named after her famous',mother,-2.6603267192840576
677,'I sat far off to the side of the auditorium and my line of sight was blocked by a tall',beam,-7.86435079574585
678,'He was caught stealing a borrowed',car,-2.281846761703491
679,'She flipped through the stations in search of some global',news,-6.46665096282959
680,'I could hear the loud telephone ringing through the concrete',door,-3.5451393127441406
681,'Paul painted the clown's suit blue and gave him a big red snotty',balloon,-11.386548042297363
682,'The Vietnam vet had received the Purple Heart, and when he took off his shirt you could see all of his bulging',muscles,-6.901283264160156
683,'He was cold most of the night and finally got up to get another thick',blanket,-6.8729143142700195
684,'Mary went into her room to look at her illustrated',painting,-6.470851898193359
685,'The county decided to tear down the gas station by the elementary',highway,-12.020257949829102
686,'They couldn't decide on a name for their new premature',dog,-11.765148162841797
687,'They stood on the bridge tossing stale bread to the wild',ducks,-9.086271286010742
688,'In the mysterious wooden box the girl found the topographical',ring,-14.434038162231445
689,'As soon as they reached the sand, he stopped to take off his striped',shoes,-6.263072490692139
690,'The jeweler was asked if he would examine the ring's huge black',stone,-4.832661151885986
691,'She took the baby out when he started to cry and had to miss the rest of the tea',party,-3.0309507846832275
692,'I just had a new sound system installed in my living',room,-0.0027882291469722986
693,'You could tell he had grown up in the South by his racist',attitude,-7.444073677062988
694,'She was glad she had brought a good book with her since there was nothing to read at the post',office,-0.06265982240438461
695,'Upon mother's strict orders, the cat's smelly litter box was kept in the outdoor',shed,-6.029080390930176
696,'Rushing out he forgot to take his thin',jacket,-8.967226028442383
697,'They decided to declaw the cat so he wouldn't tear up the thick',couch,-10.665777206420898
698,'Their neighbors were surprised to find out that the Smiths had never visited that national',town,-10.523725509643555
699,'The breeze lifted the short',air,-13.375765800476074
700,'Barry wisely chose to pay the monthly',fee,-3.316612482070923
701,'The house at the end of the narrow road was built of red',wood,-3.475937843322754
702,'Betsy could never tell a funny',joke,-3.147688150405884
703,'Randy froze when he saw a shadow at the end of the narrow',alley,-4.54153299331665
704,'She cleaned the dirt from her blonde',hair,-0.04872892424464226
705,'Steve invited his girlfriend to a formal',party,-2.6046223640441895
706,'Every day, rain or shine, the joggers ran up and down the tall',path,-7.501150131225586
707,'Every month Rick had to clean his whole',car,-6.700738430023193
708,'Their picnic was ruined by the bad',rain,-7.499033451080322
709,'The applause could be heard throughout the echoey',auditorium,-17.032800674438477
710,'He drove the nail into the rotten',door,-9.564903259277344
711,'Dillinger once robbed that federal',bank,-1.9144401550292969
712,'She was quite surprised that Bill didn't keep his pocket',watch,-3.331984519958496
713,'He really wanted to go but decided to stay home to wait for the important',call,-8.43995475769043
714,'At the park next to the beach she saw a man with a loyal',dog,-3.0801148414611816
715,'They waited a long time to see the animated',movie,-4.806905746459961
716,'She left the tiny baby alone in the waiting',room,-0.1471720188856125
717,'The person who caught the thief deserves our loudest',applause,-9.070453643798828
718,'It was time to hang the new advent',picture,-16.229524612426758
719,'As usual, he didn't do well because he had not prepared his subconscious',mind,-2.0395023822784424
720,'The cigar stank and burned a hole in the leather',shirt,-10.087892532348633
721,'She felt dinner would not be complete unless she made decadent',dessert,-4.887533664703369
722,'They left the dirty dishes in the kitchen',sink,-6.758408069610596
723,'It's raining, and I forgot my coat, hat, and waterproof',umbrella,-6.135063171386719
724,'Her cold drink was served with a slice of fresh',lemon,-4.252078056335449
725,'The last thing they were expecting on their wedding day was a raging dark',bull,-9.134635925292969
726,'Although John felt some remorse he decided to return the library',gift,-12.417935371398926
727,'As a punishment, his parents immediately took away his favorite',toy,-1.375112533569336
728,'After getting out of the shower he sat down to have instant',breakfast,-5.6508049964904785
729,'The only food in the refrigerator was a moldy sub',sandwich,-0.3357120454311371
730,'He was so busy and overwhelmed that he had forgotten to respond to the important',email,-2.481672763824463
731,'They took her car because he hated to drive in the heavy',city,-8.246061325073242
732,'The white gull dove down and caught a slimy',worm,-5.842757225036621
733,'Ken built his new house on a quiet wooded',street,-12.868486404418945
734,'He was soothed by the gentle instrumental',wind,-9.854438781738281
735,'Liz and Marie sat at the conference table and discussed the topic for the next work',meeting,-12.051475524902344
736,'They carelessly dumped the toxic waste into the winding',ocean,-7.8843536376953125
737,'He looked worried because he might have broken his right',glasses,-10.40473461151123
738,'I think that my stockbroker is a habitual',thief,-6.127026557922363
739,'Our government was secretly supplying the rebels with arms and live',ammunition,-3.4616637229919434
740,'I don't know what his secret was, but my brother always managed to get the best academic',grades,-3.839796781539917
741,'While they were eating pancakes, Albert noticed a bee swimming in the tonic',water,-7.564905166625977
742,'Within minutes of arriving at the office, the detective spilled his thermos full of hot',soup,-5.337033271789551
743,'There were a lot of old boxes stored in the unfinished',basement,-9.652098655700684
744,'He hated to move, but Richard wanted to live closer to his single',cousin,-11.280921936035156
745,'The officials tried to evacuate everyone from the area before the developing',storm,-9.501411437988281
746,'The truck that Dave drove crashed into the solid',wall,-1.3762058019638062
747,'The man was caught selling an illegal unregistered',gun,-6.82417106628418
748,'He finally bought some poison to kill the diseased',rats,-6.6036553382873535
749,'She pulled her head out from under the faucet and reached for a monkey',wrench,-5.887340545654297
750,'She was glad she had accompanied her friend because she was enjoying the party except for the bland',music,-5.388036251068115
751,'She was feeling cold so she put on her cashmere',slippers,-25.83925724029541
752,'It was a dream come true because Jane had always wanted to visit Europe with her younger',sister,-1.2003848552703857
753,'She usually let her very competent secretary handle the difficult',calls,-7.174487590789795
754,'His seat was next to the revolving',window,-6.544638633728027
755,'If he strained his eyes he could see a tiny',bird,-6.675998687744141
756,'Coming in, he took off his smelly',hat,-4.636412143707275
757,'Steve spilled coffee all over his clean white polo',shirt,-0.4479941725730896
758,'Mr. Smith enjoyed showing people his newly installed satellite',dish,-3.400817632675171
759,'They decided to buy a small place and build an addition with two more upper',rooms,-6.231288909912109
760,'Larry chose not to join the Confederate',army,-3.087040901184082
761,'They rested under a tree in the local',park,-0.9676302075386047
762,'The shirt was stained with frying',oil,-0.24451382458209991
763,'The Italian chef was known for his fabulous bowtie',sauce,-8.678895950317383
764,'Phil put some drops in his soft',drink,-1.067413091659546
765,'Every morning before school his mother laid out his clothes and packed his messenger',lunch,-11.210803031921387
766,'Sam practiced every day in anticipation of the philharmonic',concert,-7.457400321960449
767,'The hikers wanted to camp close to the frozen',river,-4.5803327560424805
768,'Quite predictably, the first thing the doctor asked for was the specific',symptoms,-11.86837100982666
769,'The old woman was the only one to see the eerie',murder,-15.052045822143555
770,'The rude waiter was not given a generous',chance,-6.237179756164551
771,'Tim's friend pushed him into a kiddie',pool,-0.041949592530727386
772,'Since the water was unsafe they decided to drink orange',juice,-0.02086651138961315
773,'Before she arrived he opened a bottle of wine and put on some soft classical',music,-1.387864351272583
774,'There was a moth caught in the bright',light,-3.7762393951416016
775,'Peter painted the walls of the bird exhibit light blue to resemble the Pacific',ocean,-5.221831321716309
776,'He bought her a pearl necklace for her eighteenth',anniversary,-7.873668670654297
777,'Most of the trees died after last year's dreadful',drought,-4.450177192687988
778,'He slipped and fell on the uneven',ice,-7.878213882446289
779,'There were brightly colored pictures on every interior',wall,-1.419210433959961
780,'The bad boy was sent to his intimidating',father,-7.3384294509887695
781,'He grew corn to feed his dairy',cows,-1.1282155513763428
782,'Each night the campers built a huge bright',fire,-10.21794605255127
783,'The other driver was so angry he threatened him with a civil',gun,-15.984125137329102
784,'Sharon dried the bowls with a filthy',towel,-8.994670867919922
785,'We followed the path up the hill, and there, under the tree, was a gray',snake,-6.239148139953613
786,'No one wanted to make any decisions until after the corporate',party,-7.27169132232666
787,'As a child he used to collect glass',stamps,-8.615553855895996
788,'The cat was crouched in the tall grass down by the lazy',river,-4.393103122711182
789,'He fell on the floor after tripping on the oriental',cord,-13.689563751220703
790,'The bridesmaid had an ugly revealing',face,-4.713552474975586
791,'No matter how hard she tried, she could not remember the serial',name,-12.103362083435059
792,'The wealthy couple's three little girls enjoyed playing together in the front',yard,-0.8963308334350586
793,'His skin was red from spending the day at the neighborhood',beach,-7.0648193359375
794,'The journalist reported that many collapsed during the intense',heat,-6.268338203430176
795,'The cows moved from the sun into the wooden',shade,-9.652709007263184
796,'Helen reached up to dust the topmost',lamp,-9.283477783203125
797,'He liked lemon and sugar in his herbal',water,-13.430475234985352
798,'Ida wanted to sing folk songs at the picnic, so she brought her wireless',microphone,-5.045145034790039
799,'Most men cannot understand why women wear ugly',shoes,-4.542870044708252
800,'After dinner they washed the family',dishes,-4.2380805015563965
801,'In his day, that old guy was one of the best soccer',athletes,-9.659146308898926
802,'They had been wandering in circles because nobody had a detailed',map,-5.621030330657959
803,'I had lost the ticket I needed to pick up my rental',clothes,-12.526623725891113
804,'They had to shampoo the new beige rug after the accident with the mangy',wine,-14.778904914855957
805,'The Democrats seemed to focus on defense while the Republicans talked about the booming',budget,-9.829384803771973
806,'Sandy always wished that she had had a Persian',sister,-12.137435913085938
807,'Mrs. Stevens said that little Dennis was the loudest boy in the fictional',story,-3.0563607215881348
808,'Joan fed her baby some warm breast',milk,-1.5803182125091553
809,'She wore heavy wool socks and her sturdiest boots to go walking in the melting',forest,-6.486944198608398
810,'Kim was relieved to see that ample food had been made for the special',occasion,-4.278220176696777
811,'Every spring they held the annual onion',parade,-10.747262001037598
812,'The squirrel stored some nuts in the dead',ground,-10.112895965576172
813,'The sewer backed up and caused a unpleasant',flood,-11.24826431274414
814,'During years of drudgery, the man had derived comfort from a single catchy',book,-8.450786590576172
815,'They installed an extremely expensive alarm system to protect their suburban',home,-3.3112258911132812
816,'Although Jan was usually careful, she had forgotten to turn off the ultraviolet',light,-0.8098882436752319
817,'The university wouldn't let him register until he paid the overdue fines on the borrowed comic',books,-0.1728023737668991
818,'She helped him put the finishing touches on the haunted',house,-0.6578906774520874
819,'His ring fell into a hole in the tiled',floor,-0.4048233926296234
820,'He put a clean sheet on the twin',bed,-5.468600273132324
821,'When Drew arrived unexpectedly at the restaurant, Laurie got him a chair from the adjacent dining',table,-1.7194204330444336
822,'At night the old woman locked the frosty',door,-5.381650447845459
823,'The young boy asked for another tasty',treat,-4.256320953369141
824,'He was grouchy because he was having trouble with his nightmarish',sleep,-2.661811113357544
825,'The senator had once been a preschool',teacher,-0.28092384338378906
826,'He smiled nervously as he searched through his pockets for a fresh',mint,-7.479173183441162
827,'The house at the end of the narrow road was built of red',bricks,-0.8429670929908752
828,'Within minutes of arriving at the office, the detective spilled his thermos full of hot',coffee,-1.9169788360595703
829,'The person who caught the thief deserves our loudest',respect,-4.5633544921875
830,'They rested under a tree in the dim',light,-4.364083766937256
831,'Since the water was unsafe they decided to drink sweet',tea,-1.1865466833114624
832,'They had to shampoo the new beige rug after the accident with the mangy',dog,-3.771418333053589
833,'The breeze lifted the short',skirt,-9.868398666381836
834,'The bad boy was sent to his intimidating',room,-7.588441371917725
835,'We followed the path up the hill, and there, under the tree, was a gray',cat,-4.467199325561523
836,'She was glad she had accompanied her friend because she was enjoying the party except for the loud',food,-9.862997055053711
837,'The hinges were rusted shut, so he had to pry it open with a steel',knife,-4.879960536956787
838,'She took the baby out when he started to cry and had to miss the rest of the tea',movie,-13.469596862792969
839,'Liz and Marie sat at the conference table and discussed the topic for the next board',week,-13.046363830566406
840,'I just had a new sound system installed in my living',car,-17.453155517578125
841,'The squirrel stored some nuts in the dead',tree,-2.745506763458252
842,'There were a lot of old boxes stored in the unfinished',attic,-12.33360767364502
843,'Her cold drink was served with a slice of homemade',pie,-3.4587550163269043
844,'The Democrats seemed to focus on defense while the Republicans talked about the booming',economy,-0.40983670949935913
845,'It's raining, and I forgot my coat, hat, and wide',boots,-9.668651580810547
846,'He bought her a pearl necklace for her eighteenth',birthday,-0.008225374855101109
847,'He was so busy and overwhelmed that he had forgotten to respond to the footer',note,-6.968396186828613
848,'The Vietnam vet had received the Purple Heart, and when he took off his shirt you could see all of his bulging',scars,-13.66456413269043
849,'She flipped through the stations in search of some global',music,-9.608354568481445
850,'Every spring they held the annual onion',festival,-5.3976945877075195
851,'The wealthy couple's three little girls enjoyed playing together in the nearby',park,-2.7059438228607178
852,'The fertilizer enriched the green',grass,-5.438579559326172
853,'He grew corn to feed his poor',family,-1.0585927963256836
854,'She cleaned the dirt from her blonde',shoes,-12.146462440490723
855,'The last thing they were expecting on their wedding day was a raging dark',storm,-4.9290547370910645
856,'Quite predictably, the first thing the doctor asked for was the pregnancy',test,-0.7773799300193787
857,'His seat was next to the glass',door,-2.444528102874756
858,'The only food in the refrigerator was a moldy aged',cheese,-3.3775415420532227
859,'As a child he used to collect postage',marbles,-32.91249465942383
860,'Before she arrived he opened a bottle of wine and put on some soft clean',clothes,-4.7519941329956055
861,'Ken built his new house on a quiet residential',lot,-4.996545314788818
862,'Steve invited his girlfriend to a pajama',dance,-4.853689193725586
863,'Dillinger once robbed that antique',store,-0.8354785442352295
864,'The white gull dove down and caught a slimy',fish,-2.3404953479766846
865,'He really wanted to go but decided to stay home to wait for the important',bus,-9.716551780700684
866,'Every day, rain or shine, the joggers ran up and down the tall',hill,-6.343661308288574
867,'There were brightly colored pictures on every title',page,-1.0685558319091797
868,'I could hear the loud telephone ringing through the concrete',wall,-1.507716178894043
869,'The applause could be heard throughout the packed',hall,-2.4841792583465576
870,'You could tell he had grown up in the South by his racist',accent,-8.56128978729248
871,'No one wanted to make any decisions until after the corporate',meeting,-5.710966110229492
872,'When Drew arrived unexpectedly at the restaurant, Laurie got him a chair from the adjacent dinner',room,-4.317942142486572
873,'Jessie left without his toolbox or his office',lunch,-13.572654724121094
874,'He liked lemon and sugar in his herbal',tea,-0.3400231897830963
875,'At night the old woman locked the front',window,-4.782437801361084
876,'Larry chose not to join the terrorist',group,-1.097222924232483
877,'They installed an extremely expensive alarm system to protect their extended',family,-0.036396704614162445
878,'They had been wandering in circles because nobody had a magnetic',compass,-4.327207088470459
879,'She pulled her head out from under the faucet and reached for a monkey',towel,-12.315633773803711
880,'It was a dream come true because Jane had always wanted to visit Europe with her younger',boyfriend,-12.373126029968262
881,'The truck that Dave drove crashed into the solid',tree,-9.779400825500488
882,'No one at the reunion recognized Dan because he had grown a long',beard,-7.493538856506348
883,'It was time to hang the new framed',calendar,-10.149155616760254
884,'I had lost the ticket I needed to pick up my washed',car,-3.432821750640869
885,'She was glad she had brought a good book with her since there was nothing to read at the retail',store,-0.0831005722284317
886,'The county decided to tear down the gas station by the major',school,-9.374313354492188
887,'He was grouchy because he was having trouble with his fitful',dreams,-10.92155933380127
888,'He returned the hole punch to the computer',desk,-10.529787063598633
889,'Joan fed her baby some warm broccoli',soup,-6.794355392456055
890,'The car accident five years ago left an ugly scar on his handsome',chest,-8.692041397094727
891,'She was quite surprised that Bill didn't keep his pocket',promise,-19.097984313964844
892,'Rafael wants to preserve the national forest by guarding every living',creature,-5.11942195892334
893,'We sprayed the yard to keep away the wild',animals,-0.7496823072433472
894,'Coming in, he took off his smelly',shoes,-5.21386194229126
895,'She helped him put the finishing touches on the haunted',painting,-5.839161396026611
896,'Kim was relieved to see that ample food had been made for the special',party,-6.779262542724609
897,'The senator had once been a municipal',judge,-6.833254814147949
898,'He finally bought some poison to kill the stray',cat,-0.74920654296875
899,'The officials tried to evacuate everyone from the area before the rapid',flood,-7.836174964904785
900,'Every morning before school his mother laid out his clothes and packed his delicious',bag,-8.265861511230469
901,'They stood on the bridge tossing stale bread to the yellow',geese,-30.159852027893066
902,'He was caught stealing a mountain',bike,-5.021142482757568
903,'The shirt was stained with frying',blood,-10.956175804138184
904,'Their picnic was ruined by the intermittent',weather,-4.137778282165527
905,'No matter how hard she tried, she could not remember the maiden',number,-11.712343215942383
906,'While they were eating pancakes, Albert noticed a bee swimming in the tonic',syrup,-11.720635414123535
907,'Peter painted the walls of the bird exhibit light blue to resemble the Pacific',sky,-7.440690994262695
908,'Randy froze when he saw a shadow at the end of the narrow',hallway,-6.678055286407471
909,'The university wouldn't let him register until he paid the overdue fines on the borrowed student',loan,-1.922990322113037
910,'She was named after her surrogate',aunt,-7.6539082527160645
911,'The Italian chef was known for his fabulous bowtie',pasta,-7.520484924316406
912,'The other driver was so angry he threatened him with a loaded',lawsuit,-13.463970184326172
913,'Sharon dried the bowls with a paper',rag,-14.749100685119629
914,'Barry wisely chose to pay the monthly',bill,-7.000308036804199
915,'He put a clean sheet on the picnic',table,-0.1209089532494545
916,'The hikers wanted to camp close to the frozen',lake,-1.883015513420105
917,'She left the tiny baby alone in the waiting',crib,-13.315213203430176
918,'After dinner they washed the dirty',car,-6.1880998611450195
919,'They couldn't decide on a name for their new premature',baby,-3.9601962566375732
920,'Steve spilled coffee all over his clean white cargo',pants,-2.6949961185455322
921,'During years of drudgery, the man had derived comfort from a single holy',tune,-11.261860847473145
922,'He smiled nervously as he searched through his pockets for a fresh',dollar,-10.071362495422363
923,'As a punishment, his parents immediately took away his favorite',phone,-8.382501602172852
924,'There was a moth caught in the bright',web,-11.114837646484375
925,'The old woman was the only one to see the eerie',ghost,-7.209432601928711
926,'I sat far off to the side of the auditorium and my line of sight was blocked by a tall',man,-7.743329048156738
927,'Although Jan was usually careful, she had forgotten to turn off the ultraviolet',stove,-15.061321258544922
928,'Sandy always wished that she had had a twin',cat,-11.77359390258789
929,'Our government was secretly supplying the rebels with arms and live',money,-5.647315979003906
930,'The bridesmaid had an ugly revealing',dress,-9.391014099121094
931,'Most of the trees died after last year's blazing',fire,-3.3006508350372314
932,'Phil put some drops in his soft',eyes,-16.310138702392578
933,'Rushing out he forgot to take his thin',keys,-10.480502128601074
934,'He slipped and fell on the thin',pavement,-10.484674453735352
935,'He always hid an extra set of keys under a Persian',mat,-7.445164680480957
936,'They waited a long time to see the live',show,-5.417838096618652
937,'The jeweler was asked if he would examine the ring's huge black',diamond,-5.7258734703063965
938,'Although John felt some remorse he decided to return the library',book,-5.999994277954102
939,'I think that my stockbroker is a petty',liar,-14.39455509185791
940,'If he strained his eyes he could see a flying',speck,-23.837814331054688
941,'The cows moved from the sun into the partial',barn,-7.178323745727539
942,'They decided to buy a small place and build an addition with two more furnished',floors,-5.433616638183594
943,'The rude waiter was not given a generous',tip,-2.572514295578003
944,'At the park next to the beach she saw a man with a funny',hat,-4.724111557006836
945,'The sewer backed up and caused a massive',smell,-11.209362983703613
946,'The young boy asked for another tasty',cookie,-6.871868133544922
947,'Mrs. Stevens said that little Dennis was the loudest boy in the fictional',class,-3.764075756072998
948,'Ida wanted to sing folk songs at the picnic, so she brought her wireless',guitar,-8.378840446472168
949,'He always seemed to be interested in looking at the gorgeous',women,-3.6631505489349365
950,'In his day, that old guy was one of the best soccer',players,-0.04019485414028168
951,'Every month Rick had to clean his speedy',house,-8.596113204956055
952,'She decided to start a new temporary',job,-0.8686652779579163
953,'His skin was red from spending the day at the sandy',pool,-11.193489074707031
954,'He positioned the violin under his outstretched',arm,-2.979154586791992
955,'He hated to move, but Richard wanted to live closer to his single',mother,-7.525473594665527
956,'Tim's friend pushed him into a brick',wall,-0.04174095392227173
957,'His ring fell into a hole in the tiled',sink,-8.725543975830078
958,'The man was caught selling an illegal unregistered',drug,-5.171491622924805
959,'He was soothed by the gentle instrumental',music,-5.346423149108887
960,'He was cold most of the night and finally got up to get another knitted',sweater,-3.3335139751434326
961,'As usual, he didn't do well because he had not prepared his subconscious',speech,-12.666187286376953
962,'She usually let her very competent secretary handle the phone',tasks,-12.116762161254883
963,'The journalist reported that many collapsed during the tropical',storm,-3.9836785793304443
964,'I don't know what his secret was, but my brother always managed to get the best looking',girls,-9.572026252746582
965,'She was having a hard time because she didn't know the correct',language,-8.326252937316895
966,'Mary went into her room to look at her impressionist',books,-11.239875793457031
967,'Most men cannot understand why women wear ugly',heels,-13.5048189163208
968,'She wore heavy wool socks and her sturdiest boots to go walking in the melting',snow,-2.934436798095703
969,'Each night the campers built a huge improvised',tent,-6.139325141906738
970,'In the mysterious wooden box the girl found the brass',map,-9.841798782348633
971,'Upon mother's strict orders, the cat's smelly litter box was kept in the outdoor',basement,-11.35794448852539
972,'Fred put the worm on the wet',hook,-8.034721374511719
973,'The cat was crouched in the tall grass down by the shady',tree,-6.613034725189209
974,'They decided to declaw the cat so he wouldn't tear up the comfortable',carpet,-7.977470874786377
975,'He fell on the floor after tripping on the oriental',rug,-8.342044830322266
976,'Betsy could never tell a funny',lie,-9.294509887695312
977,'After getting out of the shower he sat down to have continental',coffee,-4.593858242034912
978,'It didn't get completed because he could not locate the right ink',pen,-9.251188278198242
979,'Paul painted the clown's suit blue and gave him a big red snotty',nose,-8.916837692260742
980,'Their neighbors were surprised to find out that the Smiths had never visited that national',park,-0.23413260281085968
981,'They carelessly dumped the toxic waste into the winding',river,-2.446225643157959
982,'As soon as they reached the sand, he stopped to take off his clean',shirt,-3.847684860229492
983,'The cigar stank and burned a hole in the leather',couch,-10.271474838256836
984,'Sam practiced every day in anticipation of the homecoming',dance,-6.017780303955078
985,'Although she heard it ringing, Nancy was too busy cleaning the chimney to get the locked',door,-1.5824220180511475
986,'Gary could not believe his son stole that fast',car,-11.831311225891113
987,'They took her car because he hated to drive in the heavy',rain,-2.035825252532959
988,'They left the dirty dishes in the compact',dishwasher,-13.258091926574707
989,'She felt dinner would not be complete unless she made blueberry',pie,-2.3195323944091797
990,'He drove the nail into the rotten',wood,-7.126014709472656
991,'She was feeling cold so she put on her cashmere',sweater,-3.5274767875671387
992,'He looked worried because he might have broken his right',arm,-1.7346596717834473
993,'Mr. Smith enjoyed showing people his newly installed satellite',television,-6.6444091796875
994,'Helen reached up to dust the topmost',shelf,-7.876979351043701
995,'She wore heavy wool socks and her sturdiest boots to go walking in the pine',forest,-0.13215413689613342
996,'She decided to start a new entrepreneurial',business,-2.583824634552002
997,'They couldn't decide on a name for their new trained',dog,-2.129774808883667
998,'The Vietnam vet had received the Purple Heart, and when he took off his shirt you could see all of his gruesome',muscles,-8.956697463989258
999,'Barry wisely chose to pay the electric',fee,-12.06938648223877
1000,'Fred put the worm on the dangling',grass,-11.387083053588867
1001,'Gary could not believe his son stole that expensive',watch,-8.3125581741333
1002,'We sprayed the yard to keep away the wild',bugs,-8.273078918457031
1003,'I could hear the loud telephone ringing through the sliding',door,-0.8915138840675354
1004,'Mary went into her room to look at her impressionist',painting,-1.5561084747314453
1005,'Rafael wants to preserve the national forest by guarding every living',tree,-2.2693214416503906
1006,'It didn't get completed because he could not locate the right ink',tool,-10.88918399810791
1007,'Rushing out he forgot to take his spare',jacket,-9.894286155700684
1008,'They stood on the bridge tossing stale bread to the yellow',ducks,-9.084630966186523
1009,'Joan fed her baby some warm broccoli',milk,-8.55496597290039
1010,'The hinges were rusted shut, so he had to pry it open with a steel',crowbar,-15.38610315322876
1011,'He was caught stealing a mountain',car,-5.82593297958374
1012,'The jeweler was asked if he would examine the ring's huge artificial',stone,-4.043552398681641
1013,'He always seemed to be interested in looking at the gorgeous',sky,-8.196239471435547
1014,'I just had a new sound system installed in my compact',room,-7.1758952140808105
1015,'He returned the hole punch to the substitute',teacher,-6.209741592407227
1016,'He positioned the violin under his outstretched',chin,-12.594408988952637
1017,'The car accident five years ago left an ugly scar on his handsome',face,-1.2557624578475952
1018,'He was cold most of the night and finally got up to get another knitted',blanket,-7.165798187255859
1019,'The fertilizer enriched the green',soil,-7.678581237792969
1020,'I sat far off to the side of the auditorium and my line of sight was blocked by a supporting',beam,-2.0818417072296143
1021,'In the mysterious wooden box the girl found the brass',ring,-3.4860334396362305
1022,'As soon as they reached the sand, he stopped to take off his clean',shoes,-2.9723920822143555
1023,'No one at the reunion recognized Dan because he had grown a twisted',mustache,-26.320512771606445
1024,'She flipped through the stations in search of some loud',news,-8.044445991516113
1025,'She was having a hard time because she didn't know the correct',answer,-0.5959758162498474
1026,'Jessie left without his toolbox or his office',keys,-5.6539788246154785
1027,'Their neighbors were surprised to find out that the Smiths had never visited that sleepy',town,-2.421083927154541
1028,'Mrs. Stevens said that little Dennis was the loudest boy in the entire',story,-13.84477424621582
1029,'She was named after her surrogate',mother,-3.266078472137451
1030,'Paul painted the clown's suit blue and gave him a big red inflated',balloon,-0.15153849124908447
1031,'The house at the end of the narrow road was built of sunburned',wood,-2.546292781829834
1032,'The county decided to tear down the gas station by the major',highway,-4.218817710876465
1033,'Upon mother's strict orders, the cat's smelly litter box was kept in the damp',shed,-8.818655967712402
1034,'She was glad she had brought a good book with her since there was nothing to read at the retail',office,-8.879709243774414
1035,'Although she heard it ringing, Nancy was too busy cleaning the chimney to get the locked',phone,-8.65729808807373
1036,'You could tell he had grown up in the South by his strong',attitude,-8.735553741455078
1037,'She took the baby out when he started to cry and had to miss the rest of the scary',party,-7.5094194412231445
1038,'The breeze lifted the dry',air,-3.6403090953826904
1039,'The applause could be heard throughout the packed',auditorium,-15.7371985912323
1040,'He was grouchy because he was having trouble with his fitful',sleep,-5.086146354675293
1041,'As a punishment, his parents immediately took away his smart',toy,-9.709757804870605
1042,'Kim was relieved to see that ample food had been made for the bachelorette',occasion,-11.653494834899902
1043,'The senator had once been a municipal',teacher,-8.433673858642578
1044,'Every spring they held the annual military',parade,-4.786792278289795
1045,'The white gull dove down and caught a floppy',worm,-8.608992576599121
1046,'Betsy could never tell a deliberate',joke,-11.42446517944336
1047,'During years of drudgery, the man had derived comfort from a single holy',book,-4.42349910736084
1048,'They left the dirty dishes in the compact',sink,-12.225475311279297
1049,'The squirrel stored some nuts in the cold',ground,-8.921613693237305
1050,'Although John felt some remorse he decided to return the generous',gift,-4.439229965209961
1051,'The last thing they were expecting on their wedding day was a raging Spanish',bull,-8.62126636505127
1052,'They waited a long time to see the live',movie,-9.914533615112305
1053,'At the park next to the beach she saw a man with a funny',dog,-6.638062477111816
1054,'Every month Rick had to clean his speedy',car,-5.095484256744385
1055,'Randy froze when he saw a shadow at the end of the dark',alley,-5.332643985748291
1056,'He drove the nail into the garage',door,-4.722140789031982
1057,'She felt dinner would not be complete unless she made blueberry',dessert,-5.784392356872559
1058,'The only food in the refrigerator was a moldy aged',sandwich,-9.773746490478516
1059,'Steve invited his girlfriend to a pajama',party,-1.0752993822097778
1060,'It's raining, and I forgot my coat, hat, and wide',umbrella,-9.755434036254883
1061,'Her cold drink was served with a slice of homemade',lemon,-4.205074787139893
1062,'She cleaned the dirt from her muddy',hair,-9.644317626953125
1063,'He really wanted to go but decided to stay home to wait for the school',call,-10.206911087036133
1064,'Dillinger once robbed that antique',bank,-7.179522514343262
1065,'It was time to hang the new framed',picture,-4.477193832397461
1066,'Their picnic was ruined by the intermittent',rain,-1.1220654249191284
1067,'He was so busy and overwhelmed that he had forgotten to respond to the footer',email,-8.8313570022583
1068,'The cigar stank and burned a hole in the Hawaiian',shirt,-6.386305332183838
1069,'She was quite surprised that Bill didn't keep his solemn',watch,-9.542881965637207
1070,'As usual, he didn't do well because he had not prepared his impassioned',mind,-4.566289901733398
1071,'After getting out of the shower he sat down to have continental',breakfast,-1.3561252355575562
1072,'Every day, rain or shine, the joggers ran up and down the narrow',path,-2.899407386779785
1073,'Although Jan was usually careful, she had forgotten to turn off the cooking',light,-9.067970275878906
1074,'The Italian chef was known for his fabulous pesto',sauce,-4.925086975097656
1075,'Sam practiced every day in anticipation of the homecoming',concert,-9.620347023010254
1076,'The university wouldn't let him register until he paid the overdue fines on the borrowed student',books,-7.393418788909912
1077,'His ring fell into a hole in the porcelain',floor,-5.136211395263672
1078,'The man was caught selling an illegal psychiatric',gun,-9.05925178527832
1079,'He put a clean sheet on the picnic',bed,-8.041399002075195
1080,'He finally bought some poison to kill the stray',rats,-7.9170074462890625
1081,'She pulled her head out from under the faucet and reached for a dry',wrench,-10.101040840148926
1082,'He looked worried because he might have broken his stylish',glasses,-6.198639392852783
1083,'They decided to buy a small place and build an addition with two more furnished',rooms,-0.46487313508987427
1084,'Phil put some drops in his red',drink,-8.828760147094727
1085,'If he strained his eyes he could see a flying',bird,-2.0290472507476807
1086,'Within minutes of arriving at the office, the detective spilled his thermos full of hearty',soup,-3.5561773777008057
1087,'There were a lot of old boxes stored in the dusty',basement,-10.931439399719238
1088,'Every morning before school his mother laid out his clothes and packed his delicious',lunch,-6.908814907073975
1089,'I don't know what his secret was, but my brother always managed to get the best looking',grades,-10.464425086975098
1090,'Steve spilled coffee all over his clean white cargo',shirt,-9.003334045410156
1091,'While they were eating pancakes, Albert noticed a bee swimming in the sticky',water,-3.7887284755706787
1092,'The truck that Dave drove crashed into the hickory',wall,-6.81127405166626
1093,'Liz and Marie sat at the conference table and discussed the topic for the next board',meeting,-8.078621864318848
1094,'They installed an extremely expensive alarm system to protect their extended',home,-10.301920890808105
1095,'Larry chose not to join the terrorist',army,-12.258304595947266
1096,'It was a dream come true because Jane had always wanted to visit Europe with her new',sister,-6.236144065856934
1097,'She was feeling cold so she put on her fuzzy',slippers,-22.697509765625
1098,'They rested under a tree in the dim',park,-15.235572814941406
1099,'They carelessly dumped the toxic waste into the deep',ocean,-3.4587392807006836
1100,'Mr. Smith enjoyed showing people his newly installed large',dish,-8.745987892150879
1101,'He hated to move, but Richard wanted to live closer to his distant',cousin,-5.026035308837891
1102,'She helped him put the finishing touches on the abstract',house,-14.507914543151855
1103,'Our government was secretly supplying the rebels with arms and counterfeit',ammunition,-8.297639846801758
1104,'She was glad she had accompanied her friend because she was enjoying the party except for the loud',music,-1.0504690408706665
1105,'She usually let her very competent secretary handle the phone',calls,-0.27921295166015625
1106,'Coming in, he took off his hard',hat,-1.5380688905715942
1107,'Quite predictably, the first thing the doctor asked for was the pregnancy',symptoms,-10.777956008911133
1108,'I think that my stockbroker is a petty',thief,-4.952010154724121
1109,'He grew corn to feed his poor',cows,-7.947558879852295
1110,'Sharon dried the bowls with a paper',towel,-1.084052324295044
1111,'The old woman was the only one to see the gruesome',murder,-10.009428024291992
1112,'Since the water was unsafe they decided to drink sweet',juice,-5.981748104095459
1113,'The rude waiter was not given a second',chance,-0.08098621666431427
1114,'They had to shampoo the new beige rug after the accident with the expensive',wine,-6.634790897369385
1115,'No matter how hard she tried, she could not remember the maiden',name,-4.398003101348877
1116,'We followed the path up the hill, and there, under the tree, was a poisonous',snake,-2.111501693725586
1117,'When Drew arrived unexpectedly at the restaurant, Laurie got him a chair from the adjacent dinner',table,-0.22999344766139984
1118,'The Democrats seemed to focus on defense while the Republicans talked about the balanced',budget,-3.267967462539673
1119,'Peter painted the walls of the bird exhibit light blue to resemble the cloudless',ocean,-14.139375686645508
1120,'I had lost the ticket I needed to pick up my washed',clothes,-2.2303967475891113
1121,'The cat was crouched in the tall grass down by the shady',river,-7.29123592376709
1122,'His skin was red from spending the day at the sandy',beach,-0.06377418339252472
1123,'No one wanted to make any decisions until after the birthday',party,-1.3048959970474243
1124,'Helen reached up to dust the halogen',lamp,-5.087060451507568
1125,'He bought her a pearl necklace for her first',anniversary,-4.666420936584473
1126,'Tim's friend pushed him into a brick',pool,-15.449299812316895
1127,'He fell on the floor after tripping on the power',cord,-7.70995569229126
1128,'The bridesmaid had an ugly pale',face,-2.8353466987609863
1129,'The wealthy couple's three little girls enjoyed playing together in the nearby',yard,-10.634632110595703
1130,'At night the old woman locked the front',door,-0.05426565557718277
1131,'There was a moth caught in the spider',light,-8.305638313293457
1132,'The other driver was so angry he threatened him with a loaded',gun,-0.2253575325012207
1133,'The cows moved from the sun into the partial',shade,-10.787378311157227
1134,'Most of the trees died after last year's blazing',drought,-7.4013872146606445
1135,'Sandy always wished that she had had a twin',sister,-1.9724156856536865
1136,'The young boy asked for another homemade',treat,-8.945822715759277
1137,'Most men cannot understand why women wear high',shoes,-5.522094249725342
1138,'Before she arrived he opened a bottle of wine and put on some soft clean',music,-10.647388458251953
1139,'Ida wanted to sing folk songs at the picnic, so she brought her acoustic',microphone,-10.451674461364746
1140,'In his day, that old guy was one of the best collegiate',athletes,-5.076452255249023
1141,'There were brightly colored pictures on every title',wall,-10.268345832824707
1142,'They had been wandering in circles because nobody had a magnetic',map,-11.131818771362305
1143,'As a child he used to collect postage',stamps,-0.01465308852493763
1144,'He slipped and fell on the thin',ice,-1.4839457273483276
1145,'He always hid an extra set of keys under a rubber',rug,-13.91549015045166
1146,'They decided to declaw the cat so he wouldn't tear up the comfortable',couch,-10.091826438903809
1147,'The sewer backed up and caused a massive',flood,-4.645766735076904
1148,'They took her car because he hated to drive in the big',city,-2.703273296356201
1149,'Ken built his new house on a quiet residential',street,-1.4756791591644287
1150,'She left the tiny baby alone in the little',room,-2.7679669857025146
1151,'The officials tried to evacuate everyone from the area before the rapid',storm,-9.976228713989258
1152,'His seat was next to the glass',window,-1.72560453414917
1153,'He smiled nervously as he searched through his pockets for a single',mint,-11.02275276184082
1154,'The shirt was stained with dried',oil,-6.863673210144043
1155,'He liked lemon and sugar in his sparkling',water,-4.672468185424805
1156,'The journalist reported that many collapsed during the tropical',heat,-8.797884941101074
1157,'The bad boy was sent to his own',father,-5.2885589599609375
1158,'Each night the campers built a huge improvised',fire,-10.92740249633789
1159,'After dinner they washed the dirty',dishes,-0.2920095920562744
1160,'He was soothed by the gentle southerly',wind,-0.48586228489875793
1161,'The person who caught the thief deserves our utmost',applause,-13.214128494262695
1162,'The hikers wanted to camp close to the mighty',river,-0.4544955790042877
1163,'Quite predictably, the first thing the doctor asked for was the specific',test,-7.772829055786133
1164,'Since the water was unsafe they decided to drink orange',tea,-10.813957214355469
1165,'Her cold drink was served with a slice of fresh',pie,-6.707348823547363
1166,'The squirrel stored some nuts in the cold',tree,-7.677547931671143
1167,'No one wanted to make any decisions until after the birthday',meeting,-9.80594253540039
1168,'Every day, rain or shine, the joggers ran up and down the narrow',hill,-7.216394424438477
1169,'He bought her a pearl necklace for her first',birthday,-1.4613715410232544
1170,'Within minutes of arriving at the office, the detective spilled his thermos full of hearty',coffee,-5.929196357727051
1171,'She was feeling cold so she put on her fuzzy',sweater,-7.034116744995117
1172,'Steve invited his girlfriend to a formal',dance,-2.4809794425964355
1173,'The wealthy couple's three little girls enjoyed playing together in the front',park,-6.755234718322754
1174,'They had to shampoo the new beige rug after the accident with the expensive',dog,-8.847013473510742
1175,'The last thing they were expecting on their wedding day was a raging Spanish',storm,-7.729332447052002
1176,'The person who caught the thief deserves our utmost',respect,-0.11792247742414474
1177,'His seat was next to the revolving',door,-0.3797617554664612
1178,'The fertilizer enriched the dry',grass,-5.975987434387207
1179,'He really wanted to go but decided to stay home to wait for the school',bus,-2.9973769187927246
1180,'Ken built his new house on a quiet wooded',lot,-6.9388227462768555
1181,'Every spring they held the annual military',festival,-7.718397617340088
1182,'The house at the end of the narrow road was built of sunburned',bricks,-2.6740050315856934
1183,'He was so busy and overwhelmed that he had forgotten to respond to the important',note,-8.135393142700195
1184,'She cleaned the dirt from her muddy',shoes,-1.5863633155822754
1185,'She flipped through the stations in search of some loud',music,-2.08341121673584
1186,'The breeze lifted the dry',skirt,-13.554898262023926
1187,'You could tell he had grown up in the South by his strong',accent,-5.94395637512207
1188,'As a child he used to collect glass',marbles,-18.86312460899353
1189,'They rested under a tree in the local',light,-11.820198059082031
1190,'Dillinger once robbed that federal',store,-9.011795043945312
1191,'It's raining, and I forgot my coat, hat, and waterproof',boots,-4.671487808227539
1192,'The Vietnam vet had received the Purple Heart, and when he took off his shirt you could see all of his gruesome',scars,-9.951336860656738
1193,'There were brightly colored pictures on every interior',page,-5.297455787658691
1194,'The hinges were rusted shut, so he had to pry it open with a sharp',knife,-2.8306758403778076
1195,'She took the baby out when he started to cry and had to miss the rest of the scary',movie,-1.0254859924316406
1196,'The bad boy was sent to his own',room,-6.685236930847168
1197,'She was glad she had accompanied her friend because she was enjoying the party except for the bland',food,-4.862946033477783
1198,'Liz and Marie sat at the conference table and discussed the topic for the next work',week,-5.221952438354492
1199,'There were a lot of old boxes stored in the dusty',attic,-10.12808609008789
1200,'Before she arrived he opened a bottle of wine and put on some soft classical',clothes,-11.798998832702637
1201,'The white gull dove down and caught a floppy',fish,-3.5193428993225098
1202,'We followed the path up the hill, and there, under the tree, was a poisonous',cat,-6.250085830688477
1203,'The applause could be heard throughout the echoey',hall,-2.980616807937622
1204,'The only food in the refrigerator was a moldy sub',cheese,-12.278692245483398
1205,'He grew corn to feed his dairy',family,-8.421399116516113
1206,'She helped him put the finishing touches on the abstract',painting,-6.696203231811523
1207,'Kim was relieved to see that ample food had been made for the bachelorette',party,-0.10203608125448227
1208,'At night the old woman locked the frosty',window,-6.494851589202881
1209,'It was a dream come true because Jane had always wanted to visit Europe with her new',boyfriend,-8.887662887573242
1210,'Larry chose not to join the Confederate',group,-6.710175514221191
1211,'Coming in, he took off his hard',shoes,-3.007631301879883
1212,'She was named after her famous',aunt,-5.964511871337891
1213,'While they were eating pancakes, Albert noticed a bee swimming in the sticky',syrup,-8.784136772155762
1214,'They stood on the bridge tossing stale bread to the wild',geese,-18.98648691177368
1215,'She pulled her head out from under the faucet and reached for a dry',towel,-3.5857748985290527
1216,'Joan fed her baby some warm breast',soup,-6.812289237976074
1217,'He finally bought some poison to kill the diseased',cat,-5.4879841804504395
1218,'She was quite surprised that Bill didn't keep his solemn',promise,-6.784012794494629
1219,'He was caught stealing a borrowed',bike,-5.616032600402832
1220,'Jessie left without his toolbox or his packed',lunch,-2.266075849533081
1221,'They had been wandering in circles because nobody had a detailed',compass,-12.15914535522461
1222,'We sprayed the yard to keep away the nasty',animals,-5.2736945152282715
1223,'The car accident five years ago left an ugly scar on his hairy',chest,-8.430985450744629
1224,'He was grouchy because he was having trouble with his nightmarish',dreams,-6.629541397094727
1225,'He returned the hole punch to the substitute',desk,-11.025444030761719
1226,'The shirt was stained with dried',blood,-2.8583478927612305
1227,'It was time to hang the new advent',calendar,-6.354564666748047
1228,'I had lost the ticket I needed to pick up my rental',car,-0.09994395077228546
1229,'The senator had once been a preschool',judge,-14.33293628692627
1230,'The county decided to tear down the gas station by the elementary',school,-0.3351118862628937
1231,'Their picnic was ruined by the bad',weather,-0.3433583378791809
1232,'The other driver was so angry he threatened him with a civil',lawsuit,-6.1374688148498535
1233,'When Drew arrived unexpectedly at the restaurant, Laurie got him a chair from the adjacent dining',room,-0.44561105966567993
1234,'The university wouldn't let him register until he paid the overdue fines on the borrowed comic',loan,-18.9197998046875
1235,'No one at the reunion recognized Dan because he had grown a twisted',beard,-8.90653133392334
1236,'The truck that Dave drove crashed into the hickory',tree,-0.3445810079574585
1237,'The officials tried to evacuate everyone from the area before the developing',flood,-10.3218994140625
1238,'Every morning before school his mother laid out his clothes and packed his messenger',bag,-0.751903235912323
1239,'As a punishment, his parents immediately took away his smart',phone,-2.3624138832092285
1240,'Mrs. Stevens said that little Dennis was the loudest boy in the entire',class,-2.810499906539917
1241,'The hikers wanted to camp close to the mighty',lake,-4.420309066772461
1242,'Most of the trees died after last year's dreadful',fire,-6.69635009765625
1243,'Phil put some drops in his red',eyes,-10.701810836791992
1244,'Helen reached up to dust the halogen',shelf,-9.358928680419922
1245,'He always hid an extra set of keys under a rubber',mat,-5.94498348236084
1246,'They waited a long time to see the animated',show,-7.911741733551025
1247,'There was a moth caught in the spider',web,-0.9346122741699219
1248,'I sat far off to the side of the auditorium and my line of sight was blocked by a supporting',man,-14.830296516418457
1249,'After dinner they washed the family',car,-1.4710421562194824
1250,'Sharon dried the bowls with a filthy',rag,-12.39189624786377
1251,'They decided to buy a small place and build an addition with two more upper',floors,-0.8373889923095703
1252,'The rude waiter was not given a second',tip,-11.589130401611328
1253,'He slipped and fell on the uneven',pavement,-8.381416320800781
1254,'She left the tiny baby alone in the little',crib,-8.632590293884277
1255,'Although John felt some remorse he decided to return the generous',book,-11.582612037658691
1256,'In his day, that old guy was one of the best collegiate',players,-7.478967189788818
1257,'Sandy always wished that she had had a Persian',cat,-5.907792568206787
1258,'They couldn't decide on a name for their new trained',baby,-7.764966011047363
1259,'He looked worried because he might have broken his stylish',arm,-10.333392143249512
1260,'Ida wanted to sing folk songs at the picnic, so she brought her acoustic',guitar,-3.0079100131988525
1261,'If he strained his eyes he could see a tiny',speck,-19.312150955200195
1262,'Rushing out he forgot to take his spare',keys,-7.926667213439941
1263,'The sewer backed up and caused a unpleasant',smell,-3.019068956375122
1264,'Although Jan was usually careful, she had forgotten to turn off the cooking',stove,-6.955517292022705
1265,'The bridesmaid had an ugly pale',dress,-8.89920425415039
1266,'The old woman was the only one to see the gruesome',ghost,-11.594822883605957
1267,'I think that my stockbroker is a habitual',liar,-3.785914659500122
1268,'He always seemed to be interested in looking at the blue',women,-11.865904808044434
1269,'The cows moved from the sun into the wooden',barn,-5.653538703918457
1270,'During years of drudgery, the man had derived comfort from a single catchy',tune,-8.714999198913574
1271,'He put a clean sheet on the twin',table,-10.508283615112305
1272,'The young boy asked for another homemade',cookie,-5.4841413497924805
1273,'He smiled nervously as he searched through his pockets for a single',dollar,-6.860500335693359
1274,'Every month Rick had to clean his whole',house,-0.4210420548915863
1275,'Our government was secretly supplying the rebels with arms and counterfeit',money,-0.3993339240550995
1276,'Barry wisely chose to pay the electric',bill,-4.500255584716797
1277,'Although she heard it ringing, Nancy was too busy cleaning the chimney to get the cell',door,-7.455026149749756
1278,'The cat was crouched in the tall grass down by the lazy',tree,-9.820491790771484
1279,'They left the dirty dishes in the kitchen',dishwasher,-15.346708297729492
1280,'After getting out of the shower he sat down to have instant',coffee,-0.7575612664222717
1281,'The man was caught selling an illegal psychiatric',drug,-1.5443867444992065
1282,'Most men cannot understand why women wear high',heels,-0.9806743264198303
1283,'Fred put the worm on the dangling',hook,-5.94787073135376
1284,'The cigar stank and burned a hole in the Hawaiian',couch,-13.452615737915039
1285,'His ring fell into a hole in the porcelain',sink,-6.5167646408081055
1286,'As soon as they reached the sand, he stopped to take off his striped',shirt,-4.299004077911377
1287,'In the mysterious wooden box the girl found the topographical',map,-0.40844297409057617
1288,'Gary could not believe his son stole that expensive',car,-3.418074369430542
1289,'She felt dinner would not be complete unless she made decadent',pie,-5.282531261444092
1290,'Tim's friend pushed him into a kiddie',wall,-11.956402778625488
1291,'Each night the campers built a huge bright',tent,-8.377911567687988
1292,'Mary went into her room to look at her illustrated',books,-6.959650993347168
1293,'They took her car because he hated to drive in the big',rain,-6.662312030792236
1294,'He hated to move, but Richard wanted to live closer to his distant',mother,-4.472653388977051
1295,'Paul painted the clown's suit blue and gave him a big red inflated',nose,-7.0108723640441895
1296,'She wore heavy wool socks and her sturdiest boots to go walking in the pine',snow,-11.769952774047852
1297,'They carelessly dumped the toxic waste into the deep',river,-6.224486351013184
1298,'His skin was red from spending the day at the neighborhood',pool,-5.864497184753418
1299,'He fell on the floor after tripping on the power',rug,-13.859621047973633
1300,'She decided to start a new entrepreneurial',job,-8.226465225219727
1301,'Their neighbors were surprised to find out that the Smiths had never visited that sleepy',park,-6.7115349769592285
1302,'He was cold most of the night and finally got up to get another thick',sweater,-8.66076374053955
1303,'It didn't get completed because he could not locate the right diagnostic',pen,-13.764958381652832
1304,'He positioned the violin under his bearded',arm,-8.770437240600586
1305,'Sam practiced every day in anticipation of the philharmonic',dance,-8.507241249084473
1306,'She was having a hard time because she didn't know the English',language,-2.471405029296875
1307,'She usually let her very competent secretary handle the difficult',tasks,-0.4470258951187134
1308,'Upon mother's strict orders, the cat's smelly litter box was kept in the damp',basement,-6.980758190155029
1309,'I just had a new sound system installed in my compact',car,-3.6372671127319336
1310,'The Democrats seemed to focus on defense while the Republicans talked about the balanced',economy,-7.52143669128418
1311,'I could hear the loud telephone ringing through the sliding',wall,-8.249966621398926
1312,'No matter how hard she tried, she could not remember the serial',number,-0.7691987752914429
1313,'She was glad she had brought a good book with her since there was nothing to read at the post',store,-11.461786270141602
1314,'Randy froze when he saw a shadow at the end of the dark',hallway,-7.6883015632629395
1315,'Peter painted the walls of the bird exhibit light blue to resemble the cloudless',sky,-0.23291148245334625
1316,'He liked lemon and sugar in his sparkling',tea,-5.089694023132324
1317,'Rafael wants to preserve the national forest by guarding every cedar',creature,-16.360931396484375
1318,'The Italian chef was known for his fabulous pesto',pasta,-8.006041526794434
1319,'They installed an extremely expensive alarm system to protect their suburban',family,-9.537212371826172
1320,'The jeweler was asked if he would examine the ring's huge artificial',diamond,-4.815831184387207
1321,'At the park next to the beach she saw a man with a loyal',hat,-7.791202068328857
1322,'Mr. Smith enjoyed showing people his newly installed large',television,-8.014982223510742
1323,'Steve spilled coffee all over his clean white polo',pants,-9.421538352966309
1324,'They decided to declaw the cat so he wouldn't tear up the thick',carpet,-4.670515537261963
1325,'He drove the nail into the garage',wood,-14.00889778137207
1326,'As usual, he didn't do well because he had not prepared his impassioned',speech,-2.19724178314209
1327,'The journalist reported that many collapsed during the intense',storm,-4.6874895095825195
1328,'He was soothed by the gentle southerly',music,-11.696759223937988
1329,'Betsy could never tell a deliberate',lie,-6.8218865394592285
1330,'I don't know what his secret was, but my brother always managed to get the best academic',girls,-14.460915565490723
