sentence_num,sentence,word,qwen_prob
1,'She was glad she had accompanied her friend because she was enjoying the party except for the music',music,-9.117754936218262
2,'Shuffle the cards before you forget',forget,-12.987054824829102
3,'Most men cannot understand why women wear makeup',makeup,-9.955204010009766
4,'Cats loved to be scratched behind the collar',collar,-12.645487785339355
5,'She thought she had seen a ghost',ghost,-10.306368827819824
6,'She pulled her head out from under the faucet and reached for a pill',pill,-9.798818588256836
7,'The tenants decided to take their landlord to breakfast',breakfast,-10.143386840820312
8,'He settled for California champagne because the imported stuff was too bitter',bitter,-9.298029899597168
9,'In caring for hospitalized patients, a doctor often needs the help of a nurse',nurse,-8.13650894165039
10,'I was finally able to make an appointment for the test',test,-9.210576057434082
11,'He was soothed by the gentle touch',touch,-8.64938735961914
12,'When the power went out the house became dark',dark,-5.778802394866943
13,'The death of his dog was a great expense',expense,-7.511721134185791
14,'He scraped the cold food from his floor',floor,-7.0491132736206055
15,'The prisoners were planning their party',party,-8.501815795898438
16,'I didn't like the show so I changed the channel',channel,-10.260613441467285
17,'I added my name to the basket',basket,-8.765789031982422
18,'While skiing, Randy broke his leg',leg,-18.705142974853516
19,'The breeze lifted the smell',smell,-9.174039840698242
20,'Giraffes are known for their long necks and zebras for their speed',speed,-7.2930908203125
21,'The approaching storm made the air very heavy',heavy,-8.117201805114746
22,'The baby cried and upset her stomach',stomach,-10.924073219299316
23,'She couldn't find anything she wanted to own',own,-11.272624015808105
24,'Although Jan was usually careful she had forgotten to turn off the freezers',freezers,-9.00126372417435
25,'Josie found she could not bend the elbow of her broken arm',arm,-10.23067569732666
26,'She wore heavy wool socks and her sturdiest boots to go walking in the mud',mud,-8.736532211303711
27,'I think that my stockbroker is a crook',crook,-9.822923421859741
28,'Tim threw a rock and broke the camera',camera,-11.567537307739258
29,'As the weather got warmer, Mark started wearing his lighter jacket instead of his heavy winter underwear',underwear,-9.936080932617188
30,'Although this film was an exception, she generally went to see movies that were funny',funny,-6.634864330291748
31,'His seat was next to the window',window,-8.237950325012207
32,'The bad boy was sent to his counselor',counselor,-10.857172012329102
33,'Liz and Marie sat at the conference table and discussed the topic for the next lecture',lecture,-10.209911346435547
34,'Ruby's grandchildren hired a live-in nurse because they thought she was too old to live long',long,-8.659934043884277
35,'The jeweler was asked if he would examine the ring's huge diamond',diamond,-7.135429859161377
36,'Be careful because the top of the stove is very dirty',dirty,-8.738085746765137
37,'Every morning Susan braids her little girl's hair then helps her dress for success',success,-10.917939186096191
38,'The hinges were rusted shut, so he had to pry it open with a flourish',flourish,-10.071771621704102
39,'It didn't get completed because he could not locate the right dictionary',dictionary,-8.049715042114258
40,'We followed the path up the hill, and there under the tree was a cat',cat,-7.346751689910889
41,'John swept the floor with a broom',broom,-13.37421602755785
42,'The groom took the bride's hand and placed the ring on her finger',finger,-13.830081939697266
43,'They saw the lightening and heard the thunder',thunder,-10.483328819274902
44,'The colonel wished the sergeant would treat his command not as a polite request but as a direct order',order,-8.421109199523926
45,'The man could not believe that they were all dead',dead,-8.365941047668457
46,'I just had a new sound system installed in my car',car,-10.193130493164062
47,'The cows moved from the sun into the shade',shade,-12.999429702758789
48,'The old woman was the only one to see the accident',accident,-8.983905792236328
49,'I was impressed by how much he published',published,-11.216976165771484
50,'Ken built his new house on a quiet farm',farm,-13.637434959411621
51,'She was having a hard time because she didn't know the story',story,-11.47905158996582
52,'When she got there she found that most of the people were gone',gone,-9.41904354095459
53,'The teacher saw that some students were cheating and wrote down their grades',grades,-10.826360702514648
54,'Peter painted the walls of the bird exhibit light blue to resemble the sky',sky,-7.6428704261779785
55,'The hikers wanted to camp close to the river',river,-11.709580421447754
56,'Each night the campers built a huge igloo',igloo,-9.003603614866734
57,'The white gull dove down and caught a draft',draft,-9.531726837158203
58,'When George couldn't get into his car, he got down on one knee and reached under the bumper for the spare cash',cash,-10.169468879699707
59,'On hot days, many people sun themselves on the roof',roof,-6.440765857696533
60,'As soon as they reached the sand he stopped to take off his watch',watch,-8.28332805633545
61,'The sewer backed up and caused a stink',stink,-10.522159576416016
62,'After the hurricane, the area around the window was filled with broken glass',glass,-9.679287910461426
63,'She dropped the glass and woke up the baby',baby,-11.183215141296387
64,'When Drew arrived unexpectedly at the restaurant, Laurie got him a chair from the adjacent patio',patio,-8.971076011657715
65,'Tim's friend pushed him into a hamper',hamper,-16.14011387899518
66,'The luggage handler seemed to take great delight in tossing the boxes marked Ohio',Ohio,-6.896124362945557
67,'Mr. Smith enjoyed showing people his newly installed stereo',stereo,-9.177117347717285
68,'Every day, rain or shine, the joggers ran up and down the hill',hill,-13.55190658569336
69,'Our government was secretly supplying the rebels with arms and ships',ships,-12.319548606872559
70,'George must keep his pet on a leash',leash,-15.665779113769531
71,'When she came back from the restroom she found him in deep conversation with a guard',guard,-9.441150665283203
72,'That ramp has been closed for construction for several days',days,-10.702458381652832
73,'The man who was carried into the emergency room had been stabbed in a fight',fight,-11.35405158996582
74,'After dinner, they spent a long time over coffee just staring',staring,-6.556417942047119
75,'Rachel loves the smell of tobacco but she can't stand all the smoke',smoke,-7.645692348480225
76,'As usual, he didn't do well because he had not prepared his plan',plan,-12.01254940032959
77,'I could not remember his name',name,-9.214564323425293
78,'The officials tried to evacuate everyone from the area before the explosion',explosion,-13.622405052185059
79,'Before she arrived he opened a bottle of wine and put on some soft slippers',slippers,-9.284465319477022
80,'Sharon dried the bowls with a towel',towel,-11.511335372924805
81,'The little girl refused to go to sleep until he told her a story',story,-9.521714210510254
82,'Seth was uneasy because he had never liked to lie',lie,-8.313614845275879
83,'He bought her a pearl necklace for her birthday',birthday,-10.95858383178711
84,'Tracy and her husband weren't Catholic, but she was glad when the priest warmly welcomed their three children',children,-10.270855903625488
85,'Kim was relieved to see that ample food had been made for the hungry',hungry,-9.037375450134277
86,'Phil put some drops in his fishtank',fishtank,-16.938076185062528
87,'He grew corn to feed his children',children,-10.701449394226074
88,'They stood on the bridge tossing stale bread to the ducks',ducks,-9.759134292602539
89,'The young boy asked for another drink',drink,-11.290210723876953
90,'Whether it is true or not, most women think that men don't know how to cook',cook,-10.697922706604004
91,'He looked worried because he might have broken his collection',collection,-8.476961135864258
92,'The queen waited patiently for the man to crack',crack,-8.785207748413086
93,'Larry chose not to join the army',army,-10.770515441894531
94,'Most shark attacks occur very close to winter',winter,-11.557596206665039
95,'You can't open the door with the wrong key',key,-5.923154354095459
96,'He positioned the violin under his chair',chair,-11.175318717956543
97,'The two hold-up men carried guns but didn't shoot',shoot,-8.892601013183594
98,'Joe went to the hardware store and bought a replacement window at twice the original thickness',thickness,-6.752211570739746
99,'As a punishment, his parents immediately took away his toys',toys,-10.842930793762207
100,'They were surprised that Jack thought that it was funny',funny,-9.690185546875
101,'It was time to hang the new pictures',pictures,-9.497693061828613
102,'At night the old woman locked the refrigerator',refrigerator,-10.38850212097168
103,'Marsha wasn't worried about dinner because she knew the guests could remain eating appetizers for at least another hour',hour,-12.036989212036133
104,'In his day, that old guy was one of the best athletes',athletes,-10.070899963378906
105,'Cold damp weather makes her joints ache so she's been taking a lot of aspirin for the race',race,-9.145431518554688
106,'It's hard to admit when one is scared',scared,-9.50224781036377
107,'There was a moth caught in the light',light,-8.087387084960938
108,'All of their friends have noted that Joe and his wife are always late',late,-7.695590019226074
109,'Rushing out he forgot to take his keys',keys,-8.118494033813477
110,'Rafael wants to preserve the national forest by guarding every tree',tree,-9.978193283081055
111,'The exit was marked by a large sign',sign,-9.531082153320312
112,'The piano was out of place',place,-12.717533111572266
113,'They decided to buy a small place and build an addition with two more rooms',rooms,-9.797300338745117
114,'He really wanted to go, but decided to stay home to wait for the timer',timer,-7.9797139167785645
115,'As a reminder of his cat's first bath, he had a scratch on his arm',arm,-11.074317932128906
116,'They raised pigs on their farm',farm,-9.003785133361816
117,'Although she heard it ringing, Nancy was too busy cleaning the chimney to get the phone',phone,-10.858894348144531
118,'Most of the trees died after last year's drought',drought,-8.239224433898926
119,'She decided to start a new diet',diet,-7.409451484680176
120,'He was so busy and overwhelmed that he had forgotten to respond to the card',card,-9.089841842651367
121,'Alfonso has started biking to work instead of driving his friends',friends,-12.303861618041992
122,'Paul painted the clown's suit blue and gave him a big red nose',nose,-12.307221412658691
123,'Most kids think that adults are old',old,-8.611584663391113
124,'He wrote himself a note so that he wouldn't forget',forget,-8.095038414001465
125,'She wished she had brought something to eat',eat,-10.629249572753906
126,'All of her neighbors thought the old woman was a witch',witch,-11.651108741760254
127,'Richard was afraid to walk near the edge of the cliff because he was afraid he would fall',fall,-8.855696678161621
128,'He knew that he could call Chris even if it was the middle of the night',night,-10.916923522949219
129,'She took the baby out when he started to cry and had to miss the rest of the game',game,-12.311854362487793
130,'Nora couldn't take the message because she didn't have a pencil or a piece of chalk',chalk,-9.082845687866211
131,'They carelessly dumped the toxic waste into the trunk',trunk,-11.949110984802246
132,'She cleaned the dirt from her shoes',shoes,-11.681666374206543
133,'Simon thinks it's ok to listen to loud music even if the door to his bedroom is broken',broken,-10.350049018859863
134,'The problem with Christine is that she can't take a joke',joke,-13.46073055267334
135,'He drove the nail into the wood',wood,-10.890111923217773
136,'They waited a long time to see the show',show,-9.978921890258789
137,'Ron bought a board for the window that was too long and then he bought one that was too ugly',ugly,-13.599176406860352
138,'Pam did not have any clothes to mend',mend,-14.600667953491211
139,'The lady felt proud to look at her meal',meal,-9.987768173217773
140,'The last thing they were expecting on their wedding day was a raging panic',panic,-6.630393981933594
141,'He mailed the letter without a hesitation',hesitation,-10.951869010925293
142,'The only food in the refrigerator was a moldy sandwich',sandwich,-8.2728910446167
143,'As a child he used to collect stamps',stamps,-7.654833793640137
144,'The squirrel stored some nuts in the basement',basement,-16.438461303710938
145,'Every winter you see the Hernandez house and its huge chimney with puffs of billowing snow',snow,-6.574520111083984
146,'The rude waiter was not given a tray',tray,-10.102351188659668
147,'When you go to bed turn off the sarcasm',sarcasm,-7.365169893950224
148,'You could tell from the way he reacted that he did not like vomit',vomit,-8.148305237293243
149,'He fell on the floor after tripping on the log',log,-9.418210983276367
150,'She was glad she had brought a good book with her since there was nothing to read at the office',office,-8.326775550842285
151,'He tried to put the pieces of the broken plate back together with care',care,-7.124302387237549
152,'They went to see the famous clock',clock,-9.793844223022461
153,'The Italian chef was known for his fabulous pasta',pasta,-8.226662635803223
154,'While the national anthem is played, everyone is expected to behave',behave,-9.957091331481934
155,'Although John felt some remorse he decided to return the money',money,-8.190951347351074
156,'None of his books made any fans',fans,-9.292062759399414
157,'They both have jobs but they get some extra income by raising chickens',chickens,-8.715667724609375
158,'It was important to be on time',time,-8.166391372680664
159,'The last thing he expected was to have such a blast',blast,-12.832557678222656
160,'No matter how hard she tried, she could not remember the suggestions',suggestions,-12.701040267944336
161,'Don't touch the wet clothes',clothes,-11.090105056762695
162,'The construction worker had developed very powerful arms from unloading bags of cement from the truck',truck,-12.84636116027832
163,'It was drafty because of the cold air leaking in through the front door and all the side paneling',paneling,-13.79485434293747
164,'No one wanted to make any decisions until after the trial',trial,-9.913261413574219
165,'I couldn't go, so I sent my secretary to the lawyers to pick up the papers',papers,-12.402544021606445
166,'They had to shampoo the new beige rug after the accident with the wine',wine,-6.058192253112793
167,'In the mysterious wooden box the girl found a doll',doll,-11.449060440063477
168,'The shirt was stained with sauce',sauce,-10.210563659667969
169,'Cindy taught her two-year old that the pictures are square and that the plates are white',white,-6.574092864990234
170,'At first the woman refused, but eventually she changed her medication',medication,-10.758010864257812
171,'The little puppy grew up to be a huge responsibility',responsibility,-8.766118049621582
172,'He made a holster for his gun',gun,-9.151714324951172
173,'He quit his job and left his family so that he could sail around the world',world,-12.413739204406738
174,'The young couple reluctantly ordered new rackets',rackets,-12.176020860671997
175,'She left the tiny baby alone in the crib',crib,-8.172492980957031
176,'Quite predictably, the first thing the doctor asked for was a cast',cast,-6.864025115966797
177,'He crept into the room without a sound',sound,-9.722249984741211
178,'The rules did not allow visitors to feed the animals',animals,-8.905843734741211
179,'The fertilizer enriched the soil',soil,-8.625129699707031
180,'Joan fed her baby some warm peas',peas,-17.508941650390625
181,'After two hours of hard work they decided to take a short break',break,-7.2544169425964355
182,'They installed an extremely expensive alarm system to protect their home',home,-10.824790000915527
183,'She was quite surprised that Bill didn't keep his secret',secret,-6.626063823699951
184,'She helped him put the finishing touches on the painting',painting,-11.267751693725586
185,'I sat far off to the side of the auditorium and my line of sight was blocked by a pillar',pillar,-9.841711044311523
186,'His skin was red from spending the day at the beach',beach,-10.451236724853516
187,'The journalist reported that many collapsed during the praying',praying,-7.529772758483887
188,'He slipped and fell on the rock',rock,-9.211164474487305
189,'The person who caught the thief deserves our loyalty',loyalty,-7.8402276039123535
190,'It was difficult to decide which bills to pay and which to ignore',ignore,-10.010199546813965
191,'The cigar stank and burned a hole in the couch',couch,-10.043305397033691
192,'It was a dream come true because Jane had always wanted to visit Europe with her father',father,-12.56608772277832
193,'One thing the old man lacked was confidence',confidence,-7.088045597076416
194,'I started to put new plants in my garden but ran out of room',room,-11.47480297088623
195,'The boys played marbles and the girls jumped together',together,-10.79832649230957
196,'Our guests should be arriving soon',soon,-9.357205390930176
197,'He was cold most of the night and finally got up to get another blanket',blanket,-12.361746788024902
198,'Will played his stereo much too loud',loud,-8.048375129699707
199,'After dinner they washed the dog',dog,-8.591876983642578
200,'He always seemed to be interested in looking at the tattoos',tattoos,-8.775118827819824
201,'She was docked one hour's pay for coming to work late',late,-8.143694877624512
202,'The wealthy couple's three little girls enjoyed playing together in the pool',pool,-7.820546627044678
203,'Esther didn't think the sword was that dangerous because it wasn't very sharp',sharp,-7.483376979827881
204,'Tricia had never seen a spider get tangled up in its own web',web,-9.336573600769043
205,'Everyone was honking at the old man who was driving too slowly',slowly,-13.08945369720459
206,'He hated to move, but Richard wanted to live closer to his parents',parents,-10.91517448425293
207,'Before going out on the open seas they always checked the weather',weather,-6.571593284606934
208,'The university wouldn't let him register until he paid the overdue fines on the borrowed books',books,-11.166801452636719
209,'He was packing his books and moving to a new office',office,-11.154214859008789
210,'The truck that Dave drove crashed into the tree',tree,-10.685688018798828
211,'At the park next to the beach she saw a man with a balloon',balloon,-4.920660018920898
212,'The ship disappeared into the thick smoke',smoke,-7.9033894538879395
213,'They decided to declaw the cat so he wouldn't tear up the carpeting',carpeting,-12.507785975933075
214,'In his haste, the young man had forgotten to sign the waiver',waiver,-9.560962677001953
215,'After the long day at work, he lay down on the couch',couch,-9.841062545776367
216,'The technician never comes to work before noon',noon,-10.971181869506836
217,'He was knocked off his surfboard by the first bully',bully,-10.010244369506836
218,'It is not legal for an employer to consider a person's attitude',attitude,-8.778278350830078
219,'Bill jumped in the lake and made a big commotion',commotion,-10.39601132599637
220,'Joy was too frightened to look',look,-9.767346382141113
221,'The police had never seen a man so drunk',drunk,-8.033975601196289
222,'He liked lemon and sugar in his tea',tea,-9.869203567504883
223,'The papers were sorted into piles of varying sizes',sizes,-12.864584922790527
224,'The dispute was settled by a third party',party,-10.628775596618652
225,'Since the water was unsafe they decided to drink scotch',scotch,-7.251389069482684
226,'They left the dirty dishes in the sink',sink,-15.351191520690918
227,'Nicole could not read very well without her glasses',glasses,-8.363767623901367
228,'During years of drudgery, the man had derived comfort from a single song',song,-8.29939079284668
229,'There were brightly colored pictures on every wall',wall,-10.087884902954102
230,'Whatever he did it was unusual for him to be erratic',erratic,-4.116650104522705
231,'You could tell he had grown up in the South by his truck',truck,-9.413128852844238
232,'Father carved the turkey with a smile',smile,-9.44987678527832
233,'Cathy worked overtime to finish her work',work,-11.855046272277832
234,'She had to leave the movie when the baby started to cry',cry,-11.674330711364746
235,'His ring fell into a hole in the couch',couch,-13.835766792297363
236,'Helen reached up to dust the dresser',dresser,-14.15772819519043
237,'The children went outside to play',play,-14.334615707397461
238,'She bought several colorful postcards to send to her family',family,-13.275094985961914
239,'Sam could not believe her story was true',true,-9.735932350158691
240,'The cat was curled up in Jill's lap',lap,-13.098417282104492
241,'No one at the reunion recognized Dan because he had grown a foot',foot,-11.886160850524902
242,'He had just enough time to buy a cake from the store and change his clothes before the guests phoned',phoned,-9.21374649554491
243,'In the distance they heard the sigh',sigh,-7.65379524230957
244,'He smiled nervously as he searched through his pockets for a key',key,-8.127209663391113
245,'She wanted a roommate who would be quiet and clean',clean,-10.125579833984375
246,'Within minutes of arriving at the office, the detective spilled his thermos full of coffee',coffee,-9.126607894897461
247,'The manila folder that contained her manuscript had been stolen',stolen,-11.70195484161377
248,'The surface of the water was nice and cold',cold,-7.944943904876709
249,'Sandy always wished that she had had a dog',dog,-7.377349853515625
250,'The candidate had spent most of his funds on drugs',drugs,-7.624753475189209
251,'He put a clean sheet on the clipboard',clipboard,-10.525056838989258
252,'The other driver was so angry he threatened him with a reprimand',reprimand,-12.043441899120808
253,'Every year he takes a vacation in Hawaii',Hawaii,-12.005327224731445
254,'Their picnic was ruined by the bees',bees,-8.350589752197266
255,'The schools closed down because the teachers decided to go on strike',strike,-7.741990566253662
256,'After realizing he forgot utensils for his salad, the doctor went back to get himself a napkin',napkin,-14.238805174827576
257,'Mike felt sorry, but it was not his car',car,-9.633719444274902
258,'His boss refused to give him a raise',raise,-8.019984245300293
259,'The long test left the class unprepared',unprepared,-11.224497616291046
260,'She finished the second load of laundry and started to scream',scream,-7.864469528198242
261,'The peaches she had bought at the market were very ripe and juicy',juicy,-13.279844284057617
262,'He was grouchy because he was having trouble with his homework',homework,-9.049249649047852
263,'Steve spilled coffee all over his clean white shirt',shirt,-9.286635398864746
264,'The county decided to tear down the gas station by the dock',dock,-12.388561248779297
265,'It's raining, and I forgot my coat, hat, and umbrella',umbrella,-12.974470138549805
266,'Keith read a story to his little girl but after only a short time she started to get sleepy',sleepy,-11.77029037475586
267,'The child was born with a rare gift',gift,-9.345697402954102
268,'When the two met, one of them held out his badge',badge,-8.171314239501953
269,'Mary went into her room to look at her clothes',clothes,-12.186050415039062
270,'I had lost the ticket I needed to pick up my glasses',glasses,-8.2959566116333
271,'The Vietnam vet had received the Purple Heart, and when he took off his shirt you could see all of his scars',scars,-9.129646301269531
272,'They had to drive for another hour before finding a place to jog',jog,-10.062241554260254
273,'He shouted at the top of his staircase',staircase,-12.303473472595215
274,'They rested under a tree in the campsite',campsite,-12.955641031265259
275,'A dog has a good sense of smell',smell,-7.233676910400391
276,'The newspaper review recommended the film, and the lead actor was praised for being very good',good,-12.028804779052734
277,'Maria remembered to shut the front window and lock the back door',door,-14.922725677490234
278,'It was a very exciting story because the last thing you would expect them to do was misspeak',misspeak,-9.922707080841064
279,'There were a lot of old boxes stored in the attic',attic,-12.170924186706543
280,'Every morning before school his mother laid out his clothes and packed his clarinet',clarinet,-13.073579136282206
281,'Most people spend December 25th with their presents',presents,-9.736064910888672
282,'Shuffle the cards before you deal',deal,-10.141230583190918
283,'The county decided to tear down the gas station by the park',park,-12.50587272644043
284,'The long test left the class tired',tired,-6.584794044494629
285,'Most men cannot understand why women wear underwear',underwear,-6.52842378616333
286,'Cats loved to be scratched behind the ears',ears,-12.844045639038086
287,'She thought she had seen a ship',ship,-8.83122730255127
288,'She pulled her head out from under the faucet and reached for a towel',towel,-8.841707229614258
289,'The tenants decided to take their landlord to court',court,-13.189338684082031
290,'In caring for hospitalized patients, a doctor often needs the help of a drug',drug,-10.050872802734375
291,'I was finally able to make an appointment for the doctor',doctor,-9.240147590637207
292,'He was soothed by the gentle medication',medication,-10.203092575073242
293,'When the power went out the house became cold',cold,-5.689087867736816
294,'The death of his dog was a great tragedy',tragedy,-9.026427268981934
295,'He scraped the cold food from his plate',plate,-9.972006797790527
296,'The prisoners were planning their escape',escape,-8.725152015686035
297,'I didn't like the show so I changed the cast',cast,-6.196115493774414
298,'I added my name to the list',list,-8.661346435546875
299,'While skiing, Randy broke his glasses',glasses,-18.03819465637207
300,'He decided to travel in Iran even though he knew it could be expensive',expensive,-11.599335670471191
301,'Their picnic was ruined by the rain',rain,-9.938343048095703
302,'Giraffes are known for their long necks and zebras for their stripes',stripes,-11.73694896697998
303,'The approaching storm made the air very cold',cold,-8.253047943115234
304,'The baby cried and upset her mother',mother,-11.65881633758545
305,'She couldn't find anything she wanted to do',do,-11.072883605957031
306,'Although Jan was usually careful she had forgotten to turn off the stove',stove,-13.9437837600708
307,'She wore heavy wool socks and her sturdiest boots to go walking in the snow',snow,-7.273231029510498
308,'I think that my stockbroker is a pill',pill,-11.215401649475098
309,'A dog has a good sense of loyalty',loyalty,-6.625749111175537
310,'As the weather got warmer, Mark started wearing his lighter jacket instead of his heavy winter coat',coat,-10.584494590759277
311,'Although this film was an exception, she generally went to see movies that were long',long,-6.675494194030762
312,'His seat was next to the fishtank',fishtank,-14.150659408420324
313,'The bad boy was sent to his room',room,-11.508435249328613
314,'Liz and Marie sat at the conference table and discussed the topic for the next meeting',meeting,-10.104519844055176
315,'Ruby's grandchildren hired a live-in nurse because they thought she was too old to live alone',alone,-10.16860294342041
316,'Be careful because the top of the stove is very hot',hot,-9.078912734985352
317,'Every morning Susan braids her little girl's hair then helps her dress for school',school,-8.540040969848633
318,'The hinges were rusted shut, so he had to pry it open with a crowbar',crowbar,-7.372631922364235
319,'It didn't get completed because he could not locate the right tools',tools,-6.911414623260498
320,'John swept the floor with a flourish',flourish,-12.613231658935547
321,'The schools closed down because the teachers decided to go on praying',praying,-8.766654014587402
322,'They saw the lightening and heard the screams',screams,-13.03985595703125
323,'It was a very exciting story because the last thing you would expect them to do was die',die,-11.877696990966797
324,'The colonel wished the sergeant would treat his command not as a polite request but as a direct reprimand',reprimand,-10.201754983514547
325,'The man could not believe that they were all staring',staring,-8.5050048828125
326,'I just had a new sound system installed in my office',office,-6.397725582122803
327,'The cows moved from the sun into the mud',mud,-10.645344734191895
328,'The old woman was the only one to see the hesitation',hesitation,-8.615232467651367
329,'I was impressed by how much he knew',knew,-10.330723762512207
330,'Ken built his new house on a quiet hill',hill,-12.469512939453125
331,'When she got there she found that most of the people were white',white,-6.686561584472656
332,'The teacher saw that some students were cheating and wrote down their names',names,-9.161629676818848
333,'Peter painted the walls of the bird exhibit light blue to resemble the carpeting',carpeting,-8.285739004611969
334,'The hikers wanted to camp close to the igloo',igloo,-10.135511636734009
335,'Each night the campers built a huge fire',fire,-8.445572853088379
336,'The white gull dove down and caught a fish',fish,-11.403977394104004
337,'When George couldn't get into his car, he got down on one knee and reached under the bumper for the spare key',key,-8.946980476379395
338,'The other driver was so angry he threatened him with a gun',gun,-8.1160249710083
339,'On hot days, many people sun themselves on the beach',beach,-7.627622127532959
340,'As soon as they reached the sand he stopped to take off his shoes',shoes,-9.856825828552246
341,'The sewer backed up and caused a flood',flood,-12.972498893737793
342,'After the hurricane, the area around the window was filled with broken toys',toys,-10.510686874389648
343,'She dropped the glass and woke up the bully',bully,-9.489794731140137
344,'Every year he takes a vacation in Ohio',Ohio,-6.95409631729126
345,'When Drew arrived unexpectedly at the restaurant, Laurie got him a chair from the adjacent table',table,-11.065679550170898
346,'The luggage handler seemed to take great delight in tossing the boxes marked fragile',fragile,-9.903234481811523
347,'Mr. Smith enjoyed showing people his newly installed refrigerator',refrigerator,-9.774125099182129
348,'Every day, rain or shine, the joggers ran up and down the staircase',staircase,-11.359996795654297
349,'Our government was secretly supplying the rebels with arms and money',money,-10.827195167541504
350,'George must keep his pet on a diet',diet,-10.354594230651855
351,'When she came back from the restroom she found him in deep conversation with a friend',friend,-9.658735275268555
352,'That ramp has been closed for construction for several feet',feet,-8.248371124267578
353,'The man who was carried into the emergency room had been stabbed in a car',car,-8.425293922424316
354,'After dinner, they spent a long time over coffee just talking',talking,-7.267012119293213
355,'Rachel loves the smell of tobacco but she can't stand all the lectures',lectures,-9.611849784851074
356,'As usual, he didn't do well because he had not prepared his speech',speech,-10.826348304748535
357,'I could not remember his song',song,-8.661454200744629
358,'The officials tried to evacuate everyone from the area before the race',race,-12.471357345581055
359,'I had lost the ticket I needed to pick up my clothes',clothes,-11.757234573364258
360,'Before she arrived he opened a bottle of wine and put on some soft music',music,-5.963942050933838
361,'Sharon dried the bowls with a sigh',sigh,-9.679883003234863
362,'The little girl refused to go to sleep until he told her a secret',secret,-9.401969909667969
363,'Seth was uneasy because he had never liked to phone',phone,-9.619211196899414
364,'He bought her a pearl necklace for her collection',collection,-9.422080993652344
365,'Tracy and her husband weren't Catholic, but she was glad when the priest warmly welcomed their three suggestions',suggestions,-8.924017906188965
366,'Kim was relieved to see that ample food had been made for the party',party,-9.549640655517578
367,'Phil put some drops in his eyes',eyes,-11.851945877075195
368,'They stood on the bridge tossing stale bread to the dogs',dogs,-8.673929214477539
369,'The young boy asked for another cookie',cookie,-9.55385684967041
370,'Whether it is true or not, most women think that men don't know how to care',care,-12.480114936828613
371,'The queen waited patiently for the man to bow',bow,-8.692859649658203
372,'Larry chose not to join the party',party,-10.953147888183594
373,'Most shark attacks occur very close to shore',shore,-9.372603416442871
374,'The two hold-up men carried guns but didn't panic',panic,-8.18704605102539
375,'Joe went to the hardware store and bought a replacement window at twice the original price',price,-10.323934555053711
376,'The Vietnam vet had received the Purple Heart, and when he took off his shirt you could see all of his tattoos',tattoos,-6.987821102142334
377,'There were a lot of old boxes stored in the basement',basement,-11.785783767700195
378,'Most people spend December 25th with their family',family,-7.421136856079102
379,'He was grouchy because he was having trouble with his clarinet',clarinet,-8.744821231812239
380,'They were surprised that Jack thought that it was chalk',chalk,-6.765280723571777
381,'They rested under a tree in the shade',shade,-10.96615982055664
382,'At night the old woman locked the door',door,-9.924336433410645
383,'Marsha wasn't worried about dinner because she knew the guests could remain eating appetizers for at least another story',story,-8.553597450256348
384,'In his day, that old guy was one of the best counselors',counselors,-11.842557907104492
385,'Cold damp weather makes her joints ache so she's been taking a lot of aspirin for the pain',pain,-7.807529449462891
386,'Maria remembered to shut the front window and lock the back room',room,-10.935920715332031
387,'It's hard to admit when one is wrong',wrong,-9.664590835571289
388,'All of their friends have noted that Joe and his wife are always together',together,-11.254717826843262
389,'The peaches she had bought at the market were very ripe and dirty',dirty,-10.049131393432617
390,'Rushing out he forgot to take his camera',camera,-9.06761646270752
391,'Rafael wants to preserve the national forest by guarding every campsite',campsite,-12.568603411316872
392,'The piano was out of tune',tune,-13.139995574951172
393,'They decided to buy a small place and build an addition with two more freezers',freezers,-9.624580124393106
394,'He really wanted to go, but decided to stay home to wait for the mail',mail,-9.740939140319824
395,'As a reminder of his cat's first bath, he had a scratch on his stomach',stomach,-12.785243034362793
396,'They raised pigs on their own',own,-12.463822364807129
397,'Although she heard it ringing, Nancy was too busy cleaning the chimney to get the timer',timer,-10.275938034057617
398,'Most of the trees died after last year's winter',winter,-8.123849868774414
399,'After realizing he forgot utensils for his salad, the doctor went back to get himself a fork',fork,-13.221441268920898
400,'She decided to start a new life',life,-9.00384521484375
401,'He was so busy and overwhelmed that he had forgotten to respond to the question',question,-8.048166275024414
402,'Alfonso has started biking to work instead of driving his car',car,-12.31765079498291
403,'Paul painted the clown's suit blue and gave him a big red balloon',balloon,-9.611043930053711
404,'Most kids think that adults are bitter',bitter,-11.897115707397461
405,'He wrote himself a note so that he wouldn't misspeak',misspeak,-11.359164476394653
406,'She wished she had brought something to mend',mend,-9.998189926147461
407,'All of her neighbors thought the old woman was a success',success,-10.593644142150879
408,'Richard was afraid to walk near the edge of the cliff because he was afraid he would vomit',vomit,-6.9259689301252365
409,'He knew that he could call Chris even if it was the middle of the game',game,-8.611324310302734
410,'She took the baby out when he started to cry and had to miss the rest of the movie',movie,-10.583576202392578
411,'Nora couldn't take the message because she didn't have a pencil or a piece of paper',paper,-8.452400207519531
412,'They carelessly dumped the toxic waste into the ocean',ocean,-11.727568626403809
413,'She cleaned the dirt from her slippers',slippers,-11.603341665118933
414,'The problem with Christine is that she can't take a test',test,-8.58437728881836
415,'He drove the nail into the roof',roof,-9.56240463256836
416,'They waited a long time to see the grades',grades,-10.729066848754883
417,'Ron bought a board for the window that was too long and then he bought one that was too short',short,-7.362481594085693
418,'Pam did not have any clothes to wear',wear,-14.215112686157227
419,'The lady felt proud to look at her daughter',daughter,-11.291486740112305
420,'The last thing they were expecting on their wedding day was a raging storm',storm,-8.295721054077148
421,'He mailed the letter without a stamp',stamp,-8.95526123046875
422,'The only food in the refrigerator was a moldy pea',pea,-11.01418685913086
423,'As a child he used to collect napkins',napkins,-8.427306294441223
424,'The squirrel stored some nuts in the tree',tree,-13.225616455078125
425,'Every winter you see the Hernandez house and its huge chimney with puffs of billowing smoke',smoke,-8.507001876831055
426,'The rude waiter was not given a tip',tip,-8.939813613891602
427,'When you go to bed turn off the lights',lights,-8.16800594329834
428,'He fell on the floor after tripping on the crack',crack,-7.646074295043945
429,'She was glad she had brought a good book with her since there was nothing to read at the place',place,-14.388781547546387
430,'He tried to put the pieces of the broken plate back together with glue',glue,-5.490899562835693
431,'They went to see the famous actor',actor,-11.572086334228516
432,'The Italian chef was known for his fabulous smile',smile,-11.033224105834961
433,'None of his books made any sense',sense,-12.382683753967285
434,'They both have jobs but they get some extra income by raising bees',bees,-8.48154067993164
435,'It was important to be on guard',guard,-10.354344367980957
436,'The last thing he expected was to have such a commotion',commotion,-11.124680541455746
437,'No matter how hard she tried, she could not remember the name',name,-11.674238204956055
438,'Don't touch the wet paint',paint,-7.5571393966674805
439,'No one wanted to make any decisions until after the game',game,-8.186853408813477
440,'I couldn't go, so I sent my secretary to the lawyers to pick up the cash',cash,-8.654208183288574
441,'They had to shampoo the new beige rug after the accident with the tray',tray,-8.575587272644043
442,'In the mysterious wooden box the girl found a ring',ring,-9.11048698425293
443,'Mary went into her room to look at her gift',gift,-11.817804336547852
444,'Cindy taught her two-year old that the pictures are square and that the plates are round',round,-9.89527416229248
445,'The child was born with a rare disease',disease,-10.047555923461914
446,'At first the woman refused, but eventually she changed her mind',mind,-11.371451377868652
447,'The little puppy grew up to be a huge dog',dog,-11.040017127990723
448,'He made a holster for his father',father,-8.538318634033203
449,'He quit his job and left his family so that he could sail around the clock',clock,-9.510615348815918
450,'The young couple reluctantly ordered new furniture',furniture,-6.998817443847656
451,'She left the tiny baby alone in the basket',basket,-8.884197235107422
452,'Quite predictably, the first thing the doctor asked for was a symptom',symptom,-9.597396850585938
453,'He crept into the room without a plan',plan,-9.612969398498535
454,'The rules did not allow visitors to feed the children',children,-9.659466743469238
455,'The fertilizer enriched the stink',stink,-8.857403635978699
456,'Joan fed her baby some warm milk',milk,-15.013104438781738
457,'After two hours of hard work they decided to take a short jog',jog,-8.618139266967773
458,'She was quite surprised that Bill didn't keep his promise',promise,-7.11299467086792
459,'She helped him put the finishing touches on the presents',presents,-11.190814971923828
460,'I sat far off to the side of the auditorium and my line of sight was blocked by a chair',chair,-9.392036437988281
461,'His skin was red from spending the day at the farm',farm,-7.149852752685547
462,'The journalist reported that many collapsed during the earthquake',earthquake,-7.815173625946045
463,'The person who caught the thief deserves our reward',reward,-10.482430458068848
464,'The cigar stank and burned a hole in the paneling',paneling,-13.263934314250946
465,'It was a dream come true because Jane had always wanted to visit Europe with her boyfriend',boyfriend,-13.94925594329834
466,'The boys played marbles and the girls jumped rope',rope,-14.945686340332031
467,'Our guests should be arriving hungry',hungry,-8.73548698425293
468,'Will played his stereo much too late',late,-4.865607738494873
469,'When the two met, one of them held out his hand',hand,-6.754225254058838
470,'After dinner they washed the dishes',dishes,-12.776789665222168
471,'He always seemed to be interested in looking at the sky',sky,-8.840107917785645
472,'She was docked one hour's pay for coming to work unprepared',unprepared,-10.623864352703094
473,'Keith read a story to his little girl but after only a short time she started to get scared',scared,-11.557170867919922
474,'The wealthy couple's three little girls enjoyed playing together in the snow',snow,-9.428744316101074
475,'Mike felt sorry, but it was not his fault',fault,-11.180362701416016
476,'He shouted at the top of his lungs',lungs,-12.232151985168457
477,'Esther didn't think the sword was that dangerous because it wasn't very heavy',heavy,-8.8983793258667
478,'Tricia had never seen a spider get tangled up in its own meal',meal,-8.772177696228027
479,'He hated to move, but Richard wanted to live closer to his friends',friends,-11.743256568908691
480,'Before going out on the open seas they always checked the speed',speed,-6.278911590576172
481,'The university wouldn't let him register until he paid the overdue fines on the borrowed rackets',rackets,-11.406670212745667
482,'He was packing his books and moving to a new place',place,-12.910442352294922
483,'The truck that Dave drove crashed into the patio',patio,-11.019821166992188
484,'The newspaper review recommended the film, and the lead actor was praised for being very together',together,-9.947940826416016
485,'It's raining, and I forgot my coat, hat, and keys',keys,-9.40102767944336
486,'The ship disappeared into the thick fog',fog,-8.516497611999512
487,'They decided to declaw the cat so he wouldn't tear up the couch',couch,-11.503655433654785
488,'In his haste, the young man had forgotten to sign the clipboard',clipboard,-11.147639274597168
489,'After the long day at work, he lay down on the floor',floor,-8.93629264831543
490,'The technician never comes to work before breakfast',breakfast,-6.51182222366333
491,'He was knocked off his surfboard by the first wave',wave,-10.173274993896484
492,'It is not legal for an employer to consider a person's race',race,-7.90543270111084
493,'Bill jumped in the lake and made a big splash',splash,-8.58674144744873
494,'Joy was too frightened to move',move,-9.748525619506836
495,'The police had never seen a man so ugly',ugly,-10.989630699157715
496,'He liked lemon and sugar in his sauce',sauce,-9.205259323120117
497,'The papers were sorted into piles of varying thickness',thickness,-8.990595817565918
498,'The dispute was settled by a third trial',trial,-9.33584976196289
499,'Since the water was unsafe they decided to drink soda',soda,-6.966117858886719
500,'They left the dirty dishes in the trunk',trunk,-13.366377830505371
501,'Nicole could not read very well without her dictionary',dictionary,-8.130452156066895
502,'There were brightly colored pictures on every card',card,-8.29322624206543
503,'Whatever he did it was unusual for him to be late',late,-6.648045539855957
504,'You could tell he had grown up in the South by his accent',accent,-9.673334121704102
505,'Every morning before school his mother laid out his clothes and packed his lunch',lunch,-8.977529525756836
506,'Father carved the turkey with a knife',knife,-9.259780883789062
507,'They had to drive for another hour before finding a place to eat',eat,-9.431535720825195
508,'Cathy worked overtime to finish her responsibility',responsibility,-15.712681770324707
509,'His ring fell into a hole in the sink',sink,-13.872122764587402
510,'The children went outside to look',look,-9.95261001586914
511,'Sam could not believe her story was published',published,-9.533414840698242
512,'The cat was curled up in Jill's hamper',hamper,-13.48445537686348
513,'No one at the reunion recognized Dan because he had grown a beard',beard,-8.989129066467285
514,'He had just enough time to buy a cake from the store and change his clothes before the guests arrived',arrived,-11.715100288391113
515,'In the distance they heard the sound',sound,-10.181244850158691
516,'He smiled nervously as he searched through his pockets for a quarter',quarter,-13.245155334472656
517,'She wanted a roommate who would be quiet and behave',behave,-10.377156257629395
518,'Within minutes of arriving at the office, the detective spilled his thermos full of scotch',scotch,-9.761527717113495
519,'The surface of the water was nice and smooth',smooth,-9.708634376525879
520,'Sandy always wished that she had had a badge',badge,-9.446136474609375
521,'The candidate had spent most of his funds on campaigning',campaigning,-10.225183486938477
522,'She had to leave the movie when the baby started to smell',smell,-12.022649765014648
523,'We followed the path up the hill, and there under the tree was a collar',collar,-9.7200288772583
524,'During years of drudgery, the man had derived comfort from a single book',book,-8.386763572692871
525,'He slipped and fell on the floor',floor,-8.547475814819336
526,'You can't open the door with the wrong attitude',attitude,-7.510821342468262
527,'You could tell from the way he reacted that he did not like her',her,-8.321346282958984
528,'I started to put new plants in my garden but ran out of soil',soil,-9.706171035766602
529,'Everyone was honking at the old man who was driving too erratically',erratically,-12.510288208723068
530,'While the national anthem is played, everyone is expected to stand',stand,-9.270186424255371
531,'One thing the old man lacked was sarcasm',sarcasm,-6.886705208569765
532,'As a punishment, his parents immediately took away his car',car,-8.879066467285156
533,'She was glad she had accompanied her friend because she was enjoying the party except for the smoke',smoke,-7.584588050842285
534,'Josie found she could not bend the elbow of her broken doll',doll,-11.990398406982422
535,'The exit was marked by a large rock',rock,-9.285866737365723
536,'His boss refused to give him a drink',drink,-11.173412322998047
537,'It was difficult to decide which bills to pay and which to forget',forget,-11.652442932128906
538,'Simon thinks it's ok to listen to loud music even if the door to his bedroom is open',open,-9.332578659057617
539,'He grew corn to feed his chickens',chickens,-12.910083770751953
540,'It was time to hang the new clothes',clothes,-8.658989906311035
541,'Although John felt some remorse he decided to return the watch',watch,-12.033233642578125
542,'Helen reached up to dust the shelf',shelf,-9.10805892944336
543,'The shirt was stained with blood',blood,-7.29937219619751
544,'There was a moth caught in the draft',draft,-8.389799118041992
545,'The groom took the bride's hand and placed the ring on her dresser',dresser,-13.671667098999023
546,'He put a clean sheet on the bed',bed,-9.384941101074219
547,'He looked worried because he might have broken his arm',arm,-15.6823148727417
548,'She was having a hard time because she didn't know the answer',answer,-9.248568534851074
549,'She bought several colorful postcards to send to her fans',fans,-11.451435089111328
550,'He positioned the violin under his chin',chin,-9.405181884765625
551,'He was cold most of the night and finally got up to get another log',log,-8.677809715270996
552,'The construction worker had developed very powerful arms from unloading bags of cement from the dock',dock,-11.646889686584473
553,'Tim's friend pushed him into a pool',pool,-13.126934051513672
554,'It was drafty because of the cold air leaking in through the front door and all the side windows',windows,-8.241925239562988
555,'He settled for California champagne because the imported stuff was too expensive',expensive,-10.178512573242188
556,'The breeze lifted the leaves',leaves,-8.27154541015625
557,'The jeweler was asked if he would examine the ring's huge crack',crack,-8.614542007446289
558,'She finished the second load of laundry and started to fold',fold,-9.196983337402344
559,'Tim threw a rock and broke the window',window,-9.618370056152344
560,'They installed an extremely expensive alarm system to protect their truck',truck,-8.46988296508789
561,'Steve spilled coffee all over his clean white couch',couch,-8.026230812072754
562,'At the park next to the beach she saw a man with a dog',dog,-6.076662063598633
563,'The manila folder that contained her manuscript had been broken',broken,-8.932670593261719
564,'He decided to travel in Iran even though he knew it could be dangerous',dangerous,-13.283347129821777
565,'She called her husband at his work',work,-9.204322814941406
566,'She found the steady drumming of rain on the roof very soothing',soothing,-6.980589389801025
567,'His ring fell into a dark hole in the sink',sink,-11.847124099731445
568,'Steve invited his girlfriend to a party',party,-12.767571449279785
569,'The insurance company refused to pay the claim when they found out that he'd been lying',lying,-10.146699905395508
570,'Betsy could never tell a lie',lie,-10.543795585632324
571,'The bully punched him on the playground and broke his nose',nose,-12.897116661071777
572,'They stood with the others and chatted while waiting for the bus',bus,-9.496365547180176
573,'Next year my little son will be going to school',school,-7.217458724975586
574,'He decided to apply for a student loan',loan,-8.952496528625488
575,'My sister bought tickets for the opening show',show,-12.825425148010254
576,'He hated to move, but John wanted to live closer to his friends',friends,-12.65723991394043
577,'The papers were sorted into several piles of varying sizes',sizes,-13.628693580627441
578,'During the volley someone stepped on Joe's foot',foot,-13.276684761047363
579,'Jim was saving boxes for a friend who was moving',moving,-10.747014045715332
580,'He was tired and grouchy because he was having trouble with his homework',homework,-8.96826457977295
581,'He took the money from his leather wallet',wallet,-8.41418170928955
582,'Mrs. Stevens said that little Dennis was the loudest boy in the class',class,-11.095778465270996
583,'She cleaned the sink with a sponge',sponge,-12.314753532409668
584,'Since they saw that the water was unsafe they decided to drink soda',soda,-6.083731651306152
585,'Gary could absolutely not believe his son stole a car',car,-7.436317443847656
586,'Ida wanted to sing folk songs at the picnic, so she brought her guitar',guitar,-9.795656204223633
587,'He finally bought some poison to kill the rats',rats,-9.1299409866333
588,'She was feeling quite cold so she put on her jacket',jacket,-11.514823913574219
589,'The final score of the game was tied',tied,-13.798526763916016
590,'They had been wandering in circles because nobody had a map',map,-8.794008255004883
591,'The man was caught selling an illegal drug',drug,-10.923613548278809
592,'Jenny boiled the eggs in water',water,-7.640532493591309
593,'The lawyer really feared that his client was guilty',guilty,-9.079360008239746
594,'At the park next to the beach she saw a man with a big dog',dog,-6.797245025634766
595,'The peaches she had bought at the market yesterday were very ripe and juicy',juicy,-14.148455619812012
596,'She was named after her mother',mother,-9.286881446838379
597,'Bob thought the best time to talk to the priest would probably be on Sunday in church',church,-6.215002059936523
598,'The extremely long test left the class tired',tired,-6.656047821044922
599,'The lady felt very proud to look at her daughter',daughter,-11.370732307434082
600,'He was caught stealing a car',car,-10.876587867736816
601,'Upon locating the suspect, the detective left quickly and called the police',police,-11.080129623413086
602,'They took her car because he hated to drive in the rain',rain,-11.311820983886719
603,'The satellite orbited the earth',earth,-17.201061248779297
604,'They asked Dave to play tennis but he was too tired',tired,-11.559314727783203
605,'I couldn't go myself, so I sent my secretary to the lawyers to pick up the papers',papers,-12.283804893493652
606,'The bridesmaid had an ugly dress',dress,-7.7329583168029785
607,'As reminder of his cat's first bath, he had a scratch on his arm',arm,-12.181868553161621
608,'Every month Rick had to clean his room',room,-18.392805099487305
609,'Every single day, rain or shine, the joggers ran up and down the hill',hill,-12.93525218963623
610,'His hands shook because he was very nervous',nervous,-9.273612976074219
611,'He always hid an extra set of keys under a mat',mat,-6.726109504699707
612,'Her cold drink was served with a slice of lemon',lemon,-7.490756511688232
613,'Upon mother's strict orders, the cat's smelly litter box was kept in the garage',garage,-9.382347106933594
614,'Dillinger once robbed that store',store,-12.422799110412598
615,'She felt dinner would definitely not be complete unless she made dessert',dessert,-11.45511531829834
616,'They rested for a while under a tree in the shade',shade,-11.509990692138672
617,'He looked very worried because he might have broken his arm',arm,-15.827624320983887
618,'Mary was excited to see if the new toy with the colored blocks and square buttons would make the child happy',happy,-11.092607498168945
619,'The car accident five years ago left an ugly scar on his face',face,-12.528843879699707
620,'They asked Dave to play tennis but he was too late',late,-8.402673721313477
621,'Gary could not believe his son stole a car',car,-7.7873005867004395
622,'He always hid an extra set of keys under a bed',bed,-7.31365966796875
623,'She was feeling cold so she put on her jacket',jacket,-12.969671249389648
624,'She called her husband at his spa',spa,-8.86343765258789
625,'Barry wisely chose to pay the bills',bills,-14.28347110748291
626,'Bob thought the best time to talk to the priest would probably be on Sunday in private',private,-5.306900978088379
627,'Jim was saving boxes for a friend who was recycling',recycling,-14.948694229125977
628,'Randy froze when he saw a shadow at the end of the pier',pier,-8.878487586975098
629,'As reminder of his cat's first bath, he had a scratch on his stomach',stomach,-13.167654991149902
630,'Upon locating the suspect, the detective left quickly and called the father',father,-10.779584884643555
631,'Each night he built a huge igloo',igloo,-9.08235271833837
632,'Fred put the worm on the hook',hook,-14.11083984375
633,'The airline had lost her business',business,-9.76030445098877
634,'Cats love to be scratched behind the ears',ears,-14.886648178100586
635,'Gary could not believe his son stole a peek',peek,-9.724916458129883
636,'He took the money from his leather coat',coat,-8.256253242492676
637,'She was feeling cold so she put on her furnace',furnace,-7.596292018890381
638,'Smith enjoyed showing people his newly installed stereo',stereo,-8.051987648010254
639,'Barry wisely chose to pay the mechanic',mechanic,-15.494861602783203
640,'He decided to apply for a student position',position,-10.088723182678223
641,'Steve invited his girlfriend to a church',church,-9.197893142700195
642,'Betsy could never tell a difference',difference,-10.221586227416992
643,'Fred put the worm on the leaf',leaf,-14.992443084716797
644,'Ida wanted to sing folk songs at the picnic, so she brought her partner',partner,-14.080575942993164
645,'Cats love to be scratched behind the collar',collar,-12.962427139282227
646,'Smith enjoyed showing people his newly installed refrigerator',refrigerator,-13.50312614440918
647,'Every month Rick had to clean his teeth',teeth,-12.603706359863281
648,'Randy froze when he saw a shadow at the end of the hall',hall,-15.916509628295898
649,'Each night he built a huge fire',fire,-6.542569160461426
650,'The airline had lost her luggage',luggage,-9.842216491699219
651,'They had been wandering in circles because nobody had a light',light,-7.634622573852539
652,'They stood with the others and chatted while waiting for the doctor',doctor,-9.274619102478027
653,'She cleaned the sink with a solvent',solvent,-10.72874927520752
654,'They saw the lightning and heard the screams',screams,-12.847969055175781
655,'They saw the lightning and heard the thunder',thunder,-10.572259902954102
656,'The final score of the game was disputed',disputed,-17.406082153320312
657,'It is time to hang the new pictures',pictures,-8.907759666442871
658,'Every day, rain or shine, the jogger ran up and down the hill',hill,-13.141718864440918
659,'He returned the hole punch to the computer teacher',teacher,-11.82573127746582
660,'Rafael wants to preserve the national forest by guarding every cedar tree',tree,-9.05475902557373
661,'Jessie left without his toolbox or his packed keys',keys,-9.731797218322754
662,'The car accident five years ago left an ugly scar on his hairy face',face,-10.308548927307129
663,'We sprayed the yard to keep away the nasty bugs',bugs,-12.370165824890137
664,'Gary could not believe his son stole that fast watch',watch,-9.614670753479004
665,'Although she heard it ringing, Nancy was too busy cleaning the chimney to get the cell phone',phone,-11.389957427978516
666,'The hinges were rusted shut, so he had to pry it open with a sharp crowbar',crowbar,-7.426725126802921
667,'Fred put the worm on the wet grass',grass,-8.957758903503418
668,'She decided to start a new temporary business',business,-6.510433673858643
669,'He positioned the violin under his bearded chin',chin,-9.744175910949707
670,'He always seemed to be interested in looking at the blue sky',sky,-8.657739639282227
671,'She was having a hard time because she didn't know the English answer',answer,-8.819099426269531
672,'It didn't get completed because he could not locate the right diagnostic tool',tool,-8.845043182373047
673,'He always hid an extra set of keys under a Persian rug',rug,-9.838555335998535
674,'No one at the reunion recognized Dan because he had grown a long mustache',mustache,-9.373164713382721
675,'The fertilizer enriched the dry soil',soil,-9.911154747009277
676,'She was named after her famous mother',mother,-8.947298049926758
677,'I sat far off to the side of the auditorium and my line of sight was blocked by a tall beam',beam,-9.589611053466797
678,'He was caught stealing a borrowed car',car,-9.86335563659668
679,'She flipped through the stations in search of some global news',news,-6.948944091796875
680,'I could hear the loud telephone ringing through the concrete door',door,-7.525416851043701
681,'Paul painted the clown's suit blue and gave him a big red snotty balloon',balloon,-7.243607521057129
682,'The Vietnam vet had received the Purple Heart, and when he took off his shirt you could see all of his bulging muscles',muscles,-8.836477279663086
683,'He was cold most of the night and finally got up to get another thick blanket',blanket,-12.184728622436523
684,'Mary went into her room to look at her illustrated painting',painting,-10.978214263916016
685,'The county decided to tear down the gas station by the elementary highway',highway,-8.088994026184082
686,'They couldn't decide on a name for their new premature dog',dog,-7.770655155181885
687,'They stood on the bridge tossing stale bread to the wild ducks',ducks,-9.372657775878906
688,'In the mysterious wooden box the girl found the topographical ring',ring,-7.148619651794434
689,'As soon as they reached the sand, he stopped to take off his striped shoes',shoes,-9.973118782043457
690,'The jeweler was asked if he would examine the ring's huge black stone',stone,-6.890461444854736
691,'She took the baby out when he started to cry and had to miss the rest of the tea party',party,-12.624039649963379
692,'I just had a new sound system installed in my living room',room,-10.520896911621094
693,'You could tell he had grown up in the South by his racist attitude',attitude,-7.629902362823486
694,'She was glad she had brought a good book with her since there was nothing to read at the post office',office,-11.288797378540039
695,'Upon mother's strict orders, the cat's smelly litter box was kept in the outdoor shed',shed,-13.650104522705078
696,'Rushing out he forgot to take his thin jacket',jacket,-8.727335929870605
697,'They decided to declaw the cat so he wouldn't tear up the thick couch',couch,-7.864163875579834
698,'Their neighbors were surprised to find out that the Smiths had never visited that national town',town,-11.1058988571167
699,'The breeze lifted the short air',air,-8.740760803222656
700,'Barry wisely chose to pay the monthly fee',fee,-12.311969757080078
701,'The house at the end of the narrow road was built of red wood',wood,-7.799190521240234
702,'Betsy could never tell a funny joke',joke,-10.607633590698242
703,'Randy froze when he saw a shadow at the end of the narrow alley',alley,-10.041305541992188
704,'She cleaned the dirt from her blonde hair',hair,-10.427200317382812
705,'Steve invited his girlfriend to a formal party',party,-13.457881927490234
706,'Every day, rain or shine, the joggers ran up and down the tall path',path,-8.607667922973633
707,'Every month Rick had to clean his whole car',car,-14.567899703979492
708,'Their picnic was ruined by the bad rain',rain,-11.746600151062012
709,'The applause could be heard throughout the echoey auditorium',auditorium,-10.08296536654234
710,'He drove the nail into the rotten door',door,-11.38221263885498
711,'Dillinger once robbed that federal bank',bank,-8.475898742675781
712,'She was quite surprised that Bill didn't keep his pocket watch',watch,-9.185611724853516
713,'He really wanted to go but decided to stay home to wait for the important call',call,-10.40916919708252
714,'At the park next to the beach she saw a man with a loyal dog',dog,-5.470587730407715
715,'They waited a long time to see the animated movie',movie,-8.790085792541504
716,'She left the tiny baby alone in the waiting room',room,-11.424360275268555
717,'The person who caught the thief deserves our loudest applause',applause,-11.846757888793945
718,'It was time to hang the new advent picture',picture,-10.3283052444458
719,'As usual, he didn't do well because he had not prepared his subconscious mind',mind,-9.355708122253418
720,'The cigar stank and burned a hole in the leather shirt',shirt,-8.756757736206055
721,'She felt dinner would not be complete unless she made decadent dessert',dessert,-9.591130256652832
722,'They left the dirty dishes in the kitchen sink',sink,-15.32360553741455
723,'It's raining, and I forgot my coat, hat, and waterproof umbrella',umbrella,-11.006230354309082
724,'Her cold drink was served with a slice of fresh lemon',lemon,-6.937704086303711
725,'The last thing they were expecting on their wedding day was a raging dark bull',bull,-6.922055244445801
726,'Although John felt some remorse he decided to return the library gift',gift,-9.433135032653809
727,'As a punishment, his parents immediately took away his favorite toy',toy,-11.369918823242188
728,'After getting out of the shower he sat down to have instant breakfast',breakfast,-7.4198455810546875
729,'The only food in the refrigerator was a moldy sub sandwich',sandwich,-6.697459697723389
730,'He was so busy and overwhelmed that he had forgotten to respond to the important email',email,-10.560378074645996
731,'They took her car because he hated to drive in the heavy city',city,-10.493280410766602
732,'The white gull dove down and caught a slimy worm',worm,-10.825115203857422
733,'Ken built his new house on a quiet wooded street',street,-14.23883056640625
734,'He was soothed by the gentle instrumental wind',wind,-7.925551414489746
735,'Liz and Marie sat at the conference table and discussed the topic for the next work meeting',meeting,-9.030721664428711
736,'They carelessly dumped the toxic waste into the winding ocean',ocean,-12.206496238708496
737,'He looked worried because he might have broken his right glasses',glasses,-9.52673053741455
738,'I think that my stockbroker is a habitual thief',thief,-9.238533020019531
739,'Our government was secretly supplying the rebels with arms and live ammunition',ammunition,-12.154740333557129
740,'I don't know what his secret was, but my brother always managed to get the best academic grades',grades,-10.914027214050293
741,'While they were eating pancakes, Albert noticed a bee swimming in the tonic water',water,-8.036639213562012
742,'Within minutes of arriving at the office, the detective spilled his thermos full of hot soup',soup,-7.840497970581055
743,'There were a lot of old boxes stored in the unfinished basement',basement,-6.674814224243164
744,'He hated to move, but Richard wanted to live closer to his single cousin',cousin,-11.716748237609863
745,'The officials tried to evacuate everyone from the area before the developing storm',storm,-12.587480545043945
746,'The truck that Dave drove crashed into the solid wall',wall,-10.098640441894531
747,'The man was caught selling an illegal unregistered gun',gun,-9.348882675170898
748,'He finally bought some poison to kill the diseased rats',rats,-8.431201934814453
749,'She pulled her head out from under the faucet and reached for a monkey wrench',wrench,-7.6587934494018555
750,'She was glad she had accompanied her friend because she was enjoying the party except for the bland music',music,-8.348848342895508
751,'She was feeling cold so she put on her cashmere slippers',slippers,-10.100245821406133
752,'It was a dream come true because Jane had always wanted to visit Europe with her younger sister',sister,-13.25712776184082
753,'She usually let her very competent secretary handle the difficult calls',calls,-9.87753677368164
754,'His seat was next to the revolving window',window,-7.151705741882324
755,'If he strained his eyes he could see a tiny bird',bird,-7.038115501403809
756,'Coming in, he took off his smelly hat',hat,-7.394026279449463
757,'Steve spilled coffee all over his clean white polo shirt',shirt,-8.044285774230957
758,'Mr. Smith enjoyed showing people his newly installed satellite dish',dish,-14.8272123336792
759,'They decided to buy a small place and build an addition with two more upper rooms',rooms,-7.210336685180664
760,'Larry chose not to join the Confederate army',army,-11.786308288574219
761,'They rested under a tree in the local park',park,-13.429553985595703
762,'The shirt was stained with frying oil',oil,-8.399519920349121
763,'The Italian chef was known for his fabulous bowtie sauce',sauce,-8.126887321472168
764,'Phil put some drops in his soft drink',drink,-12.283748626708984
765,'Every morning before school his mother laid out his clothes and packed his messenger lunch',lunch,-7.327223300933838
766,'Sam practiced every day in anticipation of the philharmonic concert',concert,-7.463674068450928
767,'The hikers wanted to camp close to the frozen river',river,-10.469980239868164
768,'Quite predictably, the first thing the doctor asked for was the specific symptoms',symptoms,-9.591483116149902
769,'The old woman was the only one to see the eerie murder',murder,-7.673914909362793
770,'The rude waiter was not given a generous chance',chance,-11.463454246520996
771,'Tim's friend pushed him into a kiddie pool',pool,-11.283985137939453
772,'Since the water was unsafe they decided to drink orange juice',juice,-10.565214157104492
773,'Before she arrived he opened a bottle of wine and put on some soft classical music',music,-6.041512966156006
774,'There was a moth caught in the bright light',light,-8.426153182983398
775,'Peter painted the walls of the bird exhibit light blue to resemble the Pacific ocean',ocean,-6.830419540405273
776,'He bought her a pearl necklace for her eighteenth anniversary',anniversary,-11.874408721923828
777,'Most of the trees died after last year's dreadful drought',drought,-8.046292304992676
778,'He slipped and fell on the uneven ice',ice,-7.719602108001709
779,'There were brightly colored pictures on every interior wall',wall,-9.402284622192383
780,'The bad boy was sent to his intimidating father',father,-7.677933216094971
781,'He grew corn to feed his dairy cows',cows,-11.216588020324707
782,'Each night the campers built a huge bright fire',fire,-7.228862762451172
783,'The other driver was so angry he threatened him with a civil gun',gun,-7.333578586578369
784,'Sharon dried the bowls with a filthy towel',towel,-11.930132865905762
785,'We followed the path up the hill, and there, under the tree, was a gray snake',snake,-8.454105377197266
786,'No one wanted to make any decisions until after the corporate party',party,-8.65271282196045
787,'As a child he used to collect glass stamps',stamps,-8.61184310913086
788,'The cat was crouched in the tall grass down by the lazy river',river,-11.825470924377441
789,'He fell on the floor after tripping on the oriental cord',cord,-9.102567672729492
790,'The bridesmaid had an ugly revealing face',face,-7.220648765563965
791,'No matter how hard she tried, she could not remember the serial name',name,-10.405662536621094
792,'The wealthy couple's three little girls enjoyed playing together in the front yard',yard,-10.794593811035156
793,'His skin was red from spending the day at the neighborhood beach',beach,-8.881331443786621
794,'The journalist reported that many collapsed during the intense heat',heat,-9.58081340789795
795,'The cows moved from the sun into the wooden shade',shade,-10.771245956420898
796,'Helen reached up to dust the topmost lamp',lamp,-12.297779083251953
797,'He liked lemon and sugar in his herbal water',water,-7.963450908660889
798,'Ida wanted to sing folk songs at the picnic, so she brought her wireless microphone',microphone,-10.771695137023926
799,'Most men cannot understand why women wear ugly shoes',shoes,-8.972962379455566
800,'After dinner they washed the family dishes',dishes,-11.904443740844727
801,'In his day, that old guy was one of the best soccer athletes',athletes,-10.474732398986816
802,'They had been wandering in circles because nobody had a detailed map',map,-7.470524311065674
803,'I had lost the ticket I needed to pick up my rental clothes',clothes,-10.990745544433594
804,'They had to shampoo the new beige rug after the accident with the mangy wine',wine,-7.417585849761963
805,'The Democrats seemed to focus on defense while the Republicans talked about the booming budget',budget,-5.500545978546143
806,'Sandy always wished that she had had a Persian sister',sister,-9.32766342163086
807,'Mrs. Stevens said that little Dennis was the loudest boy in the fictional story',story,-6.596828937530518
808,'Joan fed her baby some warm breast milk',milk,-14.041437149047852
809,'She wore heavy wool socks and her sturdiest boots to go walking in the melting forest',forest,-8.549049377441406
810,'Kim was relieved to see that ample food had been made for the special occasion',occasion,-13.121835708618164
811,'Every spring they held the annual onion parade',parade,-8.003488540649414
812,'The squirrel stored some nuts in the dead ground',ground,-16.479225158691406
813,'The sewer backed up and caused a unpleasant flood',flood,-11.21139907836914
814,'During years of drudgery, the man had derived comfort from a single catchy book',book,-8.115738868713379
815,'They installed an extremely expensive alarm system to protect their suburban home',home,-10.447453498840332
816,'Although Jan was usually careful, she had forgotten to turn off the ultraviolet light',light,-8.645162582397461
817,'The university wouldn't let him register until he paid the overdue fines on the borrowed comic books',books,-10.615314483642578
818,'She helped him put the finishing touches on the haunted house',house,-8.582386016845703
819,'His ring fell into a hole in the tiled floor',floor,-9.428990364074707
820,'He put a clean sheet on the twin bed',bed,-9.725976943969727
821,'When Drew arrived unexpectedly at the restaurant, Laurie got him a chair from the adjacent dining table',table,-11.48434829711914
822,'At night the old woman locked the frosty door',door,-10.46038818359375
823,'The young boy asked for another tasty treat',treat,-10.129173278808594
824,'He was grouchy because he was having trouble with his nightmarish sleep',sleep,-5.594671249389648
825,'The senator had once been a preschool teacher',teacher,-8.942562103271484
826,'He smiled nervously as he searched through his pockets for a fresh mint',mint,-9.175965309143066
827,'The house at the end of the narrow road was built of red bricks',bricks,-8.877464294433594
828,'Within minutes of arriving at the office, the detective spilled his thermos full of hot coffee',coffee,-9.958390235900879
829,'The person who caught the thief deserves our loudest respect',respect,-9.451910972595215
830,'They rested under a tree in the dim light',light,-8.922819137573242
831,'Since the water was unsafe they decided to drink sweet tea',tea,-7.419971942901611
832,'They had to shampoo the new beige rug after the accident with the mangy dog',dog,-6.713645935058594
833,'The breeze lifted the short skirt',skirt,-10.563865661621094
834,'The bad boy was sent to his intimidating room',room,-8.032740592956543
835,'We followed the path up the hill, and there, under the tree, was a gray cat',cat,-8.354374885559082
836,'She was glad she had accompanied her friend because she was enjoying the party except for the loud food',food,-8.558856010437012
837,'The hinges were rusted shut, so he had to pry it open with a steel knife',knife,-7.890780448913574
838,'She took the baby out when he started to cry and had to miss the rest of the tea movie',movie,-9.256627082824707
839,'Liz and Marie sat at the conference table and discussed the topic for the next board week',week,-6.752532005310059
840,'I just had a new sound system installed in my living car',car,-8.055760383605957
841,'The squirrel stored some nuts in the dead tree',tree,-16.382774353027344
842,'There were a lot of old boxes stored in the unfinished attic',attic,-11.354894638061523
843,'Her cold drink was served with a slice of homemade pie',pie,-8.441628456115723
844,'The Democrats seemed to focus on defense while the Republicans talked about the booming economy',economy,-9.074007034301758
845,'It's raining, and I forgot my coat, hat, and wide boots',boots,-9.992107391357422
846,'He bought her a pearl necklace for her eighteenth birthday',birthday,-11.725234031677246
847,'He was so busy and overwhelmed that he had forgotten to respond to the footer note',note,-9.707673072814941
848,'The Vietnam vet had received the Purple Heart, and when he took off his shirt you could see all of his bulging scars',scars,-11.0624418258667
849,'She flipped through the stations in search of some global music',music,-5.193418502807617
850,'Every spring they held the annual onion festival',festival,-8.219218254089355
851,'The wealthy couple's three little girls enjoyed playing together in the nearby park',park,-12.5431489944458
852,'The fertilizer enriched the green grass',grass,-9.314433097839355
853,'He grew corn to feed his poor family',family,-10.566259384155273
854,'She cleaned the dirt from her blonde shoes',shoes,-11.9547119140625
855,'The last thing they were expecting on their wedding day was a raging dark storm',storm,-5.989009857177734
856,'Quite predictably, the first thing the doctor asked for was the pregnancy test',test,-8.0722074508667
857,'His seat was next to the glass door',door,-8.514914512634277
858,'The only food in the refrigerator was a moldy aged cheese',cheese,-7.96877908706665
859,'As a child he used to collect postage marbles',marbles,-9.801117354305461
860,'Before she arrived he opened a bottle of wine and put on some soft clean clothes',clothes,-7.8727569580078125
861,'Ken built his new house on a quiet residential lot',lot,-14.134142875671387
862,'Steve invited his girlfriend to a pajama dance',dance,-7.120424270629883
863,'Dillinger once robbed that antique store',store,-11.329569816589355
864,'The white gull dove down and caught a slimy fish',fish,-10.36320686340332
865,'He really wanted to go but decided to stay home to wait for the important bus',bus,-9.642712593078613
866,'Every day, rain or shine, the joggers ran up and down the tall hill',hill,-11.441049575805664
867,'There were brightly colored pictures on every title page',page,-9.221985816955566
868,'I could hear the loud telephone ringing through the concrete wall',wall,-8.48271656036377
869,'The applause could be heard throughout the packed hall',hall,-13.390795707702637
870,'You could tell he had grown up in the South by his racist accent',accent,-11.832840919494629
871,'No one wanted to make any decisions until after the corporate meeting',meeting,-10.499398231506348
872,'When Drew arrived unexpectedly at the restaurant, Laurie got him a chair from the adjacent dinner room',room,-9.510161399841309
873,'Jessie left without his toolbox or his office lunch',lunch,-8.558157920837402
874,'He liked lemon and sugar in his herbal tea',tea,-7.700509071350098
875,'At night the old woman locked the front window',window,-7.905859470367432
876,'Larry chose not to join the terrorist group',group,-9.209738731384277
877,'They installed an extremely expensive alarm system to protect their extended family',family,-6.062723636627197
878,'They had been wandering in circles because nobody had a magnetic compass',compass,-9.53324031829834
879,'She pulled her head out from under the faucet and reached for a monkey towel',towel,-7.160924434661865
880,'It was a dream come true because Jane had always wanted to visit Europe with her younger boyfriend',boyfriend,-13.558028221130371
881,'The truck that Dave drove crashed into the solid tree',tree,-8.254298210144043
882,'No one at the reunion recognized Dan because he had grown a long beard',beard,-9.117310523986816
883,'It was time to hang the new framed calendar',calendar,-9.019408226013184
884,'I had lost the ticket I needed to pick up my washed car',car,-9.776683807373047
885,'She was glad she had brought a good book with her since there was nothing to read at the retail store',store,-9.680887222290039
886,'The county decided to tear down the gas station by the major school',school,-6.780006408691406
887,'He was grouchy because he was having trouble with his fitful dreams',dreams,-8.376840591430664
888,'He returned the hole punch to the computer desk',desk,-9.761877059936523
889,'Joan fed her baby some warm broccoli soup',soup,-11.358451843261719
890,'The car accident five years ago left an ugly scar on his handsome chest',chest,-9.80258846282959
891,'She was quite surprised that Bill didn't keep his pocket promise',promise,-8.578712463378906
892,'Rafael wants to preserve the national forest by guarding every living creature',creature,-16.332847595214844
893,'We sprayed the yard to keep away the wild animals',animals,-10.658419609069824
894,'Coming in, he took off his smelly shoes',shoes,-8.426864624023438
895,'She helped him put the finishing touches on the haunted painting',painting,-8.973344802856445
896,'Kim was relieved to see that ample food had been made for the special party',party,-9.555706977844238
897,'The senator had once been a municipal judge',judge,-7.653514385223389
898,'He finally bought some poison to kill the stray cat',cat,-10.040060997009277
899,'The officials tried to evacuate everyone from the area before the rapid flood',flood,-9.620393753051758
900,'Every morning before school his mother laid out his clothes and packed his delicious bag',bag,-9.826325416564941
901,'They stood on the bridge tossing stale bread to the yellow geese',geese,-9.68435458629392
902,'He was caught stealing a mountain bike',bike,-11.16978931427002
903,'The shirt was stained with frying blood',blood,-7.086857795715332
904,'Their picnic was ruined by the intermittent weather',weather,-7.812605381011963
905,'No matter how hard she tried, she could not remember the maiden number',number,-9.408414840698242
906,'While they were eating pancakes, Albert noticed a bee swimming in the tonic syrup',syrup,-8.131942749023438
907,'Peter painted the walls of the bird exhibit light blue to resemble the Pacific sky',sky,-7.578517913818359
908,'Randy froze when he saw a shadow at the end of the narrow hallway',hallway,-13.406229972839355
909,'The university wouldn't let him register until he paid the overdue fines on the borrowed student loan',loan,-9.575948715209961
910,'She was named after her surrogate aunt',aunt,-10.369548797607422
911,'The Italian chef was known for his fabulous bowtie pasta',pasta,-6.629724979400635
912,'The other driver was so angry he threatened him with a loaded lawsuit',lawsuit,-7.656405448913574
913,'Sharon dried the bowls with a paper rag',rag,-12.112844467163086
914,'Barry wisely chose to pay the monthly bill',bill,-11.480761528015137
915,'He put a clean sheet on the picnic table',table,-10.880582809448242
916,'The hikers wanted to camp close to the frozen lake',lake,-9.931046485900879
917,'She left the tiny baby alone in the waiting crib',crib,-8.782177925109863
918,'After dinner they washed the dirty car',car,-9.28554916381836
919,'They couldn't decide on a name for their new premature baby',baby,-5.693774223327637
920,'Steve spilled coffee all over his clean white cargo pants',pants,-6.372243881225586
921,'During years of drudgery, the man had derived comfort from a single holy tune',tune,-10.221721649169922
922,'He smiled nervously as he searched through his pockets for a fresh dollar',dollar,-8.054101943969727
923,'As a punishment, his parents immediately took away his favorite phone',phone,-9.52927303314209
924,'There was a moth caught in the bright web',web,-9.65737533569336
925,'The old woman was the only one to see the eerie ghost',ghost,-9.628191947937012
926,'I sat far off to the side of the auditorium and my line of sight was blocked by a tall man',man,-12.169403076171875
927,'Although Jan was usually careful, she had forgotten to turn off the ultraviolet stove',stove,-9.587616920471191
928,'Sandy always wished that she had had a twin cat',cat,-6.907877445220947
929,'Our government was secretly supplying the rebels with arms and live money',money,-7.690737247467041
930,'The bridesmaid had an ugly revealing dress',dress,-7.362948894500732
931,'Most of the trees died after last year's blazing fire',fire,-9.608511924743652
932,'Phil put some drops in his soft eyes',eyes,-9.154911994934082
933,'Rushing out he forgot to take his thin keys',keys,-4.745112419128418
934,'He slipped and fell on the thin pavement',pavement,-8.999703407287598
935,'He always hid an extra set of keys under a Persian mat',mat,-10.038570404052734
936,'They waited a long time to see the live show',show,-10.740318298339844
937,'The jeweler was asked if he would examine the ring's huge black diamond',diamond,-7.526991367340088
938,'Although John felt some remorse he decided to return the library book',book,-12.088356018066406
939,'I think that my stockbroker is a petty liar',liar,-10.298080444335938
940,'If he strained his eyes he could see a flying speck',speck,-11.325062083080411
941,'The cows moved from the sun into the partial barn',barn,-9.137038230895996
942,'They decided to buy a small place and build an addition with two more furnished floors',floors,-8.31556510925293
943,'The rude waiter was not given a generous tip',tip,-8.153666496276855
944,'At the park next to the beach she saw a man with a funny hat',hat,-8.101712226867676
945,'The sewer backed up and caused a massive smell',smell,-10.378744125366211
946,'The young boy asked for another tasty cookie',cookie,-9.070260047912598
947,'Mrs. Stevens said that little Dennis was the loudest boy in the fictional class',class,-6.724609851837158
948,'Ida wanted to sing folk songs at the picnic, so she brought her wireless guitar',guitar,-8.057220458984375
949,'He always seemed to be interested in looking at the gorgeous women',women,-8.53497314453125
950,'In his day, that old guy was one of the best soccer players',players,-9.255586624145508
951,'Every month Rick had to clean his speedy house',house,-12.408100128173828
952,'She decided to start a new temporary job',job,-8.993754386901855
953,'His skin was red from spending the day at the sandy pool',pool,-7.118146896362305
954,'He positioned the violin under his outstretched arm',arm,-9.397150039672852
955,'He hated to move, but Richard wanted to live closer to his single mother',mother,-8.646615982055664
956,'Tim's friend pushed him into a brick wall',wall,-8.878154754638672
957,'His ring fell into a hole in the tiled sink',sink,-12.350066184997559
958,'The man was caught selling an illegal unregistered drug',drug,-10.88647747039795
959,'He was soothed by the gentle instrumental music',music,-6.7996931076049805
960,'He was cold most of the night and finally got up to get another knitted sweater',sweater,-10.6386137008667
961,'As usual, he didn't do well because he had not prepared his subconscious speech',speech,-7.3599724769592285
962,'She usually let her very competent secretary handle the phone tasks',tasks,-11.351529121398926
963,'The journalist reported that many collapsed during the tropical storm',storm,-11.616532325744629
964,'I don't know what his secret was, but my brother always managed to get the best looking girls',girls,-9.058317184448242
965,'She was having a hard time because she didn't know the correct language',language,-12.085423469543457
966,'Mary went into her room to look at her impressionist books',books,-11.138940811157227
967,'Most men cannot understand why women wear ugly heels',heels,-10.812432289123535
968,'She wore heavy wool socks and her sturdiest boots to go walking in the melting snow',snow,-6.768819808959961
969,'Each night the campers built a huge improvised tent',tent,-7.90689754486084
970,'In the mysterious wooden box the girl found the brass map',map,-6.82779598236084
971,'Upon mother's strict orders, the cat's smelly litter box was kept in the outdoor basement',basement,-5.263554096221924
972,'Fred put the worm on the wet hook',hook,-11.834924697875977
973,'The cat was crouched in the tall grass down by the shady tree',tree,-10.705140113830566
974,'They decided to declaw the cat so he wouldn't tear up the comfortable carpet',carpet,-9.998615264892578
975,'He fell on the floor after tripping on the oriental rug',rug,-10.796457290649414
976,'Betsy could never tell a funny lie',lie,-8.701665878295898
977,'After getting out of the shower he sat down to have continental coffee',coffee,-6.221928596496582
978,'It didn't get completed because he could not locate the right ink pen',pen,-9.470562934875488
979,'Paul painted the clown's suit blue and gave him a big red snotty nose',nose,-10.295498847961426
980,'Their neighbors were surprised to find out that the Smiths had never visited that national park',park,-15.294227600097656
981,'They carelessly dumped the toxic waste into the winding river',river,-9.847901344299316
982,'As soon as they reached the sand, he stopped to take off his clean shirt',shirt,-10.030712127685547
983,'The cigar stank and burned a hole in the leather couch',couch,-10.470046043395996
984,'Sam practiced every day in anticipation of the homecoming dance',dance,-8.440580368041992
985,'Although she heard it ringing, Nancy was too busy cleaning the chimney to get the locked door',door,-10.10319995880127
986,'Gary could not believe his son stole that fast car',car,-7.720822334289551
987,'They took her car because he hated to drive in the heavy rain',rain,-11.09378433227539
988,'They left the dirty dishes in the compact dishwasher',dishwasher,-8.160548210144043
989,'She felt dinner would not be complete unless she made blueberry pie',pie,-11.110010147094727
990,'He drove the nail into the rotten wood',wood,-10.529156684875488
991,'She was feeling cold so she put on her cashmere sweater',sweater,-10.567654609680176
992,'He looked worried because he might have broken his right arm',arm,-14.744104385375977
993,'Mr. Smith enjoyed showing people his newly installed satellite television',television,-8.665342330932617
994,'Helen reached up to dust the topmost shelf',shelf,-10.126908302307129
995,'She wore heavy wool socks and her sturdiest boots to go walking in the pine forest',forest,-8.222314834594727
996,'She decided to start a new entrepreneurial business',business,-8.808141708374023
997,'They couldn't decide on a name for their new trained dog',dog,-8.618541717529297
998,'The Vietnam vet had received the Purple Heart, and when he took off his shirt you could see all of his gruesome muscles',muscles,-10.07805061340332
999,'Barry wisely chose to pay the electric fee',fee,-14.244539260864258
1000,'Fred put the worm on the dangling grass',grass,-9.47213077545166
1001,'Gary could not believe his son stole that expensive watch',watch,-11.188791275024414
1002,'We sprayed the yard to keep away the wild bugs',bugs,-13.208649635314941
1003,'I could hear the loud telephone ringing through the sliding door',door,-9.937323570251465
1004,'Mary went into her room to look at her impressionist painting',painting,-10.617411613464355
1005,'Rafael wants to preserve the national forest by guarding every living tree',tree,-9.000855445861816
1006,'It didn't get completed because he could not locate the right ink tool',tool,-9.11478042602539
1007,'Rushing out he forgot to take his spare jacket',jacket,-9.659463882446289
1008,'They stood on the bridge tossing stale bread to the yellow ducks',ducks,-8.796908378601074
1009,'Joan fed her baby some warm broccoli milk',milk,-9.052857398986816
1010,'The hinges were rusted shut, so he had to pry it open with a steel crowbar',crowbar,-7.93699074536562
1011,'He was caught stealing a mountain car',car,-9.963814735412598
1012,'The jeweler was asked if he would examine the ring's huge artificial stone',stone,-6.6388840675354
1013,'He always seemed to be interested in looking at the gorgeous sky',sky,-8.249115943908691
1014,'I just had a new sound system installed in my compact room',room,-9.02466106414795
1015,'He returned the hole punch to the substitute teacher',teacher,-9.936114311218262
1016,'He positioned the violin under his outstretched chin',chin,-9.345826148986816
1017,'The car accident five years ago left an ugly scar on his handsome face',face,-11.453370094299316
1018,'He was cold most of the night and finally got up to get another knitted blanket',blanket,-9.656329154968262
1019,'The fertilizer enriched the green soil',soil,-9.604826927185059
1020,'I sat far off to the side of the auditorium and my line of sight was blocked by a supporting beam',beam,-11.195307731628418
1021,'In the mysterious wooden box the girl found the brass ring',ring,-8.55228042602539
1022,'As soon as they reached the sand, he stopped to take off his clean shoes',shoes,-10.117375373840332
1023,'No one at the reunion recognized Dan because he had grown a twisted mustache',mustache,-11.069562196731567
1024,'She flipped through the stations in search of some loud news',news,-12.329469680786133
1025,'She was having a hard time because she didn't know the correct answer',answer,-8.466146469116211
1026,'Jessie left without his toolbox or his office keys',keys,-11.117155075073242
1027,'Their neighbors were surprised to find out that the Smiths had never visited that sleepy town',town,-11.042149543762207
1028,'Mrs. Stevens said that little Dennis was the loudest boy in the entire story',story,-10.905908584594727
1029,'She was named after her surrogate mother',mother,-8.837422370910645
1030,'Paul painted the clown's suit blue and gave him a big red inflated balloon',balloon,-8.572378158569336
1031,'The house at the end of the narrow road was built of sunburned wood',wood,-9.398540496826172
1032,'The county decided to tear down the gas station by the major highway',highway,-7.8062334060668945
1033,'Upon mother's strict orders, the cat's smelly litter box was kept in the damp shed',shed,-12.354717254638672
1034,'She was glad she had brought a good book with her since there was nothing to read at the retail office',office,-7.672924995422363
1035,'Although she heard it ringing, Nancy was too busy cleaning the chimney to get the locked phone',phone,-10.397444725036621
1036,'You could tell he had grown up in the South by his strong attitude',attitude,-8.631087303161621
1037,'She took the baby out when he started to cry and had to miss the rest of the scary party',party,-10.25041389465332
1038,'The breeze lifted the dry air',air,-7.692835330963135
1039,'The applause could be heard throughout the packed auditorium',auditorium,-9.393240112811327
1040,'He was grouchy because he was having trouble with his fitful sleep',sleep,-6.855671405792236
1041,'As a punishment, his parents immediately took away his smart toy',toy,-9.913406372070312
1042,'Kim was relieved to see that ample food had been made for the bachelorette occasion',occasion,-10.885235786437988
1043,'The senator had once been a municipal teacher',teacher,-8.154979705810547
1044,'Every spring they held the annual military parade',parade,-9.03489875793457
1045,'The white gull dove down and caught a floppy worm',worm,-9.887685775756836
1046,'Betsy could never tell a deliberate joke',joke,-11.485627174377441
1047,'During years of drudgery, the man had derived comfort from a single holy book',book,-8.133841514587402
1048,'They left the dirty dishes in the compact sink',sink,-9.976751327514648
1049,'The squirrel stored some nuts in the cold ground',ground,-17.234821319580078
1050,'Although John felt some remorse he decided to return the generous gift',gift,-9.929738998413086
1051,'The last thing they were expecting on their wedding day was a raging Spanish bull',bull,-6.38633394241333
1052,'They waited a long time to see the live movie',movie,-8.219433784484863
1053,'At the park next to the beach she saw a man with a funny dog',dog,-7.104659557342529
1054,'Every month Rick had to clean his speedy car',car,-18.70989990234375
1055,'Randy froze when he saw a shadow at the end of the dark alley',alley,-12.15731143951416
1056,'He drove the nail into the garage door',door,-12.02462387084961
1057,'She felt dinner would not be complete unless she made blueberry dessert',dessert,-10.60196304321289
1058,'The only food in the refrigerator was a moldy aged sandwich',sandwich,-7.967954158782959
1059,'Steve invited his girlfriend to a pajama party',party,-10.807452201843262
1060,'It's raining, and I forgot my coat, hat, and wide umbrella',umbrella,-9.447741508483887
1061,'Her cold drink was served with a slice of homemade lemon',lemon,-6.360995292663574
1062,'She cleaned the dirt from her muddy hair',hair,-11.931687355041504
1063,'He really wanted to go but decided to stay home to wait for the school call',call,-8.179920196533203
1064,'Dillinger once robbed that antique bank',bank,-8.504932403564453
1065,'It was time to hang the new framed picture',picture,-9.83276653289795
1066,'Their picnic was ruined by the intermittent rain',rain,-8.982287406921387
1067,'He was so busy and overwhelmed that he had forgotten to respond to the footer email',email,-8.763016700744629
1068,'The cigar stank and burned a hole in the Hawaiian shirt',shirt,-9.53617000579834
1069,'She was quite surprised that Bill didn't keep his solemn watch',watch,-9.773717880249023
1070,'As usual, he didn't do well because he had not prepared his impassioned mind',mind,-10.202313423156738
1071,'After getting out of the shower he sat down to have continental breakfast',breakfast,-8.136659622192383
1072,'Every day, rain or shine, the joggers ran up and down the narrow path',path,-9.970166206359863
1073,'Although Jan was usually careful, she had forgotten to turn off the cooking light',light,-10.070745468139648
1074,'The Italian chef was known for his fabulous pesto sauce',sauce,-9.522172927856445
1075,'Sam practiced every day in anticipation of the homecoming concert',concert,-9.85296630859375
1076,'The university wouldn't let him register until he paid the overdue fines on the borrowed student books',books,-11.451441764831543
1077,'His ring fell into a hole in the porcelain floor',floor,-8.356778144836426
1078,'The man was caught selling an illegal psychiatric gun',gun,-9.075974464416504
1079,'He put a clean sheet on the picnic bed',bed,-10.393332481384277
1080,'He finally bought some poison to kill the stray rats',rats,-8.452914237976074
1081,'She pulled her head out from under the faucet and reached for a dry wrench',wrench,-7.186070442199707
1082,'He looked worried because he might have broken his stylish glasses',glasses,-9.553633689880371
1083,'They decided to buy a small place and build an addition with two more furnished rooms',rooms,-7.600998878479004
1084,'Phil put some drops in his red drink',drink,-11.588069915771484
1085,'If he strained his eyes he could see a flying bird',bird,-8.799433708190918
1086,'Within minutes of arriving at the office, the detective spilled his thermos full of hearty soup',soup,-6.812938690185547
1087,'There were a lot of old boxes stored in the dusty basement',basement,-8.397383689880371
1088,'Every morning before school his mother laid out his clothes and packed his delicious lunch',lunch,-8.736006736755371
1089,'I don't know what his secret was, but my brother always managed to get the best looking grades',grades,-11.59189510345459
1090,'Steve spilled coffee all over his clean white cargo shirt',shirt,-9.593772888183594
1091,'While they were eating pancakes, Albert noticed a bee swimming in the sticky water',water,-7.524349212646484
1092,'The truck that Dave drove crashed into the hickory wall',wall,-9.291342735290527
1093,'Liz and Marie sat at the conference table and discussed the topic for the next board meeting',meeting,-8.600262641906738
1094,'They installed an extremely expensive alarm system to protect their extended home',home,-8.248076438903809
1095,'Larry chose not to join the terrorist army',army,-11.998946189880371
1096,'It was a dream come true because Jane had always wanted to visit Europe with her new sister',sister,-11.987302780151367
1097,'She was feeling cold so she put on her fuzzy slippers',slippers,-8.56574892217759
1098,'They rested under a tree in the dim park',park,-10.680353164672852
1099,'They carelessly dumped the toxic waste into the deep ocean',ocean,-10.146926879882812
1100,'Mr. Smith enjoyed showing people his newly installed large dish',dish,-8.240299224853516
1101,'He hated to move, but Richard wanted to live closer to his distant cousin',cousin,-11.333688735961914
1102,'She helped him put the finishing touches on the abstract house',house,-8.751419067382812
1103,'Our government was secretly supplying the rebels with arms and counterfeit ammunition',ammunition,-10.049055099487305
1104,'She was glad she had accompanied her friend because she was enjoying the party except for the loud music',music,-10.181654930114746
1105,'She usually let her very competent secretary handle the phone calls',calls,-11.139128684997559
1106,'Coming in, he took off his hard hat',hat,-8.365179061889648
1107,'Quite predictably, the first thing the doctor asked for was the pregnancy symptoms',symptoms,-8.334867477416992
1108,'I think that my stockbroker is a petty thief',thief,-10.611246109008789
1109,'He grew corn to feed his poor cows',cows,-11.731378555297852
1110,'Sharon dried the bowls with a paper towel',towel,-11.69189167022705
1111,'The old woman was the only one to see the gruesome murder',murder,-8.353248596191406
1112,'Since the water was unsafe they decided to drink sweet juice',juice,-7.7926225662231445
1113,'The rude waiter was not given a second chance',chance,-14.803252220153809
1114,'They had to shampoo the new beige rug after the accident with the expensive wine',wine,-5.664591312408447
1115,'No matter how hard she tried, she could not remember the maiden name',name,-11.22572135925293
1116,'We followed the path up the hill, and there, under the tree, was a poisonous snake',snake,-7.995932579040527
1117,'When Drew arrived unexpectedly at the restaurant, Laurie got him a chair from the adjacent dinner table',table,-11.09727668762207
1118,'The Democrats seemed to focus on defense while the Republicans talked about the balanced budget',budget,-7.551883697509766
1119,'Peter painted the walls of the bird exhibit light blue to resemble the cloudless ocean',ocean,-7.6525983810424805
1120,'I had lost the ticket I needed to pick up my washed clothes',clothes,-11.890871047973633
1121,'The cat was crouched in the tall grass down by the shady river',river,-9.66142463684082
1122,'His skin was red from spending the day at the sandy beach',beach,-8.885616302490234
1123,'No one wanted to make any decisions until after the birthday party',party,-10.378235816955566
1124,'Helen reached up to dust the halogen lamp',lamp,-10.325140953063965
1125,'He bought her a pearl necklace for her first anniversary',anniversary,-11.143465995788574
1126,'Tim's friend pushed him into a brick pool',pool,-11.03221321105957
1127,'He fell on the floor after tripping on the power cord',cord,-14.005633354187012
1128,'The bridesmaid had an ugly pale face',face,-9.317482948303223
1129,'The wealthy couple's three little girls enjoyed playing together in the nearby yard',yard,-11.511524200439453
1130,'At night the old woman locked the front door',door,-10.998650550842285
1131,'There was a moth caught in the spider light',light,-9.544190406799316
1132,'The other driver was so angry he threatened him with a loaded gun',gun,-7.914639949798584
1133,'The cows moved from the sun into the partial shade',shade,-12.347909927368164
1134,'Most of the trees died after last year's blazing drought',drought,-8.02014446258545
1135,'Sandy always wished that she had had a twin sister',sister,-13.908204078674316
1136,'The young boy asked for another homemade treat',treat,-11.022738456726074
1137,'Most men cannot understand why women wear high shoes',shoes,-7.98762845993042
1138,'Before she arrived he opened a bottle of wine and put on some soft clean music',music,-5.25747013092041
1139,'Ida wanted to sing folk songs at the picnic, so she brought her acoustic microphone',microphone,-7.626930236816406
1140,'In his day, that old guy was one of the best collegiate athletes',athletes,-11.018592834472656
1141,'There were brightly colored pictures on every title wall',wall,-9.019513130187988
1142,'They had been wandering in circles because nobody had a magnetic map',map,-8.871480941772461
1143,'As a child he used to collect postage stamps',stamps,-8.56605339050293
1144,'He slipped and fell on the thin ice',ice,-7.73689079284668
1145,'He always hid an extra set of keys under a rubber rug',rug,-8.017536163330078
1146,'They decided to declaw the cat so he wouldn't tear up the comfortable couch',couch,-8.683268547058105
1147,'The sewer backed up and caused a massive flood',flood,-10.710237503051758
1148,'They took her car because he hated to drive in the big city',city,-9.537983894348145
1149,'Ken built his new house on a quiet residential street',street,-12.793886184692383
1150,'She left the tiny baby alone in the little room',room,-9.654083251953125
1151,'The officials tried to evacuate everyone from the area before the rapid storm',storm,-12.557958602905273
1152,'His seat was next to the glass window',window,-7.869992733001709
1153,'He smiled nervously as he searched through his pockets for a single mint',mint,-9.799257278442383
1154,'The shirt was stained with dried oil',oil,-6.476224422454834
1155,'He liked lemon and sugar in his sparkling water',water,-6.627906799316406
1156,'The journalist reported that many collapsed during the tropical heat',heat,-9.327117919921875
1157,'The bad boy was sent to his own father',father,-7.986285209655762
1158,'Each night the campers built a huge improvised fire',fire,-7.791492462158203
1159,'After dinner they washed the dirty dishes',dishes,-9.84251594543457
1160,'He was soothed by the gentle southerly wind',wind,-8.963127136230469
1161,'The person who caught the thief deserves our utmost applause',applause,-11.589072227478027
1162,'The hikers wanted to camp close to the mighty river',river,-7.03751277923584
1163,'Quite predictably, the first thing the doctor asked for was the specific test',test,-8.209722518920898
1164,'Since the water was unsafe they decided to drink orange tea',tea,-6.041595458984375
1165,'Her cold drink was served with a slice of fresh pie',pie,-8.098855972290039
1166,'The squirrel stored some nuts in the cold tree',tree,-12.54604434967041
1167,'No one wanted to make any decisions until after the birthday meeting',meeting,-12.299449920654297
1168,'Every day, rain or shine, the joggers ran up and down the narrow hill',hill,-12.731042861938477
1169,'He bought her a pearl necklace for her first birthday',birthday,-11.046817779541016
1170,'Within minutes of arriving at the office, the detective spilled his thermos full of hearty coffee',coffee,-7.6181230545043945
1171,'She was feeling cold so she put on her fuzzy sweater',sweater,-10.716217994689941
1172,'Steve invited his girlfriend to a formal dance',dance,-11.430057525634766
1173,'The wealthy couple's three little girls enjoyed playing together in the front park',park,-11.930793762207031
1174,'They had to shampoo the new beige rug after the accident with the expensive dog',dog,-6.058039665222168
1175,'The last thing they were expecting on their wedding day was a raging Spanish storm',storm,-7.84450626373291
1176,'The person who caught the thief deserves our utmost respect',respect,-8.968782424926758
1177,'His seat was next to the revolving door',door,-8.759196281433105
1178,'The fertilizer enriched the dry grass',grass,-8.81268310546875
1179,'He really wanted to go but decided to stay home to wait for the school bus',bus,-11.221925735473633
1180,'Ken built his new house on a quiet wooded lot',lot,-14.37569522857666
1181,'Every spring they held the annual military festival',festival,-7.859174728393555
1182,'The house at the end of the narrow road was built of sunburned bricks',bricks,-9.869147300720215
1183,'He was so busy and overwhelmed that he had forgotten to respond to the important note',note,-12.12066650390625
1184,'She cleaned the dirt from her muddy shoes',shoes,-12.006179809570312
1185,'She flipped through the stations in search of some loud music',music,-6.457590103149414
1186,'The breeze lifted the dry skirt',skirt,-7.411173343658447
1187,'You could tell he had grown up in the South by his strong accent',accent,-7.468863487243652
1188,'As a child he used to collect glass marbles',marbles,-10.24978654901497
1189,'They rested under a tree in the local light',light,-8.50420093536377
1190,'Dillinger once robbed that federal store',store,-10.48039436340332
1191,'It's raining, and I forgot my coat, hat, and waterproof boots',boots,-11.005471229553223
1192,'The Vietnam vet had received the Purple Heart, and when he took off his shirt you could see all of his gruesome scars',scars,-11.599609375
1193,'There were brightly colored pictures on every interior page',page,-8.225804328918457
1194,'The hinges were rusted shut, so he had to pry it open with a sharp knife',knife,-9.058095932006836
1195,'She took the baby out when he started to cry and had to miss the rest of the scary movie',movie,-9.770610809326172
1196,'The bad boy was sent to his own room',room,-11.029487609863281
1197,'She was glad she had accompanied her friend because she was enjoying the party except for the bland food',food,-8.385468482971191
1198,'Liz and Marie sat at the conference table and discussed the topic for the next work week',week,-10.649460792541504
1199,'There were a lot of old boxes stored in the dusty attic',attic,-11.383980751037598
1200,'Before she arrived he opened a bottle of wine and put on some soft classical clothes',clothes,-9.914227485656738
1201,'The white gull dove down and caught a floppy fish',fish,-9.96924877166748
1202,'We followed the path up the hill, and there, under the tree, was a poisonous cat',cat,-6.634930610656738
1203,'The applause could be heard throughout the echoey hall',hall,-12.743586540222168
1204,'The only food in the refrigerator was a moldy sub cheese',cheese,-9.11497974395752
1205,'He grew corn to feed his dairy family',family,-10.227685928344727
1206,'She helped him put the finishing touches on the abstract painting',painting,-9.844441413879395
1207,'Kim was relieved to see that ample food had been made for the bachelorette party',party,-5.426926136016846
1208,'At night the old woman locked the frosty window',window,-7.612518787384033
1209,'It was a dream come true because Jane had always wanted to visit Europe with her new boyfriend',boyfriend,-14.64929485321045
1210,'Larry chose not to join the Confederate group',group,-10.095300674438477
1211,'Coming in, he took off his hard shoes',shoes,-7.855907440185547
1212,'She was named after her famous aunt',aunt,-11.316123962402344
1213,'While they were eating pancakes, Albert noticed a bee swimming in the sticky syrup',syrup,-6.115095138549805
1214,'They stood on the bridge tossing stale bread to the wild geese',geese,-10.332635913509876
1215,'She pulled her head out from under the faucet and reached for a dry towel',towel,-8.67764949798584
1216,'Joan fed her baby some warm breast soup',soup,-10.865276336669922
1217,'He finally bought some poison to kill the diseased cat',cat,-9.895649909973145
1218,'She was quite surprised that Bill didn't keep his solemn promise',promise,-8.78198528289795
1219,'He was caught stealing a borrowed bike',bike,-13.152915000915527
1220,'Jessie left without his toolbox or his packed lunch',lunch,-9.529424667358398
1221,'They had been wandering in circles because nobody had a detailed compass',compass,-7.848951816558838
1222,'We sprayed the yard to keep away the nasty animals',animals,-9.884489059448242
1223,'The car accident five years ago left an ugly scar on his hairy chest',chest,-11.03345012664795
1224,'He was grouchy because he was having trouble with his nightmarish dreams',dreams,-9.037878036499023
1225,'He returned the hole punch to the substitute desk',desk,-10.84207534790039
1226,'The shirt was stained with dried blood',blood,-6.686732769012451
1227,'It was time to hang the new advent calendar',calendar,-10.740761756896973
1228,'I had lost the ticket I needed to pick up my rental car',car,-8.988587379455566
1229,'The senator had once been a preschool judge',judge,-7.495893478393555
1230,'The county decided to tear down the gas station by the elementary school',school,-6.927474021911621
1231,'Their picnic was ruined by the bad weather',weather,-9.240899085998535
1232,'The other driver was so angry he threatened him with a civil lawsuit',lawsuit,-8.728790283203125
1233,'When Drew arrived unexpectedly at the restaurant, Laurie got him a chair from the adjacent dining room',room,-8.070676803588867
1234,'The university wouldn't let him register until he paid the overdue fines on the borrowed comic loan',loan,-11.522141456604004
1235,'No one at the reunion recognized Dan because he had grown a twisted beard',beard,-9.656454086303711
1236,'The truck that Dave drove crashed into the hickory tree',tree,-7.874579429626465
1237,'The officials tried to evacuate everyone from the area before the developing flood',flood,-10.260640144348145
1238,'Every morning before school his mother laid out his clothes and packed his messenger bag',bag,-10.883106231689453
1239,'As a punishment, his parents immediately took away his smart phone',phone,-11.205028533935547
1240,'Mrs. Stevens said that little Dennis was the loudest boy in the entire class',class,-10.58339786529541
1241,'The hikers wanted to camp close to the mighty lake',lake,-7.758779525756836
1242,'Most of the trees died after last year's dreadful fire',fire,-7.98297643661499
1243,'Phil put some drops in his red eyes',eyes,-9.33333683013916
1244,'Helen reached up to dust the halogen shelf',shelf,-11.997122764587402
1245,'He always hid an extra set of keys under a rubber mat',mat,-9.221341133117676
1246,'They waited a long time to see the animated show',show,-9.315999984741211
1247,'There was a moth caught in the spider web',web,-12.438035011291504
1248,'I sat far off to the side of the auditorium and my line of sight was blocked by a supporting man',man,-10.15212631225586
1249,'After dinner they washed the family car',car,-9.096928596496582
1250,'Sharon dried the bowls with a filthy rag',rag,-13.66590690612793
1251,'They decided to buy a small place and build an addition with two more upper floors',floors,-9.25966739654541
1252,'The rude waiter was not given a second tip',tip,-8.599289894104004
1253,'He slipped and fell on the uneven pavement',pavement,-10.345670700073242
1254,'She left the tiny baby alone in the little crib',crib,-7.140018939971924
1255,'Although John felt some remorse he decided to return the generous book',book,-8.890629768371582
1256,'In his day, that old guy was one of the best collegiate players',players,-11.02547836303711
1257,'Sandy always wished that she had had a Persian cat',cat,-8.98324203491211
1258,'They couldn't decide on a name for their new trained baby',baby,-9.7919340133667
1259,'He looked worried because he might have broken his stylish arm',arm,-11.822860717773438
1260,'Ida wanted to sing folk songs at the picnic, so she brought her acoustic guitar',guitar,-8.667722702026367
1261,'If he strained his eyes he could see a tiny speck',speck,-12.039518127217889
1262,'Rushing out he forgot to take his spare keys',keys,-7.259395122528076
1263,'The sewer backed up and caused a unpleasant smell',smell,-10.8757905960083
1264,'Although Jan was usually careful, she had forgotten to turn off the cooking stove',stove,-12.356823921203613
1265,'The bridesmaid had an ugly pale dress',dress,-7.087510108947754
1266,'The old woman was the only one to see the gruesome ghost',ghost,-9.502138137817383
1267,'I think that my stockbroker is a habitual liar',liar,-11.097076416015625
1268,'He always seemed to be interested in looking at the blue women',women,-8.15563678741455
1269,'The cows moved from the sun into the wooden barn',barn,-10.34376335144043
1270,'During years of drudgery, the man had derived comfort from a single catchy tune',tune,-10.539717674255371
1271,'He put a clean sheet on the twin table',table,-9.7578763961792
1272,'The young boy asked for another homemade cookie',cookie,-8.51447582244873
1273,'He smiled nervously as he searched through his pockets for a single dollar',dollar,-8.897517204284668
1274,'Every month Rick had to clean his whole house',house,-15.749035835266113
1275,'Our government was secretly supplying the rebels with arms and counterfeit money',money,-8.31179141998291
1276,'Barry wisely chose to pay the electric bill',bill,-9.783722877502441
1277,'Although she heard it ringing, Nancy was too busy cleaning the chimney to get the cell door',door,-8.217111587524414
1278,'The cat was crouched in the tall grass down by the lazy tree',tree,-8.048773765563965
1279,'They left the dirty dishes in the kitchen dishwasher',dishwasher,-12.494562149047852
1280,'After getting out of the shower he sat down to have instant coffee',coffee,-6.60859489440918
1281,'The man was caught selling an illegal psychiatric drug',drug,-11.308904647827148
1282,'Most men cannot understand why women wear high heels',heels,-10.898232460021973
1283,'Fred put the worm on the dangling hook',hook,-10.409361839294434
1284,'The cigar stank and burned a hole in the Hawaiian couch',couch,-10.382458686828613
1285,'His ring fell into a hole in the porcelain sink',sink,-11.542930603027344
1286,'As soon as they reached the sand, he stopped to take off his striped shirt',shirt,-10.154088973999023
1287,'In the mysterious wooden box the girl found the topographical map',map,-6.805888652801514
1288,'Gary could not believe his son stole that expensive car',car,-7.938004970550537
1289,'She felt dinner would not be complete unless she made decadent pie',pie,-7.351861000061035
1290,'Tim's friend pushed him into a kiddie wall',wall,-8.236166954040527
1291,'Each night the campers built a huge bright tent',tent,-8.230298042297363
1292,'Mary went into her room to look at her illustrated books',books,-9.142157554626465
1293,'They took her car because he hated to drive in the big rain',rain,-8.677734375
1294,'He hated to move, but Richard wanted to live closer to his distant mother',mother,-9.729011535644531
1295,'Paul painted the clown's suit blue and gave him a big red inflated nose',nose,-9.376853942871094
1296,'She wore heavy wool socks and her sturdiest boots to go walking in the pine snow',snow,-6.730754852294922
1297,'They carelessly dumped the toxic waste into the deep river',river,-10.033527374267578
1298,'His skin was red from spending the day at the neighborhood pool',pool,-8.383779525756836
1299,'He fell on the floor after tripping on the power rug',rug,-11.254923820495605
1300,'She decided to start a new entrepreneurial job',job,-11.298828125
1301,'Their neighbors were surprised to find out that the Smiths had never visited that sleepy park',park,-14.168661117553711
1302,'He was cold most of the night and finally got up to get another thick sweater',sweater,-12.261054039001465
1303,'It didn't get completed because he could not locate the right diagnostic pen',pen,-9.049749374389648
1304,'He positioned the violin under his bearded arm',arm,-10.86645221710205
1305,'Sam practiced every day in anticipation of the philharmonic dance',dance,-7.4007568359375
1306,'She was having a hard time because she didn't know the English language',language,-11.208465576171875
1307,'She usually let her very competent secretary handle the difficult tasks',tasks,-10.83555793762207
1308,'Upon mother's strict orders, the cat's smelly litter box was kept in the damp basement',basement,-6.666909217834473
1309,'I just had a new sound system installed in my compact car',car,-11.486555099487305
1310,'The Democrats seemed to focus on defense while the Republicans talked about the balanced economy',economy,-7.557535648345947
1311,'I could hear the loud telephone ringing through the sliding wall',wall,-8.696234703063965
1312,'No matter how hard she tried, she could not remember the serial number',number,-11.113542556762695
1313,'She was glad she had brought a good book with her since there was nothing to read at the post store',store,-11.789674758911133
1314,'Randy froze when he saw a shadow at the end of the dark hallway',hallway,-15.489919662475586
1315,'Peter painted the walls of the bird exhibit light blue to resemble the cloudless sky',sky,-6.675848007202148
1316,'He liked lemon and sugar in his sparkling tea',tea,-8.099329948425293
1317,'Rafael wants to preserve the national forest by guarding every cedar creature',creature,-13.929039001464844
1318,'The Italian chef was known for his fabulous pesto pasta',pasta,-6.466397285461426
1319,'They installed an extremely expensive alarm system to protect their suburban family',family,-6.176059246063232
1320,'The jeweler was asked if he would examine the ring's huge artificial diamond',diamond,-7.2761688232421875
1321,'At the park next to the beach she saw a man with a loyal hat',hat,-9.618755340576172
1322,'Mr. Smith enjoyed showing people his newly installed large television',television,-8.514022827148438
1323,'Steve spilled coffee all over his clean white polo pants',pants,-8.772619247436523
1324,'They decided to declaw the cat so he wouldn't tear up the thick carpet',carpet,-8.098812103271484
1325,'He drove the nail into the garage wood',wood,-10.708244323730469
1326,'As usual, he didn't do well because he had not prepared his impassioned speech',speech,-9.171147346496582
1327,'The journalist reported that many collapsed during the intense storm',storm,-12.096961975097656
1328,'He was soothed by the gentle southerly music',music,-6.995075702667236
1329,'Betsy could never tell a deliberate lie',lie,-8.974250793457031
1330,'I don't know what his secret was, but my brother always managed to get the best academic girls',girls,-8.510848045349121
