sentence_number,sentence,word,cloze_prob
1,She was glad she had accompanied her friend because she was enjoying the party except for the music,music,0.182194616977226
2,Shuffle the cards before you forget,forget,0
3,Most men cannot understand why women wear makeup,makeup,0.34375
4,Cats loved to be scratched behind the collar,collar,0
5,She thought she had seen a ghost,ghost,0.683266932270916
6,She pulled her head out from under the faucet and reached for a pill,pill,0.0299896587383661
7,The tenants decided to take their landlord to breakfast,breakfast,0
8,He settled for California champagne because the imported stuff was too bitter,bitter,0
9,"In caring for hospitalized patients, a doctor often needs the help of a nurse",nurse,0.971
10,I was finally able to make an appointment for the test,test,0.0296827021494371
11,He was soothed by the gentle touch,touch,0.22808764940239
12,When the power went out the house became dark,dark,0.970103092783505
13,The death of his dog was a great expense,expense,0
14,He scraped the cold food from his floor,floor,0
15,The prisoners were planning their party,party,0
16,I didn't like the show so I changed the channel,channel,0.970103092783505
17,I added my name to the basket,basket,0
18,"While skiing, Randy broke his leg",leg,0.618236472945892
19,The breeze lifted the smell,smell,0
20,Giraffes are known for their long necks and zebras for their speed,speed,0.029
21,The approaching storm made the air very heavy,heavy,0
22,The baby cried and upset her stomach,stomach,0.0290581162324649
23,She couldn't find anything she wanted to own,own,0
24,Although Jan was usually careful she had forgotten to turn off the freezers,freezers,0
25,Josie found she could not bend the elbow of her broken arm,arm,0.912
26,She wore heavy wool socks and her sturdiest boots to go walking in the mud,mud,0.0590590590590591
27,I think that my stockbroker is a crook,crook,0.18200620475698
28,Tim threw a rock and broke the camera,camera,0
29,"As the weather got warmer, Mark started wearing his lighter jacket instead of his heavy winter underwear",underwear,0
30,"Although this film was an exception, she generally went to see movies that were funny",funny,0.270811380400422
31,His seat was next to the window,window,0.412825651302605
32,The bad boy was sent to his counselor,counselor,0.0308510638297872
33,Liz and Marie sat at the conference table and discussed the topic for the next lecture,lecture,0.0592369477911647
34,Ruby's grandchildren hired a live-in nurse because they thought she was too old to live long,long,0.029
35,The jeweler was asked if he would examine the ring's huge diamond,diamond,0.678034102306921
36,Be careful because the top of the stove is very dirty,dirty,0.0307529162248144
37,Every morning Susan braids her little girl's hair then helps her dress for success,success,0
38,"The hinges were rusted shut, so he had to pry it open with a flourish",flourish,0
39,It didn't get completed because he could not locate the right dictionary,dictionary,0
40,"We followed the path up the hill, and there under the tree was a cat",cat,0.113095238095238
41,John swept the floor with a broom,broom,0.853
42,The groom took the bride's hand and placed the ring on her finger,finger,0.970103092783505
43,They saw the lightening and heard the thunder,thunder,0.941
44,The colonel wished the sergeant would treat his command not as a polite request but as a direct order,order,0.848609680741504
45,The man could not believe that they were all dead,dead,0.241052631578947
46,I just had a new sound system installed in my car,car,0.79559118236473
47,The cows moved from the sun into the shade,shade,0.884231536926148
48,The old woman was the only one to see the accident,accident,0.207452165156093
49,I was impressed by how much he published,published,0
50,Ken built his new house on a quiet farm,farm,0.0592964824120603
51,She was having a hard time because she didn't know the story,story,0
52,When she got there she found that most of the people were gone,gone,0.395445134575569
53,The teacher saw that some students were cheating and wrote down their grades,grades,0
54,Peter painted the walls of the bird exhibit light blue to resemble the sky,sky,0.759297520661157
55,The hikers wanted to camp close to the river,river,0.294589178356713
56,Each night the campers built a huge igloo,igloo,0
57,The white gull dove down and caught a draft,draft,0
58,"When George couldn't get into his car, he got down on one knee and reached under the bumper for the spare cash",cash,0
59,"On hot days, many people sun themselves on the roof",roof,0.0608875128998968
60,As soon as they reached the sand he stopped to take off his watch,watch,0
61,The sewer backed up and caused a stink,stink,0
62,"After the hurricane, the area around the window was filled with broken glass",glass,0.941941941941942
63,She dropped the glass and woke up the baby,baby,0.235707121364092
64,"When Drew arrived unexpectedly at the restaurant, Laurie got him a chair from the adjacent patio",patio,0
65,Tim's friend pushed him into a hamper,hamper,0
66,The luggage handler seemed to take great delight in tossing the boxes marked Ohio,Ohio,0
67,Mr. Smith enjoyed showing people his newly installed stereo,stereo,0.282515991471215
68,"Every day, rain or shine, the joggers ran up and down the hill",hill,0.412412412412412
69,Our government was secretly supplying the rebels with arms and ships,ships,0
70,George must keep his pet on a leash,leash,0.855289421157685
71,When she came back from the restroom she found him in deep conversation with a guard,guard,0
72,That ramp has been closed for construction for several days,days,0.412
73,The man who was carried into the emergency room had been stabbed in a fight,fight,0.376332622601279
74,"After dinner, they spent a long time over coffee just staring",staring,0.0290581162324649
75,Rachel loves the smell of tobacco but she can't stand all the smoke,smoke,0.881687242798354
76,"As usual, he didn't do well because he had not prepared his plan",plan,0
77,I could not remember his name,name,0.941941941941942
78,The officials tried to evacuate everyone from the area before the explosion,explosion,0.426059979317477
79,Before she arrived he opened a bottle of wine and put on some soft slippers,slippers,0
80,Sharon dried the bowls with a towel,towel,0.849484536082474
81,The little girl refused to go to sleep until he told her a story,story,1
82,Seth was uneasy because he had never liked to lie,lie,0.113659022931206
83,He bought her a pearl necklace for her birthday,birthday,0.856143856143856
84,"Tracy and her husband weren't Catholic, but she was glad when the priest warmly welcomed their three children",children,0.646454265159301
85,Kim was relieved to see that ample food had been made for the hungry,hungry,0
86,Phil put some drops in his fishtank,fishtank,0
87,He grew corn to feed his children,children,0.0290581162324649
88,They stood on the bridge tossing stale bread to the ducks,ducks,0.406815761448349
89,The young boy asked for another drink,drink,0.103529411764706
90,"Whether it is true or not, most women think that men don't know how to cook",cook,0.292494481236203
91,He looked worried because he might have broken his collection,collection,0
92,The queen waited patiently for the man to crack,crack,0
93,Larry chose not to join the army,army,0.32172131147541
94,Most shark attacks occur very close to winter,winter,0
95,You can't open the door with the wrong key,key,0.941941941941942
96,He positioned the violin under his chair,chair,0.0590590590590591
97,The two hold-up men carried guns but didn't shoot,shoot,0.699069286452947
98,Joe went to the hardware store and bought a replacement window at twice the original thickness,thickness,0
99,"As a punishment, his parents immediately took away his toys",toys,0.0618336886993603
100,They were surprised that Jack thought that it was funny,funny,0.157219251336898
101,It was time to hang the new pictures,pictures,0.235943775100402
102,At night the old woman locked the refrigerator,refrigerator,0
103,Marsha wasn't worried about dinner because she knew the guests could remain eating appetizers for at least another hour,hour,1
104,"In his day, that old guy was one of the best athletes",athletes,0.236418511066398
105,Cold damp weather makes her joints ache so she's been taking a lot of aspirin for the race,race,0.0290581162324649
106,It's hard to admit when one is scared,scared,0
107,There was a moth caught in the light,light,0.182194616977226
108,All of their friends have noted that Joe and his wife are always late,late,0.0290872617853561
109,Rushing out he forgot to take his keys,keys,0.242518059855521
110,Rafael wants to preserve the national forest by guarding every tree,tree,0.851129363449692
111,The exit was marked by a large sign,sign,0.727835051546392
112,The piano was out of place,place,0
113,They decided to buy a small place and build an addition with two more rooms,rooms,0.765765765765766
114,"He really wanted to go, but decided to stay home to wait for the timer",timer,0
115,"As a reminder of his cat's first bath, he had a scratch on his arm",arm,0.398803589232303
116,They raised pigs on their farm,farm,0.827345309381238
117,"Although she heard it ringing, Nancy was too busy cleaning the chimney to get the phone",phone,1
118,Most of the trees died after last year's drought,drought,0.364293085655315
119,She decided to start a new diet,diet,0
120,He was so busy and overwhelmed that he had forgotten to respond to the card,card,0
121,Alfonso has started biking to work instead of driving his friends,friends,0
122,Paul painted the clown's suit blue and gave him a big red nose,nose,0.912912912912913
123,Most kids think that adults are old,old,0.235943775100402
124,He wrote himself a note so that he wouldn't forget,forget,0.971
125,She wished she had brought something to eat,eat,0.362962962962963
126,All of her neighbors thought the old woman was a witch,witch,0.207035175879397
127,Richard was afraid to walk near the edge of the cliff because he was afraid he would fall,fall,0.912912912912913
128,He knew that he could call Chris even if it was the middle of the night,night,0.912912912912913
129,She took the baby out when he started to cry and had to miss the rest of the game,game,0.0882647943831494
130,Nora couldn't take the message because she didn't have a pencil or a piece of chalk,chalk,0
131,They carelessly dumped the toxic waste into the trunk,trunk,0
132,She cleaned the dirt from her shoes,shoes,0.455633100697906
133,Simon thinks it's ok to listen to loud music even if the door to his bedroom is broken,broken,0
134,The problem with Christine is that she can't take a joke,joke,0.819401444788442
135,He drove the nail into the wood,wood,0.34468085106383
136,They waited a long time to see the show,show,0.204708290685773
137,Ron bought a board for the window that was too long and then he bought one that was too ugly,ugly,0
138,Pam did not have any clothes to mend,mend,0
139,The lady felt proud to look at her meal,meal,0
140,The last thing they were expecting on their wedding day was a raging panic,panic,0
141,He mailed the letter without a hesitation,hesitation,0
142,The only food in the refrigerator was a moldy sandwich,sandwich,0.282215122470714
143,As a child he used to collect stamps,stamps,0.334710743801653
144,The squirrel stored some nuts in the basement,basement,0
145,Every winter you see the Hernandez house and its huge chimney with puffs of billowing snow,snow,0
146,The rude waiter was not given a tray,tray,0
147,When you go to bed turn off the sarcasm,sarcasm,0
148,You could tell from the way he reacted that he did not like vomit,vomit,0
149,He fell on the floor after tripping on the log,log,0.0309168443496802
150,She was glad she had brought a good book with her since there was nothing to read at the office,office,0.234090909090909
151,He tried to put the pieces of the broken plate back together with care,care,0
152,They went to see the famous clock,clock,0
153,The Italian chef was known for his fabulous pasta,pasta,0.274043433298862
154,"While the national anthem is played, everyone is expected to behave",behave,0
155,Although John felt some remorse he decided to return the money,money,0.182952182952183
156,None of his books made any fans,fans,0
157,They both have jobs but they get some extra income by raising chickens,chickens,0.142430278884462
158,It was important to be on time,time,0.819401444788442
159,The last thing he expected was to have such a blast,blast,0.134396355353075
160,"No matter how hard she tried, she could not remember the suggestions",suggestions,0
161,Don't touch the wet clothes,clothes,0
162,The construction worker had developed very powerful arms from unloading bags of cement from the truck,truck,0.879381443298969
163,It was drafty because of the cold air leaking in through the front door and all the side paneling,paneling,0
164,No one wanted to make any decisions until after the trial,trial,0.0292044310171198
165,"I couldn't go, so I sent my secretary to the lawyers to pick up the papers",papers,0.354773869346734
166,They had to shampoo the new beige rug after the accident with the wine,wine,0.312749003984064
167,In the mysterious wooden box the girl found a doll,doll,0.0299586776859504
168,The shirt was stained with sauce,sauce,0.093681917211329
169,Cindy taught her two-year old that the pictures are square and that the plates are white,white,0
170,"At first the woman refused, but eventually she changed her medication",medication,0
171,The little puppy grew up to be a huge responsibility,responsibility,0
172,He made a holster for his gun,gun,0.808580858085809
173,He quit his job and left his family so that he could sail around the world,world,0.853853853853854
174,The young couple reluctantly ordered new rackets,rackets,0
175,She left the tiny baby alone in the crib,crib,0.354062186559679
176,"Quite predictably, the first thing the doctor asked for was a cast",cast,0
177,He crept into the room without a sound,sound,0.708124373119358
178,The rules did not allow visitors to feed the animals,animals,0.702868852459016
179,The fertilizer enriched the soil,soil,0.794794794794795
180,Joan fed her baby some warm peas,peas,0
181,After two hours of hard work they decided to take a short break,break,0.771
182,They installed an extremely expensive alarm system to protect their home,home,0.383534136546185
183,She was quite surprised that Bill didn't keep his secret,secret,0
184,She helped him put the finishing touches on the painting,painting,0.334368530020704
185,I sat far off to the side of the auditorium and my line of sight was blocked by a pillar,pillar,0.187833511205977
186,His skin was red from spending the day at the beach,beach,0.824824824824825
187,The journalist reported that many collapsed during the praying,praying,0
188,He slipped and fell on the rock,rock,0.0582914572864322
189,The person who caught the thief deserves our loyalty,loyalty,0
190,It was difficult to decide which bills to pay and which to ignore,ignore,0.291208791208791
191,The cigar stank and burned a hole in the couch,couch,0.235470941883768
192,It was a dream come true because Jane had always wanted to visit Europe with her father,father,0.0290581162324649
193,One thing the old man lacked was confidence,confidence,0.0874872838250254
194,I started to put new plants in my garden but ran out of room,room,0.0290581162324649
195,The boys played marbles and the girls jumped together,together,0
196,Our guests should be arriving soon,soon,0.818556701030928
197,He was cold most of the night and finally got up to get another blanket,blanket,0.853853853853854
198,Will played his stereo much too loud,loud,0.884115884115884
199,After dinner they washed the dog,dog,0.028971028971029
200,He always seemed to be interested in looking at the tattoos,tattoos,0
201,She was docked one hour's pay for coming to work late,late,0.94020618556701
202,The wealthy couple's three little girls enjoyed playing together in the pool,pool,0.1998001998002
203,Esther didn't think the sword was that dangerous because it wasn't very sharp,sharp,0.847457627118644
204,Tricia had never seen a spider get tangled up in its own web,web,0.971
205,Everyone was honking at the old man who was driving too slowly,slowly,0.911522633744856
206,"He hated to move, but Richard wanted to live closer to his parents",parents,0.228315054835494
207,Before going out on the open seas they always checked the weather,weather,0.38391959798995
208,The university wouldn't let him register until he paid the overdue fines on the borrowed books,books,0.765765765765766
209,He was packing his books and moving to a new office,office,0.118236472945892
210,The truck that Dave drove crashed into the tree,tree,0.362579281183932
211,At the park next to the beach she saw a man with a balloon,balloon,0
212,The ship disappeared into the thick smoke,smoke,0
213,They decided to declaw the cat so he wouldn't tear up the carpeting,carpeting,0
214,"In his haste, the young man had forgotten to sign the waiver",waiver,0.147590361445783
215,"After the long day at work, he lay down on the couch",couch,0.353353353353353
216,The technician never comes to work before noon,noon,0.448883666274971
217,He was knocked off his surfboard by the first bully,bully,0
218,It is not legal for an employer to consider a person's attitude,attitude,0
219,Bill jumped in the lake and made a big commotion,commotion,0
220,Joy was too frightened to look,look,0.0290872617853561
221,The police had never seen a man so drunk,drunk,0.18276220145379
222,He liked lemon and sugar in his tea,tea,0.794794794794795
223,The papers were sorted into piles of varying sizes,sizes,0.340954274353877
224,The dispute was settled by a third party,party,0.941941941941942
225,Since the water was unsafe they decided to drink scotch,scotch,0
226,They left the dirty dishes in the sink,sink,0.912
227,Nicole could not read very well without her glasses,glasses,0.940144478844169
228,"During years of drudgery, the man had derived comfort from a single song",song,0.0321507760532151
229,There were brightly colored pictures on every wall,wall,0.878177966101695
230,Whatever he did it was unusual for him to be erratic,erratic,0
231,You could tell he had grown up in the South by his truck,truck,0
232,Father carved the turkey with a smile,smile,0
233,Cathy worked overtime to finish her work,work,0.265531062124249
234,She had to leave the movie when the baby started to cry,cry,0.970103092783505
235,His ring fell into a hole in the couch,couch,0
236,Helen reached up to dust the dresser,dresser,0
237,The children went outside to play,play,0.912912912912913
238,She bought several colorful postcards to send to her family,family,0.294294294294294
239,Sam could not believe her story was true,true,0.648946840521565
240,The cat was curled up in Jill's lap,lap,0.794794794794795
241,No one at the reunion recognized Dan because he had grown a foot,foot,0.0290581162324649
242,He had just enough time to buy a cake from the store and change his clothes before the guests phoned,phoned,0
243,In the distance they heard the sigh,sigh,0
244,He smiled nervously as he searched through his pockets for a key,key,0.0609504132231405
245,She wanted a roommate who would be quiet and clean,clean,0.38391959798995
246,"Within minutes of arriving at the office, the detective spilled his thermos full of coffee",coffee,0.912912912912913
247,The manila folder that contained her manuscript had been stolen,stolen,0.243523316062176
248,The surface of the water was nice and cold,cold,0.0608875128998968
249,Sandy always wished that she had had a dog,dog,0.243019648397104
250,The candidate had spent most of his funds on drugs,drugs,0.0290872617853561
251,He put a clean sheet on the clipboard,clipboard,0
252,The other driver was so angry he threatened him with a reprimand,reprimand,0
253,Every year he takes a vacation in Hawaii,Hawaii,0.300420168067227
254,Their picnic was ruined by the bees,bees,0.0298969072164948
255,The schools closed down because the teachers decided to go on strike,strike,0.912
256,"After realizing he forgot utensils for his salad, the doctor went back to get himself a napkin",napkin,0
257,"Mike felt sorry, but it was not his car",car,0
258,His boss refused to give him a raise,raise,0.912912912912913
259,The long test left the class unprepared,unprepared,0
260,She finished the second load of laundry and started to scream,scream,0
261,The peaches she had bought at the market were very ripe and juicy,juicy,0.324324324324324
262,He was grouchy because he was having trouble with his homework,homework,0.383149448345035
263,Steve spilled coffee all over his clean white shirt,shirt,0.88376753507014
264,The county decided to tear down the gas station by the dock,dock,0
265,"It's raining, and I forgot my coat, hat, and umbrella",umbrella,0.794
266,Keith read a story to his little girl but after only a short time she started to get sleepy,sleepy,0.353059177532598
267,The child was born with a rare gift,gift,0
268,"When the two met, one of them held out his badge",badge,0
269,Mary went into her room to look at her clothes,clothes,0.122153209109731
270,I had lost the ticket I needed to pick up my glasses,glasses,0
271,"The Vietnam vet had received the Purple Heart, and when he took off his shirt you could see all of his scars",scars,0.76440329218107
272,They had to drive for another hour before finding a place to jog,jog,0
273,He shouted at the top of his staircase,staircase,0
274,They rested under a tree in the campsite,campsite,0
275,A dog has a good sense of smell,smell,0.970970970970971
276,"The newspaper review recommended the film, and the lead actor was praised for being very good",good,0.207035175879397
277,Maria remembered to shut the front window and lock the back door,door,0.970164609053498
278,It was a very exciting story because the last thing you would expect them to do was misspeak,misspeak,0
279,There were a lot of old boxes stored in the attic,attic,0.353
280,Every morning before school his mother laid out his clothes and packed his clarinet,clarinet,0
281,Most people spend December 25th with their presents,presents,0
282,Shuffle the cards before you deal,deal,0.818556701030928
283,The county decided to tear down the gas station by the park,park,0.182194616977226
284,The long test left the class tired,tired,0.365424430641822
285,Most men cannot understand why women wear underwear,underwear,0.103365384615385
286,Cats loved to be scratched behind the ears,ears,0.853853853853854
287,She thought she had seen a ship,ship,0
288,She pulled her head out from under the faucet and reached for a towel,towel,0.730093071354705
289,The tenants decided to take their landlord to court,court,0.794794794794795
290,"In caring for hospitalized patients, a doctor often needs the help of a drug",drug,0
291,I was finally able to make an appointment for the doctor,doctor,0.3510747185261
292,He was soothed by the gentle medication,medication,0
293,When the power went out the house became cold,cold,0.0298969072164948
294,The death of his dog was a great tragedy,tragedy,0.336099585062241
295,He scraped the cold food from his plate,plate,0.768924302788845
296,The prisoners were planning their escape,escape,0.971
297,I didn't like the show so I changed the cast,cast,0
298,I added my name to the list,list,0.942057942057942
299,"While skiing, Randy broke his glasses",glasses,0
300,He decided to travel in Iran even though he knew it could be expensive,expensive,0
301,Their picnic was ruined by the rain,rain,0.606185567010309
302,Giraffes are known for their long necks and zebras for their stripes,stripes,0.971
303,The approaching storm made the air very cold,cold,0.295180722891566
304,The baby cried and upset her mother,mother,0.707414829659319
305,She couldn't find anything she wanted to do,do,0.294884653961886
306,Although Jan was usually careful she had forgotten to turn off the stove,stove,0.364293085655315
307,She wore heavy wool socks and her sturdiest boots to go walking in the snow,snow,0.294294294294294
308,I think that my stockbroker is a pill,pill,0
309,A dog has a good sense of loyalty,loyalty,0
310,"As the weather got warmer, Mark started wearing his lighter jacket instead of his heavy winter coat",coat,0.882882882882883
311,"Although this film was an exception, she generally went to see movies that were long",long,0
312,His seat was next to the fishtank,fishtank,0
313,The bad boy was sent to his room,room,0.781914893617021
314,Liz and Marie sat at the conference table and discussed the topic for the next meeting,meeting,0.383534136546185
315,Ruby's grandchildren hired a live-in nurse because they thought she was too old to live alone,alone,0.971
316,Be careful because the top of the stove is very hot,hot,0.969247083775186
317,Every morning Susan braids her little girl's hair then helps her dress for school,school,1
318,"The hinges were rusted shut, so he had to pry it open with a crowbar",crowbar,0.427145708582834
319,It didn't get completed because he could not locate the right tools,tools,0.236656596173213
320,John swept the floor with a flourish,flourish,0
321,The schools closed down because the teachers decided to go on praying,praying,0
322,They saw the lightening and heard the screams,screams,0
323,It was a very exciting story because the last thing you would expect them to do was die,die,0.176706827309237
324,The colonel wished the sergeant would treat his command not as a polite request but as a direct reprimand,reprimand,0
325,The man could not believe that they were all staring,staring,0.0305263157894737
326,I just had a new sound system installed in my office,office,0
327,The cows moved from the sun into the mud,mud,0
328,The old woman was the only one to see the hesitation,hesitation,0
329,I was impressed by how much he knew,knew,0.361814345991561
330,Ken built his new house on a quiet hill,hill,0.236180904522613
331,When she got there she found that most of the people were white,white,0.0300207039337474
332,The teacher saw that some students were cheating and wrote down their names,names,0.942057942057942
333,Peter painted the walls of the bird exhibit light blue to resemble the carpeting,carpeting,0
334,The hikers wanted to camp close to the igloo,igloo,0
335,Each night the campers built a huge fire,fire,0.794794794794795
336,The white gull dove down and caught a fish,fish,0.853853853853854
337,"When George couldn't get into his car, he got down on one knee and reached under the bumper for the spare key",key,0.794794794794795
338,The other driver was so angry he threatened him with a gun,gun,0.302966101694915
339,"On hot days, many people sun themselves on the beach",beach,0.819401444788442
340,As soon as they reached the sand he stopped to take off his shoes,shoes,0.655688622754491
341,The sewer backed up and caused a flood,flood,0.412412412412412
342,"After the hurricane, the area around the window was filled with broken toys",toys,0
343,She dropped the glass and woke up the bully,bully,0
344,Every year he takes a vacation in Ohio,Ohio,0
345,"When Drew arrived unexpectedly at the restaurant, Laurie got him a chair from the adjacent table",table,0.684630738522954
346,The luggage handler seemed to take great delight in tossing the boxes marked fragile,fragile,0.79559118236473
347,Mr. Smith enjoyed showing people his newly installed refrigerator,refrigerator,0
348,"Every day, rain or shine, the joggers ran up and down the staircase",staircase,0
349,Our government was secretly supplying the rebels with arms and money,money,0.18200620475698
350,George must keep his pet on a diet,diet,0.0289421157684631
351,When she came back from the restroom she found him in deep conversation with a friend,friend,0.156716417910448
352,That ramp has been closed for construction for several feet,feet,0
353,The man who was carried into the emergency room had been stabbed in a car,car,0.0628997867803838
354,"After dinner, they spent a long time over coffee just talking",talking,0.79559118236473
355,Rachel loves the smell of tobacco but she can't stand all the lectures,lectures,0
356,"As usual, he didn't do well because he had not prepared his speech",speech,0.3419740777667
357,I could not remember his song,song,0
358,The officials tried to evacuate everyone from the area before the race,race,0
359,I had lost the ticket I needed to pick up my clothes,clothes,0.274327122153209
360,Before she arrived he opened a bottle of wine and put on some soft music,music,0.882882882882883
361,Sharon dried the bowls with a sigh,sigh,0
362,The little girl refused to go to sleep until he told her a secret,secret,0
363,Seth was uneasy because he had never liked to phone,phone,0
364,He bought her a pearl necklace for her collection,collection,0
365,"Tracy and her husband weren't Catholic, but she was glad when the priest warmly welcomed their three suggestions",suggestions,0
366,Kim was relieved to see that ample food had been made for the party,party,0.284860557768924
367,Phil put some drops in his eyes,eyes,0.824824824824825
368,They stood on the bridge tossing stale bread to the dogs,dogs,0
369,The young boy asked for another cookie,cookie,0.311764705882353
370,"Whether it is true or not, most women think that men don't know how to care",care,0.0320088300220751
371,The queen waited patiently for the man to bow,bow,0.170318725099602
372,Larry chose not to join the party,party,0.0297131147540984
373,Most shark attacks occur very close to shore,shore,0.82565130260521
374,The two hold-up men carried guns but didn't panic,panic,0
375,Joe went to the hardware store and bought a replacement window at twice the original price,price,0.727835051546392
376,"The Vietnam vet had received the Purple Heart, and when he took off his shirt you could see all of his tattoos",tattoos,0
377,There were a lot of old boxes stored in the basement,basement,0.088
378,Most people spend December 25th with their family,family,0.941
379,He was grouchy because he was having trouble with his clarinet,clarinet,0
380,They were surprised that Jack thought that it was chalk,chalk,0
381,They rested under a tree in the shade,shade,0.455108359133127
382,At night the old woman locked the door,door,0.941941941941942
383,Marsha wasn't worried about dinner because she knew the guests could remain eating appetizers for at least another story,story,0
384,"In his day, that old guy was one of the best counselors",counselors,0
385,Cold damp weather makes her joints ache so she's been taking a lot of aspirin for the pain,pain,0.88376753507014
386,Maria remembered to shut the front window and lock the back room,room,0
387,It's hard to admit when one is wrong,wrong,0.796389167502508
388,All of their friends have noted that Joe and his wife are always together,together,0.26579739217653
389,The peaches she had bought at the market were very ripe and dirty,dirty,0
390,Rushing out he forgot to take his camera,camera,0
391,Rafael wants to preserve the national forest by guarding every campsite,campsite,0
392,The piano was out of tune,tune,0.781914893617021
393,They decided to buy a small place and build an addition with two more freezers,freezers,0
394,"He really wanted to go, but decided to stay home to wait for the mail",mail,0.169811320754717
395,"As a reminder of his cat's first bath, he had a scratch on his stomach",stomach,0
396,They raised pigs on their own,own,0.0289421157684631
397,"Although she heard it ringing, Nancy was too busy cleaning the chimney to get the timer",timer,0
398,Most of the trees died after last year's winter,winter,0.0608875128998968
399,"After realizing he forgot utensils for his salad, the doctor went back to get himself a fork",fork,1
400,She decided to start a new life,life,0.243019648397104
401,He was so busy and overwhelmed that he had forgotten to respond to the question,question,0.243271221532091
402,Alfonso has started biking to work instead of driving his car,car,0.941941941941942
403,Paul painted the clown's suit blue and gave him a big red balloon,balloon,0
404,Most kids think that adults are bitter,bitter,0
405,He wrote himself a note so that he wouldn't misspeak,misspeak,0
406,She wished she had brought something to mend,mend,0
407,All of her neighbors thought the old woman was a success,success,0
408,Richard was afraid to walk near the edge of the cliff because he was afraid he would vomit,vomit,0
409,He knew that he could call Chris even if it was the middle of the game,game,0.029029029029029
410,She took the baby out when he started to cry and had to miss the rest of the movie,movie,0.26579739217653
411,Nora couldn't take the message because she didn't have a pencil or a piece of paper,paper,1
412,They carelessly dumped the toxic waste into the ocean,ocean,0.304033092037229
413,She cleaned the dirt from her slippers,slippers,0
414,The problem with Christine is that she can't take a test,test,0.0299277605779154
415,He drove the nail into the roof,roof,0
416,They waited a long time to see the grades,grades,0
417,Ron bought a board for the window that was too long and then he bought one that was too short,short,0.882
418,Pam did not have any clothes to wear,wear,0.828171828171828
419,The lady felt proud to look at her daughter,daughter,0.335056876938987
420,The last thing they were expecting on their wedding day was a raging storm,storm,0.382765531062124
421,He mailed the letter without a stamp,stamp,0.885114885114885
422,The only food in the refrigerator was a moldy pea,pea,0
423,As a child he used to collect napkins,napkins,0
424,The squirrel stored some nuts in the tree,tree,0.853853853853854
425,Every winter you see the Hernandez house and its huge chimney with puffs of billowing smoke,smoke,1
426,The rude waiter was not given a tip,tip,0.941941941941942
427,When you go to bed turn off the lights,lights,0.969247083775186
428,He fell on the floor after tripping on the crack,crack,0.125799573560768
429,She was glad she had brought a good book with her since there was nothing to read at the place,place,0.0329545454545455
430,He tried to put the pieces of the broken plate back together with glue,glue,0.942057942057942
431,They went to see the famous actor,actor,0.125
432,The Italian chef was known for his fabulous smile,smile,0
433,None of his books made any sense,sense,0.910585817060637
434,They both have jobs but they get some extra income by raising bees,bees,0
435,It was important to be on guard,guard,0
436,The last thing he expected was to have such a commotion,commotion,0.0330296127562642
437,"No matter how hard she tried, she could not remember the name",name,0.236180904522613
438,Don't touch the wet paint,paint,0.854709418837675
439,No one wanted to make any decisions until after the game,game,0.148036253776435
440,"I couldn't go, so I sent my secretary to the lawyers to pick up the cash",cash,0
441,They had to shampoo the new beige rug after the accident with the tray,tray,0
442,In the mysterious wooden box the girl found a ring,ring,0.212809917355372
443,Mary went into her room to look at her gift,gift,0.0300207039337474
444,Cindy taught her two-year old that the pictures are square and that the plates are round,round,0.765
445,The child was born with a rare disease,disease,0.712574850299401
446,"At first the woman refused, but eventually she changed her mind",mind,0.880288957688339
447,The little puppy grew up to be a huge dog,dog,0.970103092783505
448,He made a holster for his father,father,0
449,He quit his job and left his family so that he could sail around the clock,clock,0
450,The young couple reluctantly ordered new furniture,furniture,0.356512141280353
451,She left the tiny baby alone in the basket,basket,0.0290872617853561
452,"Quite predictably, the first thing the doctor asked for was a symptom",symptom,0.149178255372946
453,He crept into the room without a plan,plan,0
454,The rules did not allow visitors to feed the children,children,0
455,The fertilizer enriched the stink,stink,0
456,Joan fed her baby some warm milk,milk,0.912
457,After two hours of hard work they decided to take a short jog,jog,0
458,She was quite surprised that Bill didn't keep his promise,promise,0.426501035196687
459,She helped him put the finishing touches on the presents,presents,0.0300207039337474
460,I sat far off to the side of the auditorium and my line of sight was blocked by a chair,chair,0
461,His skin was red from spending the day at the farm,farm,0
462,The journalist reported that many collapsed during the earthquake,earthquake,0.313099041533546
463,The person who caught the thief deserves our reward,reward,0.242768595041322
464,The cigar stank and burned a hole in the paneling,paneling,0
465,It was a dream come true because Jane had always wanted to visit Europe with her boyfriend,boyfriend,0.324649298597194
466,The boys played marbles and the girls jumped rope,rope,0.883883883883884
467,Our guests should be arriving hungry,hungry,0
468,Will played his stereo much too late,late,0
469,"When the two met, one of them held out his hand",hand,0.93923789907312
470,After dinner they washed the dishes,dishes,0.742257742257742
471,He always seemed to be interested in looking at the sky,sky,0.147590361445783
472,She was docked one hour's pay for coming to work unprepared,unprepared,0
473,Keith read a story to his little girl but after only a short time she started to get scared,scared,0.0290872617853561
474,The wealthy couple's three little girls enjoyed playing together in the snow,snow,0
475,"Mike felt sorry, but it was not his fault",fault,0.942057942057942
476,He shouted at the top of his lungs,lungs,0.970103092783505
477,Esther didn't think the sword was that dangerous because it wasn't very heavy,heavy,0
478,Tricia had never seen a spider get tangled up in its own meal,meal,0
479,"He hated to move, but Richard wanted to live closer to his friends",friends,0.028913260219342
480,Before going out on the open seas they always checked the speed,speed,0
481,The university wouldn't let him register until he paid the overdue fines on the borrowed rackets,rackets,0
482,He was packing his books and moving to a new place,place,0.147294589178357
483,The truck that Dave drove crashed into the patio,patio,0
484,"The newspaper review recommended the film, and the lead actor was praised for being very together",together,0
485,"It's raining, and I forgot my coat, hat, and keys",keys,0
486,The ship disappeared into the thick fog,fog,0.909278350515464
487,They decided to declaw the cat so he wouldn't tear up the couch,couch,0.3996003996004
488,"In his haste, the young man had forgotten to sign the clipboard",clipboard,0
489,"After the long day at work, he lay down on the floor",floor,0
490,The technician never comes to work before breakfast,breakfast,0
491,He was knocked off his surfboard by the first wave,wave,0.910216718266254
492,It is not legal for an employer to consider a person's race,race,0.364293085655315
493,Bill jumped in the lake and made a big splash,splash,0.970103092783505
494,Joy was too frightened to move,move,0.354062186559679
495,The police had never seen a man so ugly,ugly,0.0913811007268951
496,He liked lemon and sugar in his sauce,sauce,0
497,The papers were sorted into piles of varying thickness,thickness,0.0288270377733598
498,The dispute was settled by a third trial,trial,0
499,Since the water was unsafe they decided to drink soda,soda,0.354401805869075
500,They left the dirty dishes in the trunk,trunk,0
501,Nicole could not read very well without her dictionary,dictionary,0
502,There were brightly colored pictures on every card,card,0
503,Whatever he did it was unusual for him to be late,late,0.236656596173213
504,You could tell he had grown up in the South by his accent,accent,0.941941941941942
505,Every morning before school his mother laid out his clothes and packed his lunch,lunch,0.882882882882883
506,Father carved the turkey with a knife,knife,0.970970970970971
507,They had to drive for another hour before finding a place to eat,eat,0.235470941883768
508,Cathy worked overtime to finish her responsibility,responsibility,0
509,His ring fell into a hole in the sink,sink,0.425619834710744
510,The children went outside to look,look,0.029029029029029
511,Sam could not believe her story was published,published,0.0290872617853561
512,The cat was curled up in Jill's hamper,hamper,0.029029029029029
513,No one at the reunion recognized Dan because he had grown a beard,beard,0.765531062124249
514,He had just enough time to buy a cake from the store and change his clothes before the guests arrived,arrived,0.913086913086913
515,In the distance they heard the sound,sound,0.0851485148514851
516,He smiled nervously as he searched through his pockets for a quarter,quarter,0.212809917355372
517,She wanted a roommate who would be quiet and behave,behave,0
518,"Within minutes of arriving at the office, the detective spilled his thermos full of scotch",scotch,0
519,The surface of the water was nice and smooth,smooth,0.242518059855521
520,Sandy always wished that she had had a badge,badge,0
521,The candidate had spent most of his funds on campaigning,campaigning,0.354062186559679
522,She had to leave the movie when the baby started to smell,smell,0
523,"We followed the path up the hill, and there under the tree was a collar",collar,0
524,"During years of drudgery, the man had derived comfort from a single book",book,0.130820399113082
525,He slipped and fell on the floor,floor,0.176884422110553
526,You can't open the door with the wrong attitude,attitude,0
527,You could tell from the way he reacted that he did not like her,her,0.310869565217391
528,I started to put new plants in my garden but ran out of soil,soil,0.353707414829659
529,Everyone was honking at the old man who was driving too erratically,erratically,0
530,"While the national anthem is played, everyone is expected to stand",stand,0.719148936170213
531,One thing the old man lacked was sarcasm,sarcasm,0
532,"As a punishment, his parents immediately took away his car",car,0.40724946695096
533,She was glad she had accompanied her friend because she was enjoying the party except for the smoke,smoke,0
534,Josie found she could not bend the elbow of her broken doll,doll,0
535,The exit was marked by a large rock,rock,0
536,His boss refused to give him a drink,drink,0
537,It was difficult to decide which bills to pay and which to forget,forget,0.0318681318681319
538,Simon thinks it's ok to listen to loud music even if the door to his bedroom is open,open,0.824
539,He grew corn to feed his chickens,chickens,0.323647294589178
540,It was time to hang the new clothes,clothes,0.0592369477911647
541,Although John felt some remorse he decided to return the watch,watch,0.0301455301455301
542,Helen reached up to dust the shelf,shelf,0.36552440290758
543,The shirt was stained with blood,blood,0.311546840958606
544,There was a moth caught in the draft,draft,0
545,The groom took the bride's hand and placed the ring on her dresser,dresser,0
546,He put a clean sheet on the bed,bed,0.789473684210526
547,He looked worried because he might have broken his arm,arm,0.313060817547358
548,She was having a hard time because she didn't know the answer,answer,0.284860557768924
549,She bought several colorful postcards to send to her fans,fans,0
550,He positioned the violin under his chin,chin,0.765765765765766
551,He was cold most of the night and finally got up to get another log,log,0
552,The construction worker had developed very powerful arms from unloading bags of cement from the dock,dock,0
553,Tim's friend pushed him into a pool,pool,0.206206206206206
554,It was drafty because of the cold air leaking in through the front door and all the side windows,windows,0.742257742257742
555,He settled for California champagne because the imported stuff was too expensive,expensive,0.824824824824825
556,The breeze lifted the leaves,leaves,0.177062374245473
557,The jeweler was asked if he would examine the ring's huge crack,crack,0
558,She finished the second load of laundry and started to fold,fold,0.364669421487603
559,Tim threw a rock and broke the window,window,0.911911911911912
560,They installed an extremely expensive alarm system to protect their truck,truck,0
561,Steve spilled coffee all over his clean white couch,couch,0
562,At the park next to the beach she saw a man with a dog,dog,0.325628140703518
563,The manila folder that contained her manuscript had been broken,broken,0
564,He decided to travel in Iran even though he knew it could be dangerous,dangerous,0.909278350515464
565,She called her husband at his work,work,0.42814371257485
566,She found the steady drumming of rain on the roof very soothing,soothing,0.501002004008016
567,His ring fell into a dark hole in the sink,sink,0.425619834710744
568,Steve invited his girlfriend to a party,party,0.456049638055843
569,The insurance company refused to pay the claim when they found out that he'd been lying,lying,0.530591775325978
570,Betsy could never tell a lie,lie,0.676676676676677
571,The bully punched him on the playground and broke his nose,nose,0.472417251755266
572,They stood with the others and chatted while waiting for the bus,bus,0.648946840521565
573,Next year my little son will be going to school,school,0.559
574,He decided to apply for a student loan,loan,0.698347107438017
575,My sister bought tickets for the opening show,show,0.485567010309278
576,"He hated to move, but John wanted to live closer to his friends",friends,0.028913260219342
577,The papers were sorted into several piles of varying sizes,sizes,0.340954274353877
578,During the volley someone stepped on Joe's foot,foot,0.516528925619835
579,Jim was saving boxes for a friend who was moving,moving,0.648946840521565
580,He was tired and grouchy because he was having trouble with his homework,homework,0.383149448345035
581,He took the money from his leather wallet,wallet,0.618618618618619
582,Mrs. Stevens said that little Dennis was the loudest boy in the class,class,0.541916167664671
583,She cleaned the sink with a sponge,sponge,0.648296593186373
584,Since they saw that the water was unsafe they decided to drink soda,soda,0.354401805869075
585,Gary could absolutely not believe his son stole a car,car,0.455578512396694
586,"Ida wanted to sing folk songs at the picnic, so she brought her guitar",guitar,0.678034102306921
587,He finally bought some poison to kill the rats,rats,0.590180360721443
588,She was feeling quite cold so she put on her jacket,jacket,0.441
589,The final score of the game was tied,tied,0.564567769477054
590,They had been wandering in circles because nobody had a map,map,0.470941883767535
591,The man was caught selling an illegal drug,drug,0.531062124248497
592,Jenny boiled the eggs in water,water,0.586844809866393
593,The lawyer really feared that his client was guilty,guilty,0.498973305954826
594,At the park next to the beach she saw a man with a big dog,dog,0.325628140703518
595,The peaches she had bought at the market yesterday were very ripe and juicy,juicy,0.324324324324324
596,She was named after her mother,mother,0.648296593186373
597,Bob thought the best time to talk to the priest would probably be on Sunday in church,church,0.635593220338983
598,The extremely long test left the class tired,tired,0.365424430641822
599,The lady felt very proud to look at her daughter,daughter,0.335056876938987
600,He was caught stealing a car,car,0.473366834170854
601,"Upon locating the suspect, the detective left quickly and called the police",police,0.638429752066116
602,They took her car because he hated to drive in the rain,rain,0.581318681318681
603,The satellite orbited the earth,earth,0.606185567010309
604,They asked Dave to play tennis but he was too tired,tired,0.618618618618619
605,"I couldn't go myself, so I sent my secretary to the lawyers to pick up the papers",papers,0.354773869346734
606,The bridesmaid had an ugly dress,dress,0.541375872382852
607,"As reminder of his cat's first bath, he had a scratch on his arm",arm,0.398803589232303
608,Every month Rick had to clean his room,room,0.619238476953908
609,"Every single day, rain or shine, the joggers ran up and down the hill",hill,0.412412412412412
610,His hands shook because he was very nervous,nervous,0.560682046138415
611,He always hid an extra set of keys under a mat,mat,0.547052740434333
612,Her cold drink was served with a slice of lemon,lemon,0.605514316012726
613,"Upon mother's strict orders, the cat's smelly litter box was kept in the garage",garage,0.589178356713427
614,Dillinger once robbed that store,store,0.456087824351297
615,She felt dinner would definitely not be complete unless she made dessert,dessert,0.577528089887641
616,They rested for a while under a tree in the shade,shade,0.455108359133127
617,He looked very worried because he might have broken his arm,arm,0.313060817547358
618,Mary was excited to see if the new toy with the colored blocks and square buttons would make the child happy,happy,0.589178356713427
619,The car accident five years ago left an ugly scar on his face,face,0.516528925619835
620,They asked Dave to play tennis but he was too late,late,0
621,Gary could not believe his son stole a car,car,0.455578512396694
622,He always hid an extra set of keys under a bed,bed,0.0299896587383661
623,She was feeling cold so she put on her jacket,jacket,0.441
624,She called her husband at his spa,spa,0
625,Barry wisely chose to pay the bills,bills,0.426294820717131
626,Bob thought the best time to talk to the priest would probably be on Sunday in private,private,0
627,Jim was saving boxes for a friend who was recycling,recycling,0.0591775325977934
628,Randy froze when he saw a shadow at the end of the pier,pier,0.0290581162324649
629,"As reminder of his cat's first bath, he had a scratch on his stomach",stomach,0
630,"Upon locating the suspect, the detective left quickly and called the father",father,0
631,Each night he built a huge igloo,igloo,0
632,Fred put the worm on the hook,hook,0.45699481865285
633,The airline had lost her business,business,0
634,Cats love to be scratched behind the ears,ears,0.853853853853854
635,Gary could not believe his son stole a peek,peek,0
636,He took the money from his leather coat,coat,0.029029029029029
637,She was feeling cold so she put on her furnace,furnace,0
638,Smith enjoyed showing people his newly installed stereo,stereo,0.282515991471215
639,Barry wisely chose to pay the mechanic,mechanic,0
640,He decided to apply for a student position,position,0.0299586776859504
641,Steve invited his girlfriend to a church,church,0
642,Betsy could never tell a difference,difference,0
643,Fred put the worm on the leaf,leaf,0.061139896373057
644,"Ida wanted to sing folk songs at the picnic, so she brought her partner",partner,0
645,Cats love to be scratched behind the collar,collar,0
646,Smith enjoyed showing people his newly installed refrigerator,refrigerator,0
647,Every month Rick had to clean his teeth,teeth,0
648,Randy froze when he saw a shadow at the end of the hall,hall,0.501002004008016
649,Each night he built a huge fire,fire,0.794794794794795
650,The airline had lost her luggage,luggage,0.453488372093023
651,They had been wandering in circles because nobody had a light,light,0.0290581162324649
652,They stood with the others and chatted while waiting for the doctor,doctor,0
653,She cleaned the sink with a solvent,solvent,0.0290581162324649
654,They saw the lightning and heard the screams,screams,0
655,They saw the lightning and heard the thunder,thunder,0.941
656,The final score of the game was disputed,disputed,0.0309498399146211
657,It is time to hang the new pictures,pictures,0.235943775100402
658,"Every day, rain or shine, the jogger ran up and down the hill",hill,0.412412412412412
659,He returned the hole punch to the computer teacher,teacher,0.027027027
660,Rafael wants to preserve the national forest by guarding every cedar tree,tree,0.927272727
661,Jessie left without his toolbox or his packed keys,keys,0
662,The car accident five years ago left an ugly scar on his hairy face,face,0.018867925
663,We sprayed the yard to keep away the nasty bugs,bugs,0.411764706
664,Gary could not believe his son stole that fast watch,watch,0
665,"Although she heard it ringing, Nancy was too busy cleaning the chimney to get the cell phone",phone,0.976190476
666,"The hinges were rusted shut, so he had to pry it open with a sharp crowbar",crowbar,0.090909091
667,Fred put the worm on the wet grass,grass,0.166666667
668,She decided to start a new temporary business,business,0.085106383
669,He positioned the violin under his bearded chin,chin,0.954545455
670,He always seemed to be interested in looking at the blue sky,sky,0.645833333
671,She was having a hard time because she didn't know the English answer,answer,0
672,It didn't get completed because he could not locate the right diagnostic tool,tool,0.52173913
673,He always hid an extra set of keys under a Persian rug,rug,0.94
674,No one at the reunion recognized Dan because he had grown a long mustache,mustache,0
675,The fertilizer enriched the dry soil,soil,0.872727273
676,She was named after her famous mother,mother,0.176470588
677,I sat far off to the side of the auditorium and my line of sight was blocked by a tall beam,beam,0.018867925
678,He was caught stealing a borrowed car,car,0.5
679,She flipped through the stations in search of some global news,news,0.62
680,I could hear the loud telephone ringing through the concrete door,door,0
681,Paul painted the clown's suit blue and gave him a big red snotty balloon,balloon,0
682,"The Vietnam vet had received the Purple Heart, and when he took off his shirt you could see all of his bulging muscles",muscles,0.692307692
683,He was cold most of the night and finally got up to get another thick blanket,blanket,0.933333333
684,Mary went into her room to look at her illustrated painting,painting,0.020833333
685,The county decided to tear down the gas station by the elementary highway,highway,0
686,They couldn't decide on a name for their new premature dog,dog,0.023255814
687,They stood on the bridge tossing stale bread to the wild ducks,ducks,0.1875
688,In the mysterious wooden box the girl found the topographical ring,ring,0
689,"As soon as they reached the sand, he stopped to take off his striped shoes",shoes,0.173076923
690,The jeweler was asked if he would examine the ring's huge black stone,stone,0.490566038
691,She took the baby out when he started to cry and had to miss the rest of the tea party,party,0.729166667
692,I just had a new sound system installed in my living room,room,0.981132075
693,You could tell he had grown up in the South by his racist attitude,attitude,0.255813953
694,She was glad she had brought a good book with her since there was nothing to read at the post office,office,0.818181818
695,"Upon mother's strict orders, the cat's smelly litter box was kept in the outdoor shed",shed,0.326530612
696,Rushing out he forgot to take his thin jacket,jacket,0.318181818
697,They decided to declaw the cat so he wouldn't tear up the thick couch,couch,0.13559322
698,Their neighbors were surprised to find out that the Smiths had never visited that national town,town,0
699,The breeze lifted the short air,air,0
700,Barry wisely chose to pay the monthly fee,fee,0.295454545
701,The house at the end of the narrow road was built of red wood,wood,0.086956522
702,Betsy could never tell a funny joke,joke,0.673913043
703,Randy froze when he saw a shadow at the end of the narrow alley,alley,0.173913043
704,She cleaned the dirt from her blonde hair,hair,1
705,Steve invited his girlfriend to a formal party,party,0.093023256
706,"Every day, rain or shine, the joggers ran up and down the tall path",path,0
707,Every month Rick had to clean his whole car,car,0
708,Their picnic was ruined by the bad rain,rain,0.040816327
709,The applause could be heard throughout the echoey auditorium,auditorium,0.204081633
710,He drove the nail into the rotten door,door,0
711,Dillinger once robbed that federal bank,bank,0.847826087
712,She was quite surprised that Bill didn't keep his pocket watch,watch,0.557692308
713,He really wanted to go but decided to stay home to wait for the important call,call,0.534883721
714,At the park next to the beach she saw a man with a loyal dog,dog,0.810344828
715,They waited a long time to see the animated movie,movie,0.609756098
716,She left the tiny baby alone in the waiting room,room,0.944444444
717,The person who caught the thief deserves our loudest applause,applause,0.459016393
718,It was time to hang the new advent picture,picture,0.036363636
719,"As usual, he didn't do well because he had not prepared his subconscious mind",mind,0.714285714
720,The cigar stank and burned a hole in the leather shirt,shirt,0
721,She felt dinner would not be complete unless she made decadent dessert,dessert,0.6
722,They left the dirty dishes in the kitchen sink,sink,0.949152542
723,"It's raining, and I forgot my coat, hat, and waterproof umbrella",umbrella,0.1
724,Her cold drink was served with a slice of fresh lemon,lemon,0.694117647
725,The last thing they were expecting on their wedding day was a raging dark bull,bull,0
726,Although John felt some remorse he decided to return the library gift,gift,0
727,"As a punishment, his parents immediately took away his favorite toy",toy,0.523809524
728,After getting out of the shower he sat down to have instant breakfast,breakfast,0.042553191
729,The only food in the refrigerator was a moldy sub sandwich,sandwich,0.921568627
730,He was so busy and overwhelmed that he had forgotten to respond to the important email,email,0.448979592
731,They took her car because he hated to drive in the heavy city,city,0
732,The white gull dove down and caught a slimy worm,worm,0.272727273
733,Ken built his new house on a quiet wooded street,street,0.14
734,He was soothed by the gentle instrumental wind,wind,0
735,Liz and Marie sat at the conference table and discussed the topic for the next work meeting,meeting,0.367346939
736,They carelessly dumped the toxic waste into the winding ocean,ocean,0
737,He looked worried because he might have broken his right glasses,glasses,0
738,I think that my stockbroker is a habitual thief,thief,0
739,Our government was secretly supplying the rebels with arms and live ammunition,ammunition,0.862745098
740,"I don't know what his secret was, but my brother always managed to get the best academic grades",grades,0.509433962
741,"While they were eating pancakes, Albert noticed a bee swimming in the tonic water",water,0.777777778
742,"Within minutes of arriving at the office, the detective spilled his thermos full of hot soup",soup,0.022222222
743,There were a lot of old boxes stored in the unfinished basement,basement,0.489795918
744,"He hated to move, but Richard wanted to live closer to his single cousin",cousin,0
745,The officials tried to evacuate everyone from the area before the developing storm,storm,0.58490566
746,The truck that Dave drove crashed into the solid wall,wall,0.528301887
747,The man was caught selling an illegal unregistered gun,gun,0.630434783
748,He finally bought some poison to kill the diseased rats,rats,0.468085106
749,She pulled her head out from under the faucet and reached for a monkey wrench,wrench,0.833333333
750,She was glad she had accompanied her friend because she was enjoying the party except for the bland music,music,0.203389831
751,She was feeling cold so she put on her cashmere slippers,slippers,0
752,It was a dream come true because Jane had always wanted to visit Europe with her younger sister,sister,0.607142857
753,She usually let her very competent secretary handle the difficult calls,calls,0.188679245
754,His seat was next to the revolving window,window,0.02173913
755,If he strained his eyes he could see a tiny bird,bird,0.04
756,"Coming in, he took off his smelly hat",hat,0
757,Steve spilled coffee all over his clean white polo shirt,shirt,0.980769231
758,Mr. Smith enjoyed showing people his newly installed satellite dish,dish,0.824561404
759,They decided to buy a small place and build an addition with two more upper rooms,rooms,0.333333333
760,Larry chose not to join the Confederate army,army,0.744186047
761,They rested under a tree in the local park,park,0.867924528
762,The shirt was stained with frying oil,oil,0.551020408
763,The Italian chef was known for his fabulous bowtie sauce,sauce,0
764,Phil put some drops in his soft drink,drink,0.326530612
765,Every morning before school his mother laid out his clothes and packed his messenger lunch,lunch,0
766,Sam practiced every day in anticipation of the philharmonic concert,concert,0.325581395
767,The hikers wanted to camp close to the frozen river,river,0
768,"Quite predictably, the first thing the doctor asked for was the specific symptoms",symptoms,0.333333333
769,The old woman was the only one to see the eerie murder,murder,0
770,The rude waiter was not given a generous chance,chance,0
771,Tim's friend pushed him into a kiddie pool,pool,0.93877551
772,Since the water was unsafe they decided to drink orange juice,juice,0.93877551
773,Before she arrived he opened a bottle of wine and put on some soft classical music,music,0.981481481
774,There was a moth caught in the bright light,light,0.688888889
775,Peter painted the walls of the bird exhibit light blue to resemble the Pacific ocean,ocean,0.893617021
776,He bought her a pearl necklace for her eighteenth anniversary,anniversary,0.06122449
777,Most of the trees died after last year's dreadful drought,drought,0.583333333
778,He slipped and fell on the uneven ice,ice,0
779,There were brightly colored pictures on every interior wall,wall,0.931034483
780,The bad boy was sent to his intimidating father,father,0.333333333
781,He grew corn to feed his dairy cows,cows,0.803921569
782,Each night the campers built a huge bright fire,fire,0.951219512
783,The other driver was so angry he threatened him with a civil gun,gun,0
784,Sharon dried the bowls with a filthy towel,towel,0.529411765
785,"We followed the path up the hill, and there, under the tree, was a gray snake",snake,0
786,No one wanted to make any decisions until after the corporate party,party,0.020833333
787,As a child he used to collect glass stamps,stamps,0
788,The cat was crouched in the tall grass down by the lazy river,river,0.638297872
789,He fell on the floor after tripping on the oriental cord,cord,0
790,The bridesmaid had an ugly revealing face,face,0
791,"No matter how hard she tried, she could not remember the serial name",name,0
792,The wealthy couple's three little girls enjoyed playing together in the front yard,yard,0.79245283
793,His skin was red from spending the day at the neighborhood beach,beach,0.020408163
794,The journalist reported that many collapsed during the intense heat,heat,0.372093023
795,The cows moved from the sun into the wooden shade,shade,0.033898305
796,Helen reached up to dust the topmost lamp,lamp,0
797,He liked lemon and sugar in his herbal water,water,0
798,"Ida wanted to sing folk songs at the picnic, so she brought her wireless microphone",microphone,0.365384615
799,Most men cannot understand why women wear ugly shoes,shoes,0.418181818
800,After dinner they washed the family dishes,dishes,0.261904762
801,"In his day, that old guy was one of the best soccer athletes",athletes,0
802,They had been wandering in circles because nobody had a detailed map,map,0.716981132
803,I had lost the ticket I needed to pick up my rental clothes,clothes,0
804,They had to shampoo the new beige rug after the accident with the mangy wine,wine,0
805,The Democrats seemed to focus on defense while the Republicans talked about the booming budget,budget,0
806,Sandy always wished that she had had a Persian sister,sister,0
807,Mrs. Stevens said that little Dennis was the loudest boy in the fictional story,story,0.3
808,Joan fed her baby some warm breast milk,milk,1
809,She wore heavy wool socks and her sturdiest boots to go walking in the melting forest,forest,0
810,Kim was relieved to see that ample food had been made for the special occasion,occasion,0.45
811,Every spring they held the annual onion parade,parade,0
812,The squirrel stored some nuts in the dead ground,ground,0
813,The sewer backed up and caused a unpleasant flood,flood,0
814,"During years of drudgery, the man had derived comfort from a single catchy book",book,0
815,They installed an extremely expensive alarm system to protect their suburban home,home,0.813953488
816,"Although Jan was usually careful, she had forgotten to turn off the ultraviolet light",light,0.634146341
817,The university wouldn't let him register until he paid the overdue fines on the borrowed comic books,books,0.979166667
818,She helped him put the finishing touches on the haunted house,house,0.934782609
819,His ring fell into a hole in the tiled floor,floor,0.680851064
820,He put a clean sheet on the twin bed,bed,0.886363636
821,"When Drew arrived unexpectedly at the restaurant, Laurie got him a chair from the adjacent dining table",table,0.395833333
822,At night the old woman locked the frosty door,door,0.225
823,The young boy asked for another tasty treat,treat,0.422222222
824,He was grouchy because he was having trouble with his nightmarish sleep,sleep,0
825,The senator had once been a preschool teacher,teacher,0.87755102
826,He smiled nervously as he searched through his pockets for a fresh mint,mint,0.264150943
827,The house at the end of the narrow road was built of red bricks,bricks,0.869565217
828,"Within minutes of arriving at the office, the detective spilled his thermos full of hot coffee",coffee,0.955555556
829,The person who caught the thief deserves our loudest respect,respect,0
830,They rested under a tree in the dim light,light,0.644444444
831,Since the water was unsafe they decided to drink sweet tea,tea,0.807692308
832,They had to shampoo the new beige rug after the accident with the mangy dog,dog,0.706896552
833,The breeze lifted the short skirt,skirt,0.619047619
834,The bad boy was sent to his intimidating room,room,0.047619048
835,"We followed the path up the hill, and there, under the tree, was a gray cat",cat,0.272727273
836,She was glad she had accompanied her friend because she was enjoying the party except for the loud food,food,0
837,"The hinges were rusted shut, so he had to pry it open with a steel knife",knife,0
838,She took the baby out when he started to cry and had to miss the rest of the tea movie,movie,0
839,Liz and Marie sat at the conference table and discussed the topic for the next board week,week,0
840,I just had a new sound system installed in my living car,car,0
841,The squirrel stored some nuts in the dead tree,tree,1
842,There were a lot of old boxes stored in the unfinished attic,attic,0.224489796
843,Her cold drink was served with a slice of homemade pie,pie,0.760869565
844,The Democrats seemed to focus on defense while the Republicans talked about the booming economy,economy,0.972972973
845,"It's raining, and I forgot my coat, hat, and wide boots",boots,0.022222222
846,He bought her a pearl necklace for her eighteenth birthday,birthday,0.93877551
847,He was so busy and overwhelmed that he had forgotten to respond to the footer note,note,0.283018868
848,"The Vietnam vet had received the Purple Heart, and when he took off his shirt you could see all of his bulging scars",scars,0.192307692
849,She flipped through the stations in search of some global music,music,0.24
850,Every spring they held the annual onion festival,festival,0.755102041
851,The wealthy couple's three little girls enjoyed playing together in the nearby park,park,0.584158416
852,The fertilizer enriched the green grass,grass,0.653061224
853,He grew corn to feed his poor family,family,0.474747475
854,She cleaned the dirt from her blonde shoes,shoes,0
855,The last thing they were expecting on their wedding day was a raging dark storm,storm,0.770833333
856,"Quite predictably, the first thing the doctor asked for was the pregnancy test",test,0.614035088
857,His seat was next to the glass door,door,0.14893617
858,The only food in the refrigerator was a moldy aged cheese,cheese,0.693877551
859,As a child he used to collect postage marbles,marbles,0
860,Before she arrived he opened a bottle of wine and put on some soft clean clothes,clothes,0.214285714
861,Ken built his new house on a quiet residential lot,lot,0.056603774
862,Steve invited his girlfriend to a pajama dance,dance,0
863,Dillinger once robbed that antique store,store,0.695652174
864,The white gull dove down and caught a slimy fish,fish,0.636363636
865,He really wanted to go but decided to stay home to wait for the important bus,bus,0
866,"Every day, rain or shine, the joggers ran up and down the tall hill",hill,0.625
867,There were brightly colored pictures on every title page,page,0.48
868,I could hear the loud telephone ringing through the concrete wall,wall,0.924528302
869,The applause could be heard throughout the packed hall,hall,0.102040816
870,You could tell he had grown up in the South by his racist accent,accent,0.023255814
871,No one wanted to make any decisions until after the corporate meeting,meeting,0.604166667
872,"When Drew arrived unexpectedly at the restaurant, Laurie got him a chair from the adjacent dinner room",room,0.06122449
873,Jessie left without his toolbox or his office lunch,lunch,0
874,He liked lemon and sugar in his herbal tea,tea,1
875,At night the old woman locked the front window,window,0
876,Larry chose not to join the terrorist group,group,0.611111111
877,They installed an extremely expensive alarm system to protect their extended family,family,0.490196078
878,They had been wandering in circles because nobody had a magnetic compass,compass,0.888888889
879,She pulled her head out from under the faucet and reached for a monkey towel,towel,0.041666667
880,It was a dream come true because Jane had always wanted to visit Europe with her younger boyfriend,boyfriend,0
881,The truck that Dave drove crashed into the solid tree,tree,0.132075472
882,No one at the reunion recognized Dan because he had grown a long beard,beard,0.981481481
883,It was time to hang the new framed calendar,calendar,0
884,I had lost the ticket I needed to pick up my washed car,car,0.086956522
885,She was glad she had brought a good book with her since there was nothing to read at the retail store,store,0.810344828
886,The county decided to tear down the gas station by the major school,school,0
887,He was grouchy because he was having trouble with his fitful dreams,dreams,0.017241379
888,He returned the hole punch to the computer desk,desk,0.459459459
889,Joan fed her baby some warm broccoli soup,soup,0.5
890,The car accident five years ago left an ugly scar on his handsome chest,chest,0
891,She was quite surprised that Bill didn't keep his pocket promise,promise,0
892,Rafael wants to preserve the national forest by guarding every living creature,creature,0.333333333
893,We sprayed the yard to keep away the wild animals,animals,0.326530612
894,"Coming in, he took off his smelly shoes",shoes,0.510638298
895,She helped him put the finishing touches on the haunted painting,painting,0
896,Kim was relieved to see that ample food had been made for the special party,party,0.025
897,The senator had once been a municipal judge,judge,0.309090909
898,He finally bought some poison to kill the stray cat,cat,0.404761905
899,The officials tried to evacuate everyone from the area before the rapid flood,flood,0.5
900,Every morning before school his mother laid out his clothes and packed his delicious bag,bag,0
901,They stood on the bridge tossing stale bread to the yellow geese,geese,0
902,He was caught stealing a mountain bike,bike,0.5625
903,The shirt was stained with frying blood,blood,0
904,Their picnic was ruined by the intermittent weather,weather,0.086956522
905,"No matter how hard she tried, she could not remember the maiden number",number,0
906,"While they were eating pancakes, Albert noticed a bee swimming in the tonic syrup",syrup,0
907,Peter painted the walls of the bird exhibit light blue to resemble the Pacific sky,sky,0.085106383
908,Randy froze when he saw a shadow at the end of the narrow hallway,hallway,0.608695652
909,The university wouldn't let him register until he paid the overdue fines on the borrowed student loan,loan,0.357142857
910,She was named after her surrogate aunt,aunt,0.02173913
911,The Italian chef was known for his fabulous bowtie pasta,pasta,0.804878049
912,The other driver was so angry he threatened him with a loaded lawsuit,lawsuit,0
913,Sharon dried the bowls with a paper rag,rag,0
914,Barry wisely chose to pay the monthly bill,bill,0.363636364
915,He put a clean sheet on the picnic table,table,0.921568627
916,The hikers wanted to camp close to the frozen lake,lake,0.754716981
917,She left the tiny baby alone in the waiting crib,crib,0.027777778
918,After dinner they washed the dirty car,car,0
919,They couldn't decide on a name for their new premature baby,baby,0.88372093
920,Steve spilled coffee all over his clean white cargo pants,pants,0.64
921,"During years of drudgery, the man had derived comfort from a single holy tune",tune,0
922,He smiled nervously as he searched through his pockets for a fresh dollar,dollar,0.018867925
923,"As a punishment, his parents immediately took away his favorite phone",phone,0
924,There was a moth caught in the bright web,web,0.022222222
925,The old woman was the only one to see the eerie ghost,ghost,0.347826087
926,I sat far off to the side of the auditorium and my line of sight was blocked by a tall man,man,0.547169811
927,"Although Jan was usually careful, she had forgotten to turn off the ultraviolet stove",stove,0
928,Sandy always wished that she had had a twin cat,cat,0
929,Our government was secretly supplying the rebels with arms and live money,money,0
930,The bridesmaid had an ugly revealing dress,dress,0.666666667
931,Most of the trees died after last year's blazing fire,fire,0.738095238
932,Phil put some drops in his soft eyes,eyes,0.12244898
933,Rushing out he forgot to take his thin keys,keys,0.022727273
934,He slipped and fell on the thin pavement,pavement,0
935,He always hid an extra set of keys under a Persian mat,mat,0
936,They waited a long time to see the live show,show,0.404761905
937,The jeweler was asked if he would examine the ring's huge black diamond,diamond,0.113207547
938,Although John felt some remorse he decided to return the library book,book,0.886363636
939,I think that my stockbroker is a petty liar,liar,0.023255814
940,If he strained his eyes he could see a flying speck,speck,0
941,The cows moved from the sun into the partial barn,barn,0
942,They decided to buy a small place and build an addition with two more furnished floors,floors,0
943,The rude waiter was not given a generous tip,tip,1
944,At the park next to the beach she saw a man with a funny hat,hat,0.696428571
945,The sewer backed up and caused a massive smell,smell,0
946,The young boy asked for another tasty cookie,cookie,0.133333333
947,Mrs. Stevens said that little Dennis was the loudest boy in the fictional class,class,0.14
948,"Ida wanted to sing folk songs at the picnic, so she brought her wireless guitar",guitar,0.115384615
949,He always seemed to be interested in looking at the gorgeous women,women,0.404761905
950,"In his day, that old guy was one of the best soccer players",players,0.854166667
951,Every month Rick had to clean his speedy house,house,0
952,She decided to start a new temporary job,job,0.617021277
953,His skin was red from spending the day at the sandy pool,pool,0
954,He positioned the violin under his outstretched arm,arm,0.48
955,"He hated to move, but Richard wanted to live closer to his single mother",mother,0.537037037
956,Tim's friend pushed him into a brick wall,wall,0.913043478
957,His ring fell into a hole in the tiled sink,sink,0.042553191
958,The man was caught selling an illegal unregistered drug,drug,0
959,He was soothed by the gentle instrumental music,music,0.7
960,He was cold most of the night and finally got up to get another knitted sweater,sweater,0.18
961,"As usual, he didn't do well because he had not prepared his subconscious speech",speech,0
962,She usually let her very competent secretary handle the phone tasks,tasks,0
963,The journalist reported that many collapsed during the tropical storm,storm,0.763636364
964,"I don't know what his secret was, but my brother always managed to get the best looking girls",girls,0.440677966
965,She was having a hard time because she didn't know the correct language,language,0
966,Mary went into her room to look at her impressionist books,books,0
967,Most men cannot understand why women wear ugly heels,heels,0
968,She wore heavy wool socks and her sturdiest boots to go walking in the melting snow,snow,0.897959184
969,Each night the campers built a huge improvised tent,tent,0.408163265
970,In the mysterious wooden box the girl found the brass map,map,0
971,"Upon mother's strict orders, the cat's smelly litter box was kept in the outdoor basement",basement,0
972,Fred put the worm on the wet hook,hook,0.092592593
973,The cat was crouched in the tall grass down by the shady tree,tree,0.647058824
974,They decided to declaw the cat so he wouldn't tear up the comfortable carpet,carpet,0
975,He fell on the floor after tripping on the oriental rug,rug,0.923076923
976,Betsy could never tell a funny lie,lie,0
977,After getting out of the shower he sat down to have continental coffee,coffee,0
978,It didn't get completed because he could not locate the right ink pen,pen,0.321428571
979,Paul painted the clown's suit blue and gave him a big red snotty nose,nose,0.981481481
980,Their neighbors were surprised to find out that the Smiths had never visited that national park,park,0.531914894
981,They carelessly dumped the toxic waste into the winding river,river,0.578947368
982,"As soon as they reached the sand, he stopped to take off his clean shirt",shirt,0.046511628
983,The cigar stank and burned a hole in the leather couch,couch,0.42
984,Sam practiced every day in anticipation of the homecoming dance,dance,0.527272727
985,"Although she heard it ringing, Nancy was too busy cleaning the chimney to get the locked door",door,0.725490196
986,Gary could not believe his son stole that fast car,car,0.652173913
987,They took her car because he hated to drive in the heavy rain,rain,0.561403509
988,They left the dirty dishes in the compact dishwasher,dishwasher,0.416666667
989,She felt dinner would not be complete unless she made blueberry pie,pie,0.678571429
990,He drove the nail into the rotten wood,wood,0.677966102
991,She was feeling cold so she put on her cashmere sweater,sweater,0.964912281
992,He looked worried because he might have broken his right arm,arm,0.425531915
993,Mr. Smith enjoyed showing people his newly installed satellite television,television,0.105263158
994,Helen reached up to dust the topmost shelf,shelf,0.897435897
995,She wore heavy wool socks and her sturdiest boots to go walking in the pine forest,forest,0.679245283
996,She decided to start a new entrepreneurial business,business,0.352941176
997,They couldn't decide on a name for their new trained dog,dog,0.538461538
998,"The Vietnam vet had received the Purple Heart, and when he took off his shirt you could see all of his gruesome muscles",muscles,0
999,Barry wisely chose to pay the electric fee,fee,0
1000,Fred put the worm on the dangling grass,grass,0
1001,Gary could not believe his son stole that expensive watch,watch,0.568181818
1002,We sprayed the yard to keep away the wild bugs,bugs,0.102040816
1003,I could hear the loud telephone ringing through the sliding door,door,0.958333333
1004,Mary went into her room to look at her impressionist painting,painting,0.770491803
1005,Rafael wants to preserve the national forest by guarding every living tree,tree,0.333333333
1006,It didn't get completed because he could not locate the right ink tool,tool,0
1007,Rushing out he forgot to take his spare jacket,jacket,0
1008,They stood on the bridge tossing stale bread to the yellow ducks,ducks,0.62962963
1009,Joan fed her baby some warm broccoli milk,milk,0
1010,"The hinges were rusted shut, so he had to pry it open with a steel crowbar",crowbar,0.807017544
1011,He was caught stealing a mountain car,car,0
1012,The jeweler was asked if he would examine the ring's huge artificial stone,stone,0.276595745
1013,He always seemed to be interested in looking at the gorgeous sky,sky,0
1014,I just had a new sound system installed in my compact room,room,0
1015,He returned the hole punch to the substitute teacher,teacher,0.98
1016,He positioned the violin under his outstretched chin,chin,0.3
1017,The car accident five years ago left an ugly scar on his handsome face,face,0.872340426
1018,He was cold most of the night and finally got up to get another knitted blanket,blanket,0.64
1019,The fertilizer enriched the green soil,soil,0
1020,I sat far off to the side of the auditorium and my line of sight was blocked by a supporting beam,beam,0.390243902
1021,In the mysterious wooden box the girl found the brass ring,ring,0.472727273
1022,"As soon as they reached the sand, he stopped to take off his clean shoes",shoes,0.744186047
1023,No one at the reunion recognized Dan because he had grown a twisted mustache,mustache,0.354166667
1024,She flipped through the stations in search of some loud news,news,0
1025,She was having a hard time because she didn't know the correct answer,answer,0.553571429
1026,Jessie left without his toolbox or his office keys,keys,0.558139535
1027,Their neighbors were surprised to find out that the Smiths had never visited that sleepy town,town,0.634920635
1028,Mrs. Stevens said that little Dennis was the loudest boy in the entire story,story,0
1029,She was named after her surrogate mother,mother,0.891304348
1030,Paul painted the clown's suit blue and gave him a big red inflated balloon,balloon,0.340909091
1031,The house at the end of the narrow road was built of sunburned wood,wood,0.441860465
1032,The county decided to tear down the gas station by the major highway,highway,0.66
1033,"Upon mother's strict orders, the cat's smelly litter box was kept in the damp shed",shed,0
1034,She was glad she had brought a good book with her since there was nothing to read at the retail office,office,0
1035,"Although she heard it ringing, Nancy was too busy cleaning the chimney to get the locked phone",phone,0.176470588
1036,You could tell he had grown up in the South by his strong attitude,attitude,0
1037,She took the baby out when he started to cry and had to miss the rest of the scary party,party,0
1038,The breeze lifted the dry air,air,0.351351351
1039,The applause could be heard throughout the packed auditorium,auditorium,0.326530612
1040,He was grouchy because he was having trouble with his fitful sleep,sleep,0.24137931
1041,"As a punishment, his parents immediately took away his smart toy",toy,0
1042,Kim was relieved to see that ample food had been made for the bachelorette occasion,occasion,0
1043,The senator had once been a municipal teacher,teacher,0
1044,Every spring they held the annual military parade,parade,0.589285714
1045,The white gull dove down and caught a floppy worm,worm,0.037037037
1046,Betsy could never tell a deliberate joke,joke,0.039215686
1047,"During years of drudgery, the man had derived comfort from a single holy book",book,0.1875
1048,They left the dirty dishes in the compact sink,sink,0.3125
1049,The squirrel stored some nuts in the cold ground,ground,0.452830189
1050,Although John felt some remorse he decided to return the generous gift,gift,0.43902439
1051,The last thing they were expecting on their wedding day was a raging Spanish bull,bull,0.361702128
1052,They waited a long time to see the live movie,movie,0
1053,At the park next to the beach she saw a man with a funny dog,dog,0
1054,Every month Rick had to clean his speedy car,car,0.541666667
1055,Randy froze when he saw a shadow at the end of the dark alley,alley,0.428571429
1056,He drove the nail into the garage door,door,0.62962963
1057,She felt dinner would not be complete unless she made blueberry dessert,dessert,0
1058,The only food in the refrigerator was a moldy aged sandwich,sandwich,0.040816327
1059,Steve invited his girlfriend to a pajama party,party,1
1060,"It's raining, and I forgot my coat, hat, and wide umbrella",umbrella,0.911111111
1061,Her cold drink was served with a slice of homemade lemon,lemon,0.02173913
1062,She cleaned the dirt from her muddy hair,hair,0
1063,He really wanted to go but decided to stay home to wait for the school call,call,0
1064,Dillinger once robbed that antique bank,bank,0.02173913
1065,It was time to hang the new framed picture,picture,0.622222222
1066,Their picnic was ruined by the intermittent rain,rain,0.695652174
1067,He was so busy and overwhelmed that he had forgotten to respond to the footer email,email,0.150943396
1068,The cigar stank and burned a hole in the Hawaiian shirt,shirt,0.759259259
1069,She was quite surprised that Bill didn't keep his solemn watch,watch,0
1070,"As usual, he didn't do well because he had not prepared his impassioned mind",mind,0
1071,After getting out of the shower he sat down to have continental breakfast,breakfast,0.981132075
1072,"Every day, rain or shine, the joggers ran up and down the narrow path",path,0.5
1073,"Although Jan was usually careful, she had forgotten to turn off the cooking light",light,0.016949153
1074,The Italian chef was known for his fabulous pesto sauce,sauce,0.390243902
1075,Sam practiced every day in anticipation of the homecoming concert,concert,0
1076,The university wouldn't let him register until he paid the overdue fines on the borrowed student books,books,0.464285714
1077,His ring fell into a hole in the porcelain floor,floor,0.019607843
1078,The man was caught selling an illegal psychiatric gun,gun,0.027027027
1079,He put a clean sheet on the picnic bed,bed,0
1080,He finally bought some poison to kill the stray rats,rats,0.19047619
1081,She pulled her head out from under the faucet and reached for a dry wrench,wrench,0
1082,He looked worried because he might have broken his stylish glasses,glasses,0.265306122
1083,They decided to buy a small place and build an addition with two more furnished rooms,rooms,0.785714286
1084,Phil put some drops in his red drink,drink,0.045454545
1085,If he strained his eyes he could see a flying bird,bird,0.244897959
1086,"Within minutes of arriving at the office, the detective spilled his thermos full of hearty soup",soup,0.745454545
1087,There were a lot of old boxes stored in the dusty basement,basement,0.038461538
1088,Every morning before school his mother laid out his clothes and packed his delicious lunch,lunch,0.981481481
1089,"I don't know what his secret was, but my brother always managed to get the best looking grades",grades,0
1090,Steve spilled coffee all over his clean white cargo shirt,shirt,0.02
1091,"While they were eating pancakes, Albert noticed a bee swimming in the sticky water",water,0
1092,The truck that Dave drove crashed into the hickory wall,wall,0
1093,Liz and Marie sat at the conference table and discussed the topic for the next board meeting,meeting,0.979591837
1094,They installed an extremely expensive alarm system to protect their extended home,home,0.117647059
1095,Larry chose not to join the terrorist army,army,0
1096,It was a dream come true because Jane had always wanted to visit Europe with her new sister,sister,0
1097,She was feeling cold so she put on her fuzzy slippers,slippers,0.260869565
1098,They rested under a tree in the dim park,park,0.022222222
1099,They carelessly dumped the toxic waste into the deep ocean,ocean,0.41025641
1100,Mr. Smith enjoyed showing people his newly installed large dish,dish,0
1101,"He hated to move, but Richard wanted to live closer to his distant cousin",cousin,0.384615385
1102,She helped him put the finishing touches on the abstract house,house,0
1103,Our government was secretly supplying the rebels with arms and counterfeit ammunition,ammunition,0
1104,She was glad she had accompanied her friend because she was enjoying the party except for the loud music,music,0.814814815
1105,She usually let her very competent secretary handle the phone calls,calls,0.893617021
1106,"Coming in, he took off his hard hat",hat,0.781818182
1107,"Quite predictably, the first thing the doctor asked for was the pregnancy symptoms",symptoms,0
1108,I think that my stockbroker is a petty thief,thief,0.488372093
1109,He grew corn to feed his poor cows,cows,0.02020202
1110,Sharon dried the bowls with a paper towel,towel,0.95
1111,The old woman was the only one to see the gruesome murder,murder,0.386363636
1112,Since the water was unsafe they decided to drink sweet juice,juice,0.057692308
1113,The rude waiter was not given a second chance,chance,0.816326531
1114,They had to shampoo the new beige rug after the accident with the expensive wine,wine,0.733333333
1115,"No matter how hard she tried, she could not remember the maiden name",name,0.813953488
1116,"We followed the path up the hill, and there, under the tree, was a poisonous snake",snake,0.823529412
1117,"When Drew arrived unexpectedly at the restaurant, Laurie got him a chair from the adjacent dinner table",table,0.87755102
1118,The Democrats seemed to focus on defense while the Republicans talked about the balanced budget,budget,0.696428571
1119,Peter painted the walls of the bird exhibit light blue to resemble the cloudless ocean,ocean,0
1120,I had lost the ticket I needed to pick up my washed clothes,clothes,0.543478261
1121,The cat was crouched in the tall grass down by the shady river,river,0.039215686
1122,His skin was red from spending the day at the sandy beach,beach,0.980392157
1123,No one wanted to make any decisions until after the birthday party,party,0.904761905
1124,Helen reached up to dust the halogen lamp,lamp,0.442622951
1125,He bought her a pearl necklace for her first anniversary,anniversary,0.5
1126,Tim's friend pushed him into a brick pool,pool,0
1127,He fell on the floor after tripping on the power cord,cord,0.8
1128,The bridesmaid had an ugly pale face,face,0.203703704
1129,The wealthy couple's three little girls enjoyed playing together in the nearby yard,yard,0.01980198
1130,At night the old woman locked the front door,door,0.944444444
1131,There was a moth caught in the spider light,light,0
1132,The other driver was so angry he threatened him with a loaded gun,gun,0.923076923
1133,The cows moved from the sun into the partial shade,shade,0.875
1134,Most of the trees died after last year's blazing drought,drought,0.023809524
1135,Sandy always wished that she had had a twin sister,sister,0.962962963
1136,The young boy asked for another homemade treat,treat,0
1137,Most men cannot understand why women wear high shoes,shoes,0.020408163
1138,Before she arrived he opened a bottle of wine and put on some soft clean music,music,0.214285714
1139,"Ida wanted to sing folk songs at the picnic, so she brought her acoustic microphone",microphone,0
1140,"In his day, that old guy was one of the best collegiate athletes",athletes,0.533333333
1141,There were brightly colored pictures on every title wall,wall,0.06
1142,They had been wandering in circles because nobody had a magnetic map,map,0
1143,As a child he used to collect postage stamps,stamps,0.975609756
1144,He slipped and fell on the thin ice,ice,0.978723404
1145,He always hid an extra set of keys under a rubber rug,rug,0
1146,They decided to declaw the cat so he wouldn't tear up the comfortable couch,couch,0.448979592
1147,The sewer backed up and caused a massive flood,flood,0.456521739
1148,They took her car because he hated to drive in the big city,city,0.618181818
1149,Ken built his new house on a quiet residential street,street,0.58490566
1150,She left the tiny baby alone in the little room,room,0.016129032
1151,The officials tried to evacuate everyone from the area before the rapid storm,storm,0.24
1152,His seat was next to the glass window,window,0.617021277
1153,He smiled nervously as he searched through his pockets for a single mint,mint,0
1154,The shirt was stained with dried oil,oil,0
1155,He liked lemon and sugar in his sparkling water,water,0.765957447
1156,The journalist reported that many collapsed during the tropical heat,heat,0.2
1157,The bad boy was sent to his own father,father,0
1158,Each night the campers built a huge improvised fire,fire,0.387755102
1159,After dinner they washed the dirty dishes,dishes,0.931818182
1160,He was soothed by the gentle southerly wind,wind,0.216666667
1161,The person who caught the thief deserves our utmost applause,applause,0
1162,The hikers wanted to camp close to the mighty river,river,0.4
1163,"Quite predictably, the first thing the doctor asked for was the specific test",test,0
1164,Since the water was unsafe they decided to drink orange tea,tea,0
1165,Her cold drink was served with a slice of fresh pie,pie,0.082352941
1166,The squirrel stored some nuts in the cold tree,tree,0.075471698
1167,No one wanted to make any decisions until after the birthday meeting,meeting,0
1168,"Every day, rain or shine, the joggers ran up and down the narrow hill",hill,0.02173913
1169,He bought her a pearl necklace for her first birthday,birthday,0.1875
1170,"Within minutes of arriving at the office, the detective spilled his thermos full of hearty coffee",coffee,0.218181818
1171,She was feeling cold so she put on her fuzzy sweater,sweater,0.304347826
1172,Steve invited his girlfriend to a formal dance,dance,0.511627907
1173,The wealthy couple's three little girls enjoyed playing together in the front park,park,0
1174,They had to shampoo the new beige rug after the accident with the expensive dog,dog,0.044444444
1175,The last thing they were expecting on their wedding day was a raging Spanish storm,storm,0.063829787
1176,The person who caught the thief deserves our utmost respect,respect,0.58
1177,His seat was next to the revolving door,door,0.934782609
1178,The fertilizer enriched the dry grass,grass,0.036363636
1179,He really wanted to go but decided to stay home to wait for the school bus,bus,0.894736842
1180,Ken built his new house on a quiet wooded lot,lot,0.34
1181,Every spring they held the annual military festival,festival,0
1182,The house at the end of the narrow road was built of sunburned bricks,bricks,0.255813953
1183,He was so busy and overwhelmed that he had forgotten to respond to the important note,note,0.020408163
1184,She cleaned the dirt from her muddy shoes,shoes,0.452380952
1185,She flipped through the stations in search of some loud music,music,0.854545455
1186,The breeze lifted the dry skirt,skirt,0
1187,You could tell he had grown up in the South by his strong accent,accent,0.897959184
1188,As a child he used to collect glass marbles,marbles,0.278688525
1189,They rested under a tree in the local light,light,0
1190,Dillinger once robbed that federal store,store,0
1191,"It's raining, and I forgot my coat, hat, and waterproof boots",boots,0.575
1192,"The Vietnam vet had received the Purple Heart, and when he took off his shirt you could see all of his gruesome scars",scars,0.931818182
1193,There were brightly colored pictures on every interior page,page,0
1194,"The hinges were rusted shut, so he had to pry it open with a sharp knife",knife,0.431818182
1195,She took the baby out when he started to cry and had to miss the rest of the scary movie,movie,0.815789474
1196,The bad boy was sent to his own room,room,0.862745098
1197,She was glad she had accompanied her friend because she was enjoying the party except for the bland food,food,0.559322034
1198,Liz and Marie sat at the conference table and discussed the topic for the next work week,week,0.387755102
1199,There were a lot of old boxes stored in the dusty attic,attic,0.788461538
1200,Before she arrived he opened a bottle of wine and put on some soft classical clothes,clothes,0
1201,The white gull dove down and caught a floppy fish,fish,0.87037037
1202,"We followed the path up the hill, and there, under the tree, was a poisonous cat",cat,0
1203,The applause could be heard throughout the echoey hall,hall,0.244897959
1204,The only food in the refrigerator was a moldy sub cheese,cheese,0
1205,He grew corn to feed his dairy family,family,0
1206,She helped him put the finishing touches on the abstract painting,painting,0.775510204
1207,Kim was relieved to see that ample food had been made for the bachelorette party,party,1
1208,At night the old woman locked the frosty window,window,0.325
1209,It was a dream come true because Jane had always wanted to visit Europe with her new boyfriend,boyfriend,0.468085106
1210,Larry chose not to join the Confederate group,group,0
1211,"Coming in, he took off his hard shoes",shoes,0.054545455
1212,She was named after her famous aunt,aunt,0.333333333
1213,"While they were eating pancakes, Albert noticed a bee swimming in the sticky syrup",syrup,0.836734694
1214,They stood on the bridge tossing stale bread to the wild geese,geese,0.4375
1215,She pulled her head out from under the faucet and reached for a dry towel,towel,0.895833333
1216,Joan fed her baby some warm breast soup,soup,0
1217,He finally bought some poison to kill the diseased cat,cat,0.021276596
1218,She was quite surprised that Bill didn't keep his solemn promise,promise,0.531914894
1219,He was caught stealing a borrowed bike,bike,0.037037037
1220,Jessie left without his toolbox or his packed lunch,lunch,0.6875
1221,They had been wandering in circles because nobody had a detailed compass,compass,0
1222,We sprayed the yard to keep away the nasty animals,animals,0
1223,The car accident five years ago left an ugly scar on his hairy chest,chest,0.433962264
1224,He was grouchy because he was having trouble with his nightmarish dreams,dreams,0.285714286
1225,He returned the hole punch to the substitute desk,desk,0.02
1226,The shirt was stained with dried blood,blood,0.511111111
1227,It was time to hang the new advent calendar,calendar,0.8
1228,I had lost the ticket I needed to pick up my rental car,car,0.87755102
1229,The senator had once been a preschool judge,judge,0
1230,The county decided to tear down the gas station by the elementary school,school,1
1231,Their picnic was ruined by the bad weather,weather,0.795918367
1232,The other driver was so angry he threatened him with a civil lawsuit,lawsuit,0.9375
1233,"When Drew arrived unexpectedly at the restaurant, Laurie got him a chair from the adjacent dining room",room,0.5
1234,The university wouldn't let him register until he paid the overdue fines on the borrowed comic loan,loan,0
1235,No one at the reunion recognized Dan because he had grown a twisted beard,beard,0.458333333
1236,The truck that Dave drove crashed into the hickory tree,tree,0.807692308
1237,The officials tried to evacuate everyone from the area before the developing flood,flood,0.018867925
1238,Every morning before school his mother laid out his clothes and packed his messenger bag,bag,0.829268293
1239,"As a punishment, his parents immediately took away his smart phone",phone,0.982758621
1240,Mrs. Stevens said that little Dennis was the loudest boy in the entire class,class,0.8125
1241,The hikers wanted to camp close to the mighty lake,lake,0.018181818
1242,Most of the trees died after last year's dreadful fire,fire,0.104166667
1243,Phil put some drops in his red eyes,eyes,0.75
1244,Helen reached up to dust the halogen shelf,shelf,0
1245,He always hid an extra set of keys under a rubber mat,mat,0.682926829
1246,They waited a long time to see the animated show,show,0
1247,There was a moth caught in the spider web,web,1
1248,I sat far off to the side of the auditorium and my line of sight was blocked by a supporting man,man,0
1249,After dinner they washed the family car,car,0.30952381
1250,Sharon dried the bowls with a filthy rag,rag,0.37254902
1251,They decided to buy a small place and build an addition with two more upper floors,floors,0.274509804
1252,The rude waiter was not given a second tip,tip,0.040816327
1253,He slipped and fell on the uneven pavement,pavement,0.261904762
1254,She left the tiny baby alone in the little crib,crib,0.661290323
1255,Although John felt some remorse he decided to return the generous book,book,0
1256,"In his day, that old guy was one of the best collegiate players",players,0.155555556
1257,Sandy always wished that she had had a Persian cat,cat,0.566037736
1258,They couldn't decide on a name for their new trained baby,baby,0
1259,He looked worried because he might have broken his stylish arm,arm,0
1260,"Ida wanted to sing folk songs at the picnic, so she brought her acoustic guitar",guitar,1
1261,If he strained his eyes he could see a tiny speck,speck,0.1
1262,Rushing out he forgot to take his spare keys,keys,0.785714286
1263,The sewer backed up and caused a unpleasant smell,smell,0.48
1264,"Although Jan was usually careful, she had forgotten to turn off the cooking stove",stove,0.576271186
1265,The bridesmaid had an ugly pale dress,dress,0.444444444
1266,The old woman was the only one to see the gruesome ghost,ghost,0.022727273
1267,I think that my stockbroker is a habitual liar,liar,0.70212766
1268,He always seemed to be interested in looking at the blue women,women,0
1269,The cows moved from the sun into the wooden barn,barn,0.711864407
1270,"During years of drudgery, the man had derived comfort from a single catchy tune",tune,0.512820513
1271,He put a clean sheet on the twin table,table,0
1272,The young boy asked for another homemade cookie,cookie,0.542372881
1273,He smiled nervously as he searched through his pockets for a single dollar,dollar,0.473684211
1274,Every month Rick had to clean his whole house,house,0.606557377
1275,Our government was secretly supplying the rebels with arms and counterfeit money,money,0.93877551
1276,Barry wisely chose to pay the electric bill,bill,0.925925926
1277,"Although she heard it ringing, Nancy was too busy cleaning the chimney to get the cell door",door,0
1278,The cat was crouched in the tall grass down by the lazy tree,tree,0.021276596
1279,They left the dirty dishes in the kitchen dishwasher,dishwasher,0
1280,After getting out of the shower he sat down to have instant coffee,coffee,0.553191489
1281,The man was caught selling an illegal psychiatric drug,drug,0.783783784
1282,Most men cannot understand why women wear high heels,heels,0.979591837
1283,Fred put the worm on the dangling hook,hook,0.913043478
1284,The cigar stank and burned a hole in the Hawaiian couch,couch,0.037037037
1285,His ring fell into a hole in the porcelain sink,sink,0.588235294
1286,"As soon as they reached the sand, he stopped to take off his striped shirt",shirt,0.403846154
1287,In the mysterious wooden box the girl found the topographical map,map,0.897959184
1288,Gary could not believe his son stole that expensive car,car,0.113636364
1289,She felt dinner would not be complete unless she made decadent pie,pie,0.022222222
1290,Tim's friend pushed him into a kiddie wall,wall,0
1291,Each night the campers built a huge bright tent,tent,0.024390244
1292,Mary went into her room to look at her illustrated books,books,0.541666667
1293,They took her car because he hated to drive in the big rain,rain,0
1294,"He hated to move, but Richard wanted to live closer to his distant mother",mother,0.019230769
1295,Paul painted the clown's suit blue and gave him a big red inflated nose,nose,0.636363636
1296,She wore heavy wool socks and her sturdiest boots to go walking in the pine snow,snow,0
1297,They carelessly dumped the toxic waste into the deep river,river,0.128205128
1298,His skin was red from spending the day at the neighborhood pool,pool,0.591836735
1299,He fell on the floor after tripping on the power rug,rug,0
1300,She decided to start a new entrepreneurial job,job,0
1301,Their neighbors were surprised to find out that the Smiths had never visited that sleepy park,park,0
1302,He was cold most of the night and finally got up to get another thick sweater,sweater,0
1303,It didn't get completed because he could not locate the right diagnostic pen,pen,0
1304,He positioned the violin under his bearded arm,arm,0
1305,Sam practiced every day in anticipation of the philharmonic dance,dance,0.023255814
1306,She was having a hard time because she didn't know the English language,language,0.571428571
1307,She usually let her very competent secretary handle the difficult tasks,tasks,0.264150943
1308,"Upon mother's strict orders, the cat's smelly litter box was kept in the damp basement",basement,0.638297872
1309,I just had a new sound system installed in my compact car,car,0.888888889
1310,The Democrats seemed to focus on defense while the Republicans talked about the balanced economy,economy,0.071428571
1311,I could hear the loud telephone ringing through the sliding wall,wall,0
1312,"No matter how hard she tried, she could not remember the serial number",number,0.947368421
1313,She was glad she had brought a good book with her since there was nothing to read at the post store,store,0
1314,Randy froze when he saw a shadow at the end of the dark hallway,hallway,0.285714286
1315,Peter painted the walls of the bird exhibit light blue to resemble the cloudless sky,sky,1
1316,He liked lemon and sugar in his sparkling tea,tea,0.063829787
1317,Rafael wants to preserve the national forest by guarding every cedar creature,creature,0
1318,The Italian chef was known for his fabulous pesto pasta,pasta,0.317073171
1319,They installed an extremely expensive alarm system to protect their suburban family,family,0
1320,The jeweler was asked if he would examine the ring's huge artificial diamond,diamond,0.638297872
1321,At the park next to the beach she saw a man with a loyal hat,hat,0
1322,Mr. Smith enjoyed showing people his newly installed large television,television,0.476190476
1323,Steve spilled coffee all over his clean white polo pants,pants,0
1324,They decided to declaw the cat so he wouldn't tear up the thick carpet,carpet,0.508474576
1325,He drove the nail into the garage wood,wood,0
1326,"As usual, he didn't do well because he had not prepared his impassioned speech",speech,0.763636364
1327,The journalist reported that many collapsed during the intense storm,storm,0.11627907
1328,He was soothed by the gentle southerly music,music,0.05
1329,Betsy could never tell a deliberate lie,lie,0.921568627
1330,"I don't know what his secret was, but my brother always managed to get the best academic girls",girls,0
