Item,ctx_n_words,exp_ver,adj_cond,noun_cond,adj,noun,lemma_adj,lemma_noun,constr_preadj,constr_postadj,gpt_logp_adj,freq_adj,pld20_adj,concr_adj,freq_noun,pld20_noun,concr_noun,p_preadj,p_postadj,DKL
1,14,1,top,top,important,email,important,email,0.313725490196078,0.448979591836735,-8.33079,10587,2.7,2.14,106,1.9,4.69,0.313725490196078,0.448979591836735,0.149756734617932
1,14,2,low,low,footer,note,footer,note,0.313725490196078,0.283018867924528,-15.42045,5,1.6,3.68,2731,1.15,4.61,0,0.283018867924528,0.591458669861063
1,14,3,low,top,footer,email,footer,email,0.313725490196078,0.283018867924528,-15.42045,5,1.6,3.68,106,1.9,4.69,0.313725490196078,0.150943396226415,0.591458669861063
1,14,4,top,low,important,note,important,note,0.313725490196078,0.448979591836735,-8.33079,10587,2.7,2.14,2731,1.15,4.61,0,0.0204081632653061,0.149756734617932
2,10,1,low,top,neighborhood,beach,neighborhood,beach,0.758620689655172,0.591836734693878,-10.03669,1871,4.65,4.75,2888,1.35,4.79,0.758620689655172,0.0204081632653061,1.59391245267566
2,10,2,top,low,sandy,pool,sandy,pool,0.758620689655172,0.980392156862745,-9.45194,1186,1.5,4.07,2396,1.1,4.77,0.0172413793103448,0,0.122354054010838
2,10,3,top,top,sandy,beach,sandy,beach,0.758620689655172,0.980392156862745,-9.45194,1186,1.5,4.07,2888,1.35,4.79,0.758620689655172,0.980392156862745,0.122354054010838
2,10,4,low,low,neighborhood,pool,neighborhood,pool,0.758620689655172,0.591836734693878,-10.03669,1871,4.65,4.75,2396,1.1,4.77,0.0172413793103448,0.591836734693878,1.59391245267566
4,7,1,low,top,frosty,door,frosty,door,0.96078431372549,0.325,-13.69147,121,1.9,3.9,14895,1.35,4.81,0.96078431372549,0.225,0.98581493496332
4,7,2,top,low,front,window,front,window,0.96078431372549,0.944444444444444,-4.240284,9259,1.8,3.77,4386,1.95,4.86,0.0196078431372549,0,0.0537584534331258
4,7,3,top,top,front,door,front,door,0.96078431372549,0.944444444444444,-4.240284,9259,1.8,3.77,14895,1.35,4.81,0.96078431372549,0.944444444444444,0.0537584534331258
4,7,4,low,low,frosty,window,frosty,window,0.96078431372549,0.325,-13.69147,121,1.9,3.9,4386,1.95,4.86,0.0196078431372549,0.325,0.98581493496332
5,9,1,low,top,tiny,bird,tiny,bird,0.1,0.1,-4.44833,1643,1.45,3.11,2318,1.6,5,0.1,0.04,0.352738247821666
5,9,2,top,low,flying,speck,fly,speck,0.1,0.244897959183673,-8.21412,2579,1.7,4.64,95,1.65,4.46,0,0,0.50634432868145
5,9,3,top,top,flying,bird,fly,bird,0.1,0.244897959183673,-8.21412,2579,1.7,4.64,2318,1.6,5,0.1,0.244897959183673,0.50634432868145
5,9,4,low,low,tiny,speck,tiny,speck,0.1,0.1,-4.44833,1643,1.45,3.11,95,1.65,4.46,0,0.1,0.352738247821666
7,16,1,low,low,younger,sister,younger,sister,0.254901960784314,0.607142857142857,-5.90222,1257,1.9,2.79,9207,1.7,4,0.0392156862745098,0.607142857142857,1.53712311514639
7,16,2,low,top,younger,boyfriend,younger,boyfriend,0.254901960784314,0.607142857142857,-5.90222,1257,1.9,2.79,3684,3.65,4.59,0.176470588235294,0,1.53712311514639
7,16,3,top,low,new,sister,new,sister,0.254901960784314,0.468085106382979,-5.23441,36913,1,2.81,9207,1.7,4,0.0392156862745098,0,0.2785787257411
7,16,4,top,top,new,boyfriend,new,boyfriend,0.254901960784314,0.468085106382979,-5.23441,36913,1,2.81,3684,3.65,4.59,0.176470588235294,0.468085106382979,0.2785787257411
8,6,1,low,low,tasty,treat,tasty,treat,0.274509803921569,0.422222222222222,-10.37601,322,1.6,2.86,2646,1.65,3.79,0,0.422222222222222,0.822544691041713
8,6,2,low,top,tasty,cookie,tasty,cookie,0.274509803921569,0.422222222222222,-10.37601,322,1.6,2.86,852,1.55,5,0.274509803921569,0.133333333333333,0.822544691041713
8,6,3,top,low,homemade,treat,homemade,treat,0.274509803921569,0.542372881355932,-10.41014,146,2.9,2.9,2646,1.65,3.79,0,0,0.473431057925935
8,6,4,top,top,homemade,cookie,homemade,cookie,0.274509803921569,0.542372881355932,-10.41014,146,2.9,2.9,852,1.55,5,0.274509803921569,0.542372881355932,0.473431057925935
9,8,1,top,low,fast,watch,fast,watch,0.1875,0.652173913043478,-8.230285,7010,1,3.32,16831,1.55,4.61,0.0208333333333333,0,0.594502008663445
9,8,2,top,top,fast,car,fast,car,0.1875,0.652173913043478,-8.230285,7010,1,3.32,24636,1,4.89,0.1875,0.652173913043478,0.594502008663445
9,8,3,low,low,expensive,watch,expensive,watch,0.1875,0.568181818181818,-6.21115,1425,2.45,3.13,16831,1.55,4.61,0.0208333333333333,0.568181818181818,0.956155570607239
9,8,4,low,top,expensive,car,expensive,car,0.1875,0.568181818181818,-6.21115,1425,2.45,3.13,24636,1,4.89,0.1875,0.113636363636364,0.956155570607239
12,15,1,top,top,comic,books,comic,book,0.76,0.979166666666667,-10.66942,552,1.8,4,3456,1.3,4.9,0.76,0.979166666666667,0.133946189641849
12,15,2,low,low,student,loan,student,loan,0.76,0.464285714285714,-4.29716,2195,2.7,4.92,1013,1.15,3.72,0.12,0.357142857142857,0.290311413205959
12,15,3,low,top,student,books,student,book,0.76,0.464285714285714,-4.29716,2195,2.7,4.92,3456,1.3,4.9,0.76,0.464285714285714,0.290311413205959
12,15,4,top,low,comic,loan,comic,loan,0.76,0.979166666666667,-10.66942,552,1.8,4,1013,1.15,3.72,0.12,0,0.133946189641849
13,8,1,top,top,polo,shirt,polo,shirt,0.901960784313725,0.980769230769231,-5.59005,178,1.35,4.43,2365,1.55,4.94,0.901960784313725,0.980769230769231,0.050207505640797
13,8,2,low,low,cargo,pants,cargo,pants,0.901960784313725,0.64,-9.29435,459,1.75,4.62,2996,1.1,4.86,0.0588235294117647,0.64,1.93091364948544
13,8,3,low,top,cargo,shirt,cargo,shirt,0.901960784313725,0.64,-9.29435,459,1.75,4.62,2365,1.55,4.94,0.901960784313725,0.02,1.93091364948544
13,8,4,top,low,polo,pants,polo,pants,0.901960784313725,0.980769230769231,-5.59005,178,1.35,4.43,2996,1.1,4.86,0.0588235294117647,0,0.050207505640797
14,4,1,top,top,dry,soil,dry,soil,0.75,0.872727272727273,-8.675162,2184,1.3,3.77,397,1.4,4.87,0.75,0.872727272727273,0.125723246111953
14,4,2,low,low,green,grass,green,grass,0.75,0.653061224489796,-8.19806,3696,1.55,4.07,856,1.35,4.93,0.0833333333333333,0.653061224489796,1.16786000172072
14,4,3,low,top,green,soil,green,soil,0.75,0.653061224489796,-8.19806,3696,1.55,4.07,397,1.4,4.87,0.75,0,1.16786000172072
14,4,4,top,low,dry,grass,dry,grass,0.75,0.872727272727273,-8.675162,2184,1.3,3.77,856,1.35,4.93,0.0833333333333333,0.0363636363636364,0.125723246111953
16,10,1,low,low,Persian,rug,Persian,rug,0.46,0.94,-12.15394,109,2.3,,531,1,4.79,0.12,0.94,1.38907084240912
16,10,2,low,top,Persian,mat,Persian,mat,0.46,0.94,-12.15394,109,2.3,,178,1,4.83,0.46,0,1.38907084240912
16,10,3,top,low,rubber,rug,rubber,rug,0.46,0.682926829268293,-7.0994,714,1.65,4.86,531,1,4.79,0.12,0,0.21975414062178
16,10,4,top,top,rubber,mat,rubber,mat,0.46,0.682926829268293,-7.0994,714,1.65,4.86,178,1,4.83,0.46,0.682926829268293,0.21975414062178
17,7,1,top,low,computer,teacher,computer,teacher,0.291666666666667,0.45945945945946,-8.068683,3011,1.85,4.93,2842,1.75,4.52,0.208333333333333,0.027027027027027,0.707974246254596
17,7,2,top,top,computer,desk,computer,desk,0.291666666666667,0.45945945945946,-8.068683,3011,1.85,4.93,2239,1.65,4.87,0.291666666666667,0.45945945945946,0.707974246254596
17,7,3,low,low,substitute,teacher,substitute,teacher,0.291666666666667,0.98,-10.36497,238,3.3,2.82,2842,1.75,4.52,0.208333333333333,0.98,0.985391761689136
17,7,4,low,top,substitute,desk,substitute,desk,0.291666666666667,0.98,-10.36497,238,3.3,2.82,2239,1.65,4.87,0.291666666666667,0.02,0.985391761689136
20,7,1,low,top,glass,stamps,glass,stamp,0.254901960784314,0.278688524590164,-5.75905,3096,1.75,4.82,267,1.75,4.7,0.254901960784314,0,1.11592484202567
20,7,2,top,low,postage,marbles,postage,marble,0.254901960784314,0.975609756097561,-7.97845,48,1.85,4.37,155,1.9,4.85,0.0392156862745098,0,0.69225686878022
20,7,3,top,top,postage,stamps,postage,stamp,0.254901960784314,0.975609756097561,-7.97845,48,1.85,4.37,267,1.75,4.7,0.254901960784314,0.975609756097561,0.69225686878022
20,7,4,low,low,glass,marbles,glass,marble,0.254901960784314,0.278688524590164,-5.75905,3096,1.75,4.82,155,1.9,4.85,0.0392156862745098,0.278688524590164,1.11592484202567
21,11,1,low,top,rental,clothes,rental,clothes,0.229166666666667,0.877551020408163,-6.80169,246,1.75,2.65,5158,1.85,4.76,0.125,0,1.24558384122317
21,11,2,top,low,washed,car,wash,car,0.229166666666667,0.543478260869565,-12.92253,718,1.45,4.35,24636,1,4.89,0.0625,0.0869565217391304,0.458915632336949
21,11,3,top,top,washed,clothes,wash,clothes,0.229166666666667,0.543478260869565,-12.92253,718,1.45,4.35,5158,1.85,4.76,0.125,0.543478260869565,0.458915632336949
21,11,4,low,low,rental,car,rental,car,0.229166666666667,0.877551020408163,-6.80169,246,1.75,2.65,24636,1,4.89,0.0625,0.877551020408163,1.24558384122317
24,6,1,low,low,soft,drink,soft,drink,0.758620689655172,0.326530612244898,-9.060329,1633,1.6,3.88,12617,1.65,4.76,0.0172413793103448,0.326530612244898,0.856556689823786
24,6,2,low,top,soft,eyes,soft,eye,0.758620689655172,0.326530612244898,-9.060329,1633,1.6,3.88,11299,1.55,4.9,0.758620689655172,0.122448979591837,0.856556689823786
24,6,3,top,low,red,drink,red,drink,0.758620689655172,0.75,-7.17945,7551,1,4.24,12617,1.65,4.76,0.0172413793103448,0.0454545454545455,0.125857967500209
24,6,4,top,top,red,eyes,red,eye,0.758620689655172,0.75,-7.17945,7551,1,4.24,11299,1.55,4.9,0.758620689655172,0.75,0.125857967500209
26,5,1,top,top,borrowed,car,borrow,car,0.196078431372549,0.5,-9.53545,519,2.45,3.1,24636,1,4.89,0.196078431372549,0.5,0.343228808148023
26,5,2,low,low,mountain,bike,mountain,bike,0.196078431372549,0.5625,-8.13666,1805,2.55,4.96,1320,1.1,5,0.0588235294117647,0.5625,0.851370204965592
26,5,3,low,top,mountain,car,mountain,car,0.196078431372549,0.5625,-8.13666,1805,2.55,4.96,24636,1,4.89,0.196078431372549,0,0.851370204965592
26,5,4,top,low,borrowed,bike,borrow,bike,0.196078431372549,0.5,-9.53545,519,2.45,3.1,1320,1.1,5,0.0588235294117647,0.037037037037037,0.343228808148023
28,7,1,top,top,bright,fire,bright,fire,0.948275862068965,0.951219512195122,-10.198493,2265,1.65,3.92,10990,1,4.68,0.948275862068965,0.951219512195122,0.0208003787812201
28,7,2,low,low,improvised,tent,improvise,tent,0.948275862068965,0.408163265306122,-9.75586,29,3.1,2.07,892,1,4.96,0.0517241379310345,0.408163265306122,0.671755763912493
28,7,3,low,top,improvised,fire,improvise,fire,0.948275862068965,0.408163265306122,-9.75586,29,3.1,2.07,10990,1,4.68,0.948275862068965,0.387755102040816,0.671755763912493
28,7,4,top,low,bright,tent,bright,tent,0.948275862068965,0.951219512195122,-10.198493,2265,1.65,3.92,892,1,4.96,0.0517241379310345,0.024390243902439,0.0208003787812201
30,8,1,low,top,Persian,sister,Persian,sister,0.22,0.566037735849057,-11.34125,109,2.3,,9207,1.7,4,0.22,0,1.3844058667593
30,8,2,top,low,twin,cat,twin,cat,0.22,0.962962962962963,-5.53423,532,1.4,4.17,3383,1,4.86,0.06,0,0.75657474549566
30,8,3,top,top,twin,sister,twin,sister,0.22,0.962962962962963,-5.53423,532,1.4,4.17,9207,1.7,4,0.22,0.962962962962963,0.75657474549566
30,8,4,low,low,Persian,cat,Persian,cat,0.22,0.566037735849057,-11.34125,109,2.3,,3383,1,4.86,0.06,0.566037735849057,1.3844058667593
31,12,1,top,low,long,mustache,long,mustache,0.896551724137931,0.981481481481481,-2.742354,34433,1,3.18,252,2.75,4.9,0.0862068965517242,0,0.065152803705364
31,12,2,top,top,long,beard,long,beard,0.896551724137931,0.981481481481481,-2.742354,34433,1,3.18,643,1.65,4.96,0.896551724137931,0.981481481481481,0.065152803705364
31,12,3,low,low,twisted,mustache,twist,mustache,0.896551724137931,0.458333333333333,-11.6617,540,1.95,3.9,252,2.75,4.9,0.0862068965517242,0.354166666666667,0.411952206382751
31,12,4,low,top,twisted,beard,twist,beard,0.896551724137931,0.458333333333333,-11.6617,540,1.95,3.9,643,1.65,4.96,0.896551724137931,0.458333333333333,0.411952206382751
33,13,1,top,low,dark,bull,dark,bull,0.509803921568627,0.770833333333333,-10.381504,4519,1,4.29,1403,1.05,4.85,0.137254901960784,0,0.372300715680673
33,13,2,top,top,dark,storm,dark,storm,0.509803921568627,0.770833333333333,-10.381504,4519,1,4.29,1574,1.75,4.7,0.509803921568627,0.770833333333333,0.372300715680673
33,13,3,low,low,Spanish,bull,spanish,bull,0.509803921568627,0.361702127659575,-10.46307,1130,2.35,,1403,1.05,4.85,0.137254901960784,0.361702127659575,0.438774325996755
33,13,4,low,top,Spanish,storm,spanish,storm,0.509803921568627,0.361702127659575,-10.46307,1130,2.35,,1574,1.75,4.7,0.509803921568627,0.0638297872340426,0.438774325996755
35,7,1,top,low,generous,chance,generous,chance,0.979166666666667,1,-6.56098,852,2.75,2.25,12303,1.8,1.64,0.0208333333333333,0,0.00605684648976547
35,7,2,top,top,generous,tip,generous,tip,0.979166666666667,1,-6.56098,852,2.75,2.25,1409,1,4.5,0.979166666666667,1,0.00605684648976547
35,7,3,low,low,second,chance,second,chance,0.979166666666667,0.816326530612245,-3.343545,14513,2.05,3.3,12303,1.8,1.64,0.0208333333333333,0.816326530612245,2.30393680334507
35,7,4,low,top,second,tip,second,tip,0.979166666666667,0.816326530612245,-3.343545,14513,2.05,3.3,1409,1,4.5,0.979166666666667,0.0408163265306122,2.30393680334507
39,7,1,top,top,kitchen,sink,kitchen,sink,1,0.949152542372881,-2.26302,2974,2.05,4.97,863,1,4.74,1,0.949152542372881,0.0109510296124869
39,7,2,low,low,compact,dishwasher,compact,dishwasher,1,0.416666666666667,-12.3726,86,2.3,3.04,103,3.65,4.86,0,0.416666666666667,1.09364728506851
39,7,3,low,top,compact,sink,compact,sink,1,0.416666666666667,-12.3726,86,2.3,3.04,863,1,4.74,1,0.3125,1.09364728506851
39,7,4,top,low,kitchen,dishwasher,kitchen,dishwasher,1,0.949152542372881,-2.26302,2974,2.05,4.97,103,3.65,4.86,0,0,0.0109510296124869
42,10,1,low,low,live,ammunition,live,ammunition,0.145833333333333,0.862745098039216,-9.033932,17574,1,3.57,300,3.5,4.88,0.125,0.862745098039216,0.980950671969413
42,10,2,low,top,live,money,live,money,0.145833333333333,0.862745098039216,-9.033932,17574,1,3.57,32679,1.6,4.54,0.145833333333333,0,0.980950671969413
42,10,3,top,low,counterfeit,ammunition,counterfeit,ammunition,0.145833333333333,0.938775510204082,-12.62021,157,3.2,3.64,300,3.5,4.88,0.125,0,0.943625290465001
42,10,4,top,top,counterfeit,money,counterfeit,money,0.145833333333333,0.938775510204082,-12.62021,157,3.2,3.64,32679,1.6,4.54,0.145833333333333,0.938775510204082,0.943625290465001
44,11,1,low,low,black,stone,black,stone,0.66,0.490566037735849,-5.728364,8565,1.45,3.76,2072,1.25,4.72,0.1,0.490566037735849,0.61312395593943
44,11,2,low,top,black,diamond,black,diamond,0.66,0.490566037735849,-5.728364,8565,1.45,3.76,1053,2.85,4.89,0.66,0.113207547169811,0.61312395593943
44,11,3,top,low,artificial,stone,artificial,stone,0.66,0.638297872340426,-10.04112,246,3.9,2.93,2072,1.25,4.72,0.1,0.276595744680851,0.114860289364309
44,11,4,top,top,artificial,diamond,artificial,diamond,0.66,0.638297872340426,-10.04112,246,3.9,2.93,1053,2.85,4.89,0.66,0.638297872340426,0.114860289364309
45,15,1,low,top,work,meeting,work,meeting,0.745098039215686,0.387755102040816,-10.864106,40699,1.35,3.48,6752,1.85,3.31,0.745098039215686,0.36734693877551,0.652860194717211
45,15,2,top,low,board,week,board,week,0.745098039215686,0.979591836734694,-11.595016,3272,1.6,4.57,12164,1.05,3.48,0.0196078431372549,0,0.129103508002097
45,15,3,top,top,board,meeting,board,meeting,0.745098039215686,0.979591836734694,-11.595016,3272,1.6,4.57,6752,1.85,3.31,0.745098039215686,0.979591836734694,0.129103508002097
45,15,4,low,low,work,week,work,week,0.745098039215686,0.387755102040816,-10.864106,40699,1.35,3.48,12164,1.05,3.48,0.0196078431372549,0.387755102040816,0.652860194717211
46,12,1,low,top,catchy,book,catchy,book,0.18,0.512820512820513,-12.65932,109,1.8,1.79,9026,1,4.9,0.18,0,1.02933829419878
46,12,2,top,low,holy,tune,holy,tune,0.18,0.1875,-9.12636,3475,1.25,1.67,796,1.2,3.5,0,0,0.451619793433838
46,12,3,top,top,holy,book,holy,book,0.18,0.1875,-9.12636,3475,1.25,1.67,9026,1,4.9,0.18,0.1875,0.451619793433838
46,12,4,low,low,catchy,tune,catchy,tune,0.18,0.512820512820513,-12.65932,109,1.8,1.79,796,1.2,3.5,0,0.512820512820513,1.02933829419878
48,12,1,low,low,racist,attitude,racist,attitude,0.92,0.255813953488372,-10.21949,246,1.85,2.81,1330,2.55,1.97,0,0.255813953488372,1.1564222843118
48,12,2,low,top,racist,accent,racist,accent,0.92,0.255813953488372,-10.21949,246,1.85,2.81,621,1.85,3.26,0.92,0.0232558139534884,1.1564222843118
48,12,3,top,low,strong,attitude,strong,attitude,0.92,0.897959183673469,-4.7656,4430,1.85,3.14,1330,2.55,1.97,0,0,0.0541300513006425
48,12,4,top,top,strong,accent,strong,accent,0.92,0.897959183673469,-4.7656,4430,1.85,3.14,621,1.85,3.26,0.92,0.897959183673469,0.0541300513006425
49,5,1,low,top,famous,mother,famous,mother,0.450980392156863,0.352941176470588,-5.47573,2296,2.35,2.07,24476,1.65,4.6,0.450980392156863,0.176470588235294,0.451789973044666
49,5,2,top,low,surrogate,aunt,surrogate,aunt,0.450980392156863,0.891304347826087,-9.04163,95,3.6,2.83,2815,1.15,4.17,0.0588235294117647,0.0217391304347826,0.438144398864344
49,5,3,top,top,surrogate,mother,surrogate,mother,0.450980392156863,0.891304347826087,-9.04163,95,3.6,2.83,24476,1.65,4.6,0.450980392156863,0.891304347826087,0.438144398864344
49,5,4,low,low,famous,aunt,famous,aunt,0.450980392156863,0.352941176470588,-5.47573,2296,2.35,2.07,2815,1.15,4.17,0.0588235294117647,0.333333333333333,0.451789973044666
50,10,1,top,top,suburban,home,suburban,home,0.48936170212766,0.813953488372093,-8.90464,117,3,3.27,39491,1,4.11,0.48936170212766,0.813953488372093,0.318197552591421
50,10,2,low,low,extended,family,extend,family,0.48936170212766,0.490196078431373,-10.56295,213,2.4,2.93,18067,2,4.23,0.0212765957446809,0.490196078431373,1.19328936549695
50,10,3,low,top,extended,home,extend,home,0.48936170212766,0.490196078431373,-10.56295,213,2.4,2.93,39491,1,4.11,0.48936170212766,0.117647058823529,1.19328936549695
50,10,4,top,low,suburban,family,suburban,family,0.48936170212766,0.813953488372093,-8.90464,117,3,3.27,18067,2,4.23,0.0212765957446809,0,0.318197552591421
51,15,1,top,top,cell,phone,cell,phone,0.823529411764706,0.976190476190476,-7.804861,2772,1,4.44,13756,1.55,4.86,0.823529411764706,0.976190476190476,0.0659622266464456
51,15,2,low,low,locked,door,lock,door,0.823529411764706,0.725490196078431,-11.36872,2670,1.25,4.65,14895,1.35,4.81,0.0784313725490196,0.725490196078431,1.06833711524779
51,15,3,low,top,locked,phone,lock,phone,0.823529411764706,0.725490196078431,-11.36872,2670,1.25,4.65,13756,1.55,4.86,0.823529411764706,0.176470588235294,1.06833711524779
51,15,4,top,low,cell,door,cell,door,0.823529411764706,0.976190476190476,-7.804861,2772,1,4.44,14895,1.35,4.81,0.0784313725490196,0,0.0659622266464456
52,12,1,top,low,red,wood,red,wood,0.450980392156863,0.869565217391304,-3.021054,7551,1,4.24,1377,1.2,4.85,0.274509803921569,0.0869565217391304,0.302896267418081
52,12,2,top,top,red,bricks,red,brick,0.450980392156863,0.869565217391304,-3.021054,7551,1,4.24,200,1.7,4.83,0.450980392156863,0.869565217391304,0.302896267418081
52,12,3,low,low,sunburned,wood,sunburned,wood,0.450980392156863,0.441860465116279,-15.96008,20,2.75,4.17,1377,1.2,4.85,0.274509803921569,0.441860465116279,0.315743955256272
52,12,4,low,top,sunburned,bricks,sunburned,brick,0.450980392156863,0.441860465116279,-15.96008,20,2.75,4.17,200,1.7,4.83,0.450980392156863,0.255813953488372,0.315743955256272
55,10,1,low,low,living,room,living,room,0.672413793103448,0.981132075471698,-3.97654,7983,1.65,3.04,22415,1.1,4.79,0.0862068965517242,0.981132075471698,1.72686271040661
55,10,2,low,top,living,car,living,car,0.672413793103448,0.981132075471698,-3.97654,7983,1.65,3.04,24636,1,4.89,0.672413793103448,0,1.72686271040661
55,10,3,top,low,compact,room,compact,room,0.672413793103448,0.888888888888889,-10.77971,86,2.3,3.04,22415,1.1,4.79,0.0862068965517242,0,0.146681726533803
55,10,4,top,top,compact,car,compact,car,0.672413793103448,0.888888888888889,-10.77971,86,2.3,3.04,24636,1,4.89,0.672413793103448,0.888888888888889,0.146681726533803
58,13,1,low,low,outdoor,shed,outdoor,shed,0.32,0.326530612244898,-7.90316,93,2.7,3.93,560,1,4.55,0,0.326530612244898,1.25965351043308
58,13,2,low,top,outdoor,basement,outdoor,basement,0.32,0.326530612244898,-7.90316,93,2.7,3.93,1074,2.45,4.89,0.32,0,1.25965351043308
58,13,3,top,low,damp,shed,damp,shed,0.32,0.638297872340426,-9.56146,149,1.3,3.81,560,1,4.55,0,0,0.457479200468103
58,13,4,top,top,damp,basement,damp,basement,0.32,0.638297872340426,-9.56146,149,1.3,3.81,1074,2.45,4.89,0.32,0.638297872340426,0.457479200468103
59,7,1,top,low,dead,ground,dead,ground,0.62,1,-7.244309,22898,1.25,4.07,3696,1.8,4.77,0.16,0,0.254229647086069
59,7,2,top,top,dead,tree,dead,tree,0.62,1,-7.244309,22898,1.25,4.07,3315,1.2,5,0.62,1,0.254229647086069
59,7,3,low,low,cold,ground,cold,ground,0.62,0.452830188679245,-8.539758,6638,1,3.85,3696,1.8,4.77,0.16,0.452830188679245,0.70214403166716
59,7,4,low,top,cold,tree,cold,tree,0.62,0.452830188679245,-8.539758,6638,1,3.85,3315,1.2,5,0.62,0.0754716981132076,0.70214403166716
61,6,1,top,low,topmost,lamp,topmost,lamp,0.411764705882353,0.897435897435897,-8.95616,3,2.95,2.92,657,1.15,4.97,0.0392156862745098,0,0.30535186924905
61,6,2,top,top,topmost,shelf,topmost,shelf,0.411764705882353,0.897435897435897,-8.95616,3,2.95,2.92,355,1.85,4.96,0.411764705882353,0.897435897435897,0.30535186924905
61,6,3,low,low,halogen,lamp,halogen,lamp,0.411764705882353,0.442622950819672,-10.92476,2,3,4.07,657,1.15,4.97,0.0392156862745098,0.442622950819672,1.4715266054683
61,6,4,low,top,halogen,shelf,halogen,shelf,0.411764705882353,0.442622950819672,-10.92476,2,3,4.07,355,1.85,4.96,0.411764705882353,0,1.4715266054683
62,8,1,top,top,intense,heat,intense,heat,0.196078431372549,0.372093023255814,-6.67884,520,2.25,2.41,2044,1,3.79,0.196078431372549,0.372093023255814,0.259527332532761
62,8,2,low,low,tropical,storm,tropical,storm,0.196078431372549,0.763636363636364,-10.98752,163,2.65,3.25,1574,1.75,4.7,0.0980392156862745,0.763636363636364,0.913048581572893
62,8,3,low,top,tropical,heat,tropical,heat,0.196078431372549,0.763636363636364,-10.98752,163,2.65,3.25,2044,1,3.79,0.196078431372549,0.2,0.913048581572893
62,8,4,top,low,intense,storm,intense,storm,0.196078431372549,0.372093023255814,-6.67884,520,2.25,2.41,1574,1.75,4.7,0.0980392156862745,0.116279069767442,0.259527332532761
65,9,1,low,low,pocket,watch,pocket,watch,0.48,0.557692307692308,-9.15861,1821,1.65,4.68,16831,1.55,4.61,0,0.557692307692308,1.80273276873487
65,9,2,low,top,pocket,promise,pocket,promise,0.48,0.557692307692308,-9.15861,1821,1.65,4.68,7809,1.8,2.09,0.48,0,1.80273276873487
65,9,3,top,low,solemn,watch,solemn,watch,0.48,0.531914893617021,-8.690662,112,2.35,1.52,16831,1.55,4.61,0,0,0.434657663803998
65,9,4,top,top,solemn,promise,solemn,promise,0.48,0.531914893617021,-8.690662,112,2.35,1.52,7809,1.8,2.09,0.48,0.531914893617021,0.434657663803998
69,8,1,top,low,winding,ocean,wind,ocean,0.58,0.578947368421053,-11.8466,100,1.55,3.93,1545,1.95,4.86,0.16,0,0.43562629982342
69,8,2,top,top,winding,river,wind,river,0.58,0.578947368421053,-11.8466,100,1.55,3.93,2829,1.3,4.89,0.58,0.578947368421053,0.43562629982342
69,8,3,low,low,deep,ocean,deep,ocean,0.58,0.41025641025641,-6.35841,3896,1.35,3.38,1545,1.95,4.86,0.16,0.41025641025641,0.365018136271377
69,8,4,low,top,deep,river,deep,river,0.58,0.41025641025641,-6.35841,3896,1.35,3.38,2829,1.3,4.89,0.58,0.128205128205128,0.365018136271377
70,13,1,low,low,monkey,wrench,monkey,wrench,0.64,0.833333333333333,-12.51332,1709,1.85,4.9,202,1.75,4.93,0.16,0.833333333333333,0.92411206215164
70,13,2,low,top,monkey,towel,monkey,towel,0.64,0.833333333333333,-12.51332,1709,1.85,4.9,722,1.6,4.86,0.64,0.0416666666666667,0.92411206215164
70,13,3,top,low,dry,wrench,dry,wrench,0.64,0.895833333333333,-5.729803,2184,1.3,3.77,202,1.75,4.93,0.16,0,0.202370789382298
70,13,4,top,top,dry,towel,dry,towel,0.64,0.895833333333333,-5.729803,2184,1.3,3.77,722,1.6,4.86,0.64,0.895833333333333,0.202370789382298
71,7,1,low,low,thin,jacket,thin,jacket,0.274509803921569,0.318181818181818,-10.66046,1029,1.25,3.83,1704,1.75,4.86,0.0392156862745098,0.318181818181818,0.559016182396988
71,7,2,low,top,thin,keys,thin,key,0.274509803921569,0.318181818181818,-10.66046,1029,1.25,3.83,2601,1.85,4.89,0.274509803921569,0.0227272727272727,0.559016182396988
71,7,3,top,low,spare,jacket,spare,jacket,0.274509803921569,0.785714285714286,-7.59135,1573,1.1,3.48,1704,1.75,4.86,0.0392156862745098,0,0.512848865523822
71,7,4,top,top,spare,keys,spare,key,0.274509803921569,0.785714285714286,-7.59135,1573,1.1,3.48,2601,1.85,4.89,0.274509803921569,0.785714285714286,0.512848865523822
73,8,1,low,low,loudest,applause,loudest,applause,0.224137931034483,0.459016393442623,-10.57627,34,2.1,,576,2.75,4.29,0,0.459016393442623,1.32865281323854
73,8,2,low,top,loudest,respect,loudest,respect,0.224137931034483,0.459016393442623,-10.57627,34,2.1,,3644,2,2.04,0.224137931034483,0,1.32865281323854
73,8,3,top,low,utmost,applause,utmost,applause,0.224137931034483,0.58,-3.82065,118,2.8,1.64,576,2.75,4.29,0,0,0.261952371197098
73,8,4,top,top,utmost,respect,utmost,respect,0.224137931034483,0.58,-3.82065,118,2.8,1.64,3644,2,2.04,0.224137931034483,0.58,0.261952371197098
74,6,1,top,low,rotten,door,rotten,door,0.411764705882353,0.677966101694915,-9.58399,891,1.8,3.87,14895,1.35,4.81,0,0,0.1957417935632
74,6,2,top,top,rotten,wood,rotten,wood,0.411764705882353,0.677966101694915,-9.58399,891,1.8,3.87,1377,1.2,4.85,0.411764705882353,0.677966101694915,0.1957417935632
74,6,3,low,low,garage,door,garage,door,0.411764705882353,0.62962962962963,-8.13085,1388,1.9,4.96,14895,1.35,4.81,0,0.62962962962963,1.94203974653788
74,6,4,low,top,garage,wood,garage,wood,0.411764705882353,0.62962962962963,-8.13085,1388,1.9,4.96,1377,1.2,4.85,0.411764705882353,0,1.94203974653788
75,8,1,top,top,nasty,bugs,nasty,bug,0.4375,0.411764705882353,-6.83549,1151,1.75,2.37,695,1,5,0.4375,0.411764705882353,0.134789156025716
75,8,2,low,low,wild,animals,wild,animal,0.4375,0.326530612244898,-5.955605,2923,1.4,2.41,1993,2.35,4.61,0,0.326530612244898,0.741558300137835
75,8,3,low,top,wild,bugs,wild,bug,0.4375,0.326530612244898,-5.955605,2923,1.4,2.41,695,1,5,0.4375,0.102040816326531,0.741558300137835
75,8,4,top,low,nasty,animals,nasty,animal,0.4375,0.411764705882353,-6.83549,1151,1.75,2.37,1993,2.35,4.61,0,0,0.134789156025716
80,6,1,low,top,bad,rain,bad,rain,0.482758620689655,0.795918367346939,-6.56791,27804,1,1.68,2494,1,4.97,0.482758620689655,0.0408163265306122,1.32919282017421
80,6,2,top,low,intermittent,weather,intermittent,weather,0.482758620689655,0.695652173913044,-10.96292,28,4.6,2.61,1746,1.75,3.83,0.0517241379310345,0.0869565217391304,0.245234193467206
80,6,3,top,top,intermittent,rain,intermittent,rain,0.482758620689655,0.695652173913044,-10.96292,28,4.6,2.61,2494,1,4.97,0.482758620689655,0.695652173913044,0.245234193467206
80,6,4,low,low,bad,weather,bad,weather,0.482758620689655,0.795918367346939,-6.56791,27804,1,1.68,1746,1.75,3.83,0.0517241379310345,0.795918367346939,1.32919282017421
81,6,1,low,top,filthy,towel,filthy,towel,0.764705882352941,0.529411764705882,-11.60722,838,2.2,3.53,722,1.6,4.86,0.764705882352941,0.529411764705882,0.348277924073137
81,6,2,top,low,paper,rag,paper,rag,0.764705882352941,0.95,-1.1175,5271,1.25,4.93,244,1,4.67,0.0588235294117647,0,0.127410925357887
81,6,3,top,top,paper,towel,paper,towel,0.764705882352941,0.95,-1.1175,5271,1.25,4.93,722,1.6,4.86,0.764705882352941,0.95,0.127410925357887
81,6,4,low,low,filthy,rag,filthy,rag,0.764705882352941,0.529411764705882,-11.60722,838,2.2,3.53,244,1,4.67,0.0588235294117647,0.372549019607843,0.348277924073137
82,19,1,top,low,tall,beam,tall,beam,0.215686274509804,0.547169811320755,-3.46931,1649,1,3.36,445,1.25,3.96,0,0.0188679245283019,0.451084692769736
82,19,2,top,top,tall,man,tall,man,0.215686274509804,0.547169811320755,-3.46931,1649,1,3.36,94133,1,4.79,0.176470588235294,0.547169811320755,0.451084692769736
82,19,3,low,low,supporting,beam,support,beam,0.215686274509804,0.390243902439024,-11.81119,234,2.8,2.83,445,1.25,3.96,0,0.390243902439024,0.937768768381617
82,19,4,low,top,supporting,man,support,man,0.215686274509804,0.390243902439024,-11.81119,234,2.8,2.83,94133,1,4.79,0.176470588235294,0,0.937768768381617
85,8,1,top,top,dreadful,drought,dreadful,drought,0.34,0.583333333333333,-8.69283,408,3.05,2.23,70,1.8,3.74,0.34,0.583333333333333,0.135930726273208
85,8,2,low,low,blazing,fire,blazing,fire,0.34,0.738095238095238,-6.96221,93,1.75,3.64,10990,1,4.68,0.14,0.738095238095238,0.942539963980319
85,8,3,low,top,blazing,drought,blazing,drought,0.34,0.738095238095238,-6.96221,93,1.75,3.64,70,1.8,3.74,0.34,0.0238095238095238,0.942539963980319
85,8,4,top,low,dreadful,fire,dreadful,fire,0.34,0.583333333333333,-8.69283,408,3.05,2.23,10990,1,4.68,0.14,0.104166666666667,0.135930726273208
86,12,1,low,low,tonic,water,tonic,water,0.620689655172414,0.777777777777778,-12.74636,195,1.6,4.1,11478,1.15,5,0.0344827586206897,0.777777777777778,1.62850332320647
86,12,2,low,top,tonic,syrup,tonic,syrup,0.620689655172414,0.777777777777778,-12.74636,195,1.6,4.1,260,1.85,4.76,0.620689655172414,0,1.62850332320647
86,12,3,top,low,sticky,water,sticky,water,0.620689655172414,0.836734693877551,-9.78305,292,1.75,3.59,11478,1.15,5,0.0344827586206897,0,0.148589009071947
86,12,4,top,top,sticky,syrup,sticky,syrup,0.620689655172414,0.836734693877551,-9.78305,292,1.75,3.59,260,1.85,4.76,0.620689655172414,0.836734693877551,0.148589009071947
87,11,1,low,top,elementary,highway,elementary,highway,0.172413793103448,1,-8.30826,242,3.25,2.24,911,2.8,4.72,0.172413793103448,0,1.11796155907557
87,11,2,top,low,major,school,major,school,0.172413793103448,0.66,-10.17872,5343,1.8,2.16,16989,1.95,4.79,0.103448275862069,0,0.532786653480313
87,11,3,top,top,major,highway,major,highway,0.172413793103448,0.66,-10.17872,5343,1.8,2.16,911,2.8,4.72,0.172413793103448,0.66,0.532786653480313
87,11,4,low,low,elementary,school,elementary,school,0.172413793103448,1,-8.30826,242,3.25,2.24,16989,1.95,4.79,0.103448275862069,1,1.11796155907557
91,9,1,low,low,haunted,house,haunted,house,0.293103448275862,0.934782608695652,-9.96972,379,1.8,,26214,1.35,5,0.0517241379310345,0.934782608695652,1.38306933147378
91,9,2,low,top,haunted,painting,haunted,painting,0.293103448275862,0.934782608695652,-9.96972,379,1.8,,1489,1.65,4.59,0.293103448275862,0,1.38306933147378
91,9,3,top,low,abstract,house,abstract,house,0.293103448275862,0.775510204081633,-10.11079,111,2.65,1.45,26214,1.35,5,0.0517241379310345,0,0.546644853899602
91,9,4,top,top,abstract,painting,abstract,painting,0.293103448275862,0.775510204081633,-10.11079,111,2.65,1.45,1489,1.65,4.59,0.293103448275862,0.775510204081633,0.546644853899602
92,14,1,top,low,national,town,national,town,0.12,0.531914893617021,-10.28267,1946,2.5,2.24,12644,1.5,4.64,0.06,0,0.82517934383032
92,14,2,top,top,national,park,national,park,0.12,0.531914893617021,-10.28267,1946,2.5,2.24,3678,1,4.74,0.12,0.531914893617021,0.82517934383032
92,14,3,low,low,sleepy,town,sleepy,town,0.12,0.634920634920635,-8.78349,437,1.9,2.77,12644,1.5,4.64,0.06,0.634920634920635,1.11444343374671
92,14,4,low,top,sleepy,park,sleepy,park,0.12,0.634920634920635,-8.78349,437,1.9,2.77,3678,1,4.74,0.12,0,1.11444343374671
93,17,1,low,top,bland,music,bland,music,0.372549019607843,0.559322033898305,-9.87578,55,1.55,2.38,7734,2,4.31,0.372549019607843,0.203389830508475,0.41260092786311
93,17,2,top,low,loud,food,loud,food,0.372549019607843,0.814814814814815,-4.829726,2031,1.35,3.73,7876,1.2,4.8,0.156862745098039,0,0.324638430967809
93,17,3,top,top,loud,music,loud,music,0.372549019607843,0.814814814814815,-4.829726,2031,1.35,3.73,7734,2,4.31,0.372549019607843,0.814814814814815,0.324638430967809
93,17,4,low,low,bland,food,bland,food,0.372549019607843,0.559322033898305,-9.87578,55,1.55,2.38,7876,1.2,4.8,0.156862745098039,0.559322033898305,0.41260092786311
95,6,1,low,low,blonde,hair,blonde,hair,0.333333333333333,1,-7.78415,710,1.75,4.52,7831,1.5,4.97,0.0208333333333333,1,2.08260497904028
95,6,2,low,top,blonde,shoes,blonde,shoe,0.333333333333333,1,-7.78415,710,1.75,4.52,3782,1.5,4.97,0.333333333333333,0,2.08260497904028
95,6,3,top,low,muddy,hair,muddy,hair,0.333333333333333,0.523809523809524,-8.74751,153,1.7,4.32,7831,1.5,4.97,0.0208333333333333,0,0.738865488374078
95,6,4,top,top,muddy,shoes,muddy,shoe,0.333333333333333,0.523809523809524,-8.74751,153,1.7,4.32,3782,1.5,4.97,0.333333333333333,0.452380952380952,0.738865488374078
96,6,1,low,low,monthly,fee,monthly,fee,0.36,0.363636363636364,-8.18774,152,2.7,3.57,494,1,3.89,0.08,0.295454545454545,0.464455751529397
96,6,2,low,top,monthly,bill,monthly,bill,0.36,0.363636363636364,-8.18774,152,2.7,3.57,6041,1,4.68,0.36,0.363636363636364,0.464455751529397
96,6,3,top,low,electric,fee,electric,fee,0.36,0.925925925925926,-7.945946,874,2.5,3.56,494,1,3.89,0.08,0,0.583412705650647
96,6,4,top,top,electric,bill,electric,bill,0.36,0.925925925925926,-7.945946,874,2.5,3.56,6041,1,4.68,0.36,0.925925925925926,0.583412705650647
99,5,1,top,low,revealing,face,revealing,face,0.551724137931035,0.666666666666667,-11.2969,135,2.05,2.74,14747,1,4.87,0.0862068965517242,0,0.187490156885423
99,5,2,top,top,revealing,dress,revealing,dress,0.551724137931035,0.666666666666667,-11.2969,135,2.05,2.74,4447,1.7,4.93,0.551724137931035,0.666666666666667,0.187490156885423
99,5,3,low,low,pale,face,pale,face,0.551724137931035,0.444444444444444,-8.15909,409,1,3.79,14747,1,4.87,0.0862068965517242,0.203703703703704,0.278577159920346
99,5,4,low,top,pale,dress,pale,dress,0.551724137931035,0.444444444444444,-8.15909,409,1,3.79,4447,1.7,4.93,0.551724137931035,0.444444444444444,0.278577159920346
100,12,1,low,top,thick,couch,thick,couch,0.333333333333333,0.508474576271186,-10.199353,713,1.6,4,1197,1.45,4.71,0.270833333333333,0.135593220338983,0.756531623972979
100,12,2,top,low,comfortable,carpet,comfortable,carpet,0.333333333333333,0.448979591836735,-11.96803,2408,3.45,2.33,594,1.8,4.96,0.0625,0,0.27312041089487
100,12,3,top,top,comfortable,couch,comfortable,couch,0.333333333333333,0.448979591836735,-11.96803,2408,3.45,2.33,1197,1.45,4.71,0.270833333333333,0.448979591836735,0.27312041089487
100,12,4,low,low,thick,carpet,thick,carpet,0.333333333333333,0.508474576271186,-10.199353,713,1.6,4,594,1.8,4.96,0.0625,0.508474576271186,0.756531623972979
102,6,1,top,low,instrumental,wind,instrumental,wind,0.24,0.7,-10.95983,78,4.4,2.89,3028,1,3.93,0.04,0,0.578139634958109
102,6,2,top,top,instrumental,music,instrumental,music,0.24,0.7,-10.95983,78,4.4,2.89,7734,2,4.31,0.24,0.7,0.578139634958109
102,6,3,low,low,southerly,wind,southerly,wind,0.24,0.3,-13.43657,7,3.2,2.33,3028,1,3.93,0.04,0.216666666666667,0.422284871757136
102,6,4,low,top,southerly,music,southerly,music,0.24,0.3,-13.43657,7,3.2,2.33,7734,2,4.31,0.24,0.05,0.422284871757136
104,11,1,low,top,English,answer,english,answer,0.189655172413793,0.571428571428571,-6.074772,3777,2.9,,8986,2.35,2.89,0.189655172413793,0,0.686804207600695
104,11,2,top,low,correct,language,correct,language,0.189655172413793,0.553571428571429,-6.04444,2292,2.35,2.59,1790,2.9,2.35,0.103448275862069,0,0.425223845548441
104,11,3,top,top,correct,answer,correct,answer,0.189655172413793,0.553571428571429,-6.04444,2292,2.35,2.59,8986,2.35,2.89,0.189655172413793,0.553571428571429,0.425223845548441
104,11,4,low,low,English,language,English,language,0.189655172413793,0.571428571428571,-6.074772,3777,2.9,,1790,2.9,2.35,0.103448275862069,0.571428571428571,0.686804207600695
105,16,1,top,top,academic,grades,academic,grade,0.18,0.509433962264151,-10.56388,238,2.7,2.11,451,1.4,3,0.1,0.509433962264151,0.866657127495715
105,16,2,low,low,looking,girls,look,girl,0.18,0.440677966101695,-6.71115,22066,1.6,2.96,10626,1.85,4.85,0.12,0.440677966101695,1.04983066010582
105,16,3,low,top,looking,grades,look,grade,0.18,0.440677966101695,-6.71115,22066,1.6,2.96,451,1.4,3,0.1,0,1.04983066010582
105,16,4,top,low,academic,girls,academic,girl,0.18,0.509433962264151,-10.56388,238,2.7,2.11,10626,1.85,4.85,0.12,0,0.866657127495715
106,9,1,top,top,orange,juice,orange,juice,0.3125,0.938775510204082,-8.11859,1138,1.75,4.66,1371,1.8,4.89,0.270833333333333,0.938775510204082,0.661029357543317
106,9,2,low,low,sweet,tea,sweet,tea,0.3125,0.807692307692308,-10.419788,7405,1.5,4,2990,1,4.69,0.0208333333333333,0.807692307692308,1.69633018564531
106,9,3,low,top,sweet,juice,sweet,juice,0.3125,0.807692307692308,-10.419788,7405,1.5,4,1371,1.8,4.89,0.270833333333333,0.0576923076923077,1.69633018564531
106,9,4,top,low,orange,tea,orange,tea,0.3125,0.938775510204082,-8.11859,1138,1.75,4.66,2990,1,4.69,0.0208333333333333,0,0.661029357543317
109,14,1,low,top,sharp,crowbar,sharp,crowbar,0.588235294117647,0.431818181818182,-5.79538,1213,1.75,3.86,66,2.8,4.87,0.588235294117647,0.0909090909090909,0.866946966500254
109,14,2,top,low,steel,knife,steel,knife,0.588235294117647,0.807017543859649,-5.9831,941,1.5,4.87,2387,1.9,4.9,0.0392156862745098,0,0.189226650953893
109,14,3,top,top,steel,crowbar,steel,crowbar,0.588235294117647,0.807017543859649,-5.9831,941,1.5,4.87,66,2.8,4.87,0.588235294117647,0.807017543859649,0.189226650953893
109,14,4,low,low,sharp,knife,sharp,knife,0.588235294117647,0.431818181818182,-5.79538,1213,1.75,3.86,2387,1.9,4.9,0.0392156862745098,0.431818181818182,0.866946966500254
110,14,1,top,low,gray,snake,gray,snake,0.12,0.272727272727273,-7.5582,1077,1,3.46,1140,1.5,5,0.04,0,0.348444506365253
110,14,2,top,top,gray,cat,gray,cat,0.12,0.272727272727273,-7.5582,1077,1,3.46,3383,1,4.86,0.06,0.272727272727273,0.348444506365253
110,14,3,low,low,poisonous,snake,poisonous,snake,0.12,0.823529411764706,-11.19005,170,3.35,2.74,1140,1.5,5,0.04,0.823529411764706,1.17106630874376
110,14,4,low,top,poisonous,cat,poisonous,cat,0.12,0.823529411764706,-11.19005,170,3.35,2.74,3383,1,4.86,0.06,0,1.17106630874376
112,8,1,top,low,eighteenth,anniversary,eighteenth,anniversary,0.92,0.938775510204082,-6.91916,23,3.75,3.64,939,4.6,3.15,0,0.0612244897959184,0.0684292095434016
112,8,2,top,top,eighteenth,birthday,eighteenth,birthday,0.92,0.938775510204082,-6.91916,23,3.75,3.64,4958,3.4,3.2,0.92,0.938775510204082,0.0684292095434016
112,8,3,low,low,first,anniversary,first,anniversary,0.92,0.5,-4.941279,42869,1.8,2.76,939,4.6,3.15,0,0.5,1.35404931088854
112,8,4,low,top,first,birthday,first,birthday,0.92,0.5,-4.941279,42869,1.8,2.76,4958,3.4,3.2,0.92,0.1875,1.35404931088854
113,8,1,low,top,wooden,shade,wooden,shade,0.844827586206897,0.711864406779661,-9.63424,367,1.85,4.61,304,1.25,3.38,0.844827586206897,0.0338983050847458,1.289346629421
113,8,2,top,low,partial,barn,partial,barn,0.844827586206897,0.875,-10.01057,247,2.05,2.31,693,1,4.79,0.120689655172414,0,0.157834124259273
113,8,3,top,top,partial,shade,partial,shade,0.844827586206897,0.875,-10.01057,247,2.05,2.31,304,1.25,3.38,0.844827586206897,0.875,0.157834124259273
113,8,4,low,low,wooden,barn,wooden,barn,0.844827586206897,0.711864406779661,-9.63424,367,1.85,4.61,693,1,4.79,0.120689655172414,0.711864406779661,1.289346629421
116,11,1,low,top,instant,breakfast,instant,breakfast,0.395833333333333,0.553191489361702,-10.18387,550,2.3,2.7,3381,3.15,4.43,0.395833333333333,0.0425531914893617,1.22180313816467
116,11,2,top,low,continental,coffee,continental,coffee,0.395833333333333,0.981132075471698,-16.37806,168,3.5,2.48,7371,2,4.81,0.0208333333333333,0,0.432536531714996
116,11,3,top,top,continental,breakfast,continental,breakfast,0.395833333333333,0.981132075471698,-16.37806,168,3.5,2.48,3381,3.15,4.43,0.395833333333333,0.981132075471698,0.432536531714996
116,11,4,low,low,instant,coffee,instant,coffee,0.395833333333333,0.553191489361702,-10.18387,550,2.3,2.7,7371,2,4.81,0.0208333333333333,0.553191489361702,1.22180313816467
119,8,1,top,top,animated,movie,animated,movie,0.42,0.609756097560976,-10.72767,61,2.6,2.96,6271,1.85,4.59,0.42,0.609756097560976,0.609602166157074
119,8,2,low,low,live,show,live,show,0.42,0.404761904761905,-9.666666,17574,1,3.57,24906,1,3.97,0.12,0.404761904761905,0.531340105583838
119,8,3,low,top,live,movie,live,movie,0.42,0.404761904761905,-9.666666,17574,1,3.57,6271,1.85,4.59,0.42,0,0.531340105583838
119,8,4,top,low,animated,show,animated,show,0.42,0.609756097560976,-10.72767,61,2.6,2.96,24906,1,3.97,0.12,0,0.609602166157074
121,12,1,low,low,subconscious,mind,subconscious,mind,0.24,0.714285714285714,-9.706537,134,4.45,1.57,24715,1,2.5,0.1,0.714285714285714,0.872750587377414
121,12,2,low,top,subconscious,speech,subconscious,speech,0.24,0.714285714285714,-9.706537,134,4.45,1.57,1940,2.05,3.37,0.24,0,0.872750587377414
121,12,3,top,low,impassioned,mind,impassioned,mind,0.24,0.763636363636364,-14.91685,19,3.95,2.17,24715,1,2.5,0.1,0,0.581396696362863
121,12,4,top,top,impassioned,speech,impassioned,speech,0.24,0.763636363636364,-14.91685,19,3.95,2.17,1940,2.05,3.37,0.24,0.763636363636364,0.581396696362863
123,9,1,low,top,difficult,calls,difficult,call,0.22,0.264150943396226,-7.03361,3068,4.3,2.21,4097,1.1,4,0.18,0.188679245283019,0.443553805405423
123,9,2,top,low,phone,tasks,phone,task,0.22,0.893617021276596,-4.80802,13756,1.55,4.86,85,1.55,2.84,0.04,0,0.781964058012111
123,9,3,top,top,phone,calls,phone,call,0.22,0.893617021276596,-4.80802,13756,1.55,4.86,4097,1.1,4,0.18,0.893617021276596,0.781964058012111
123,9,4,low,low,difficult,tasks,difficult,task,0.22,0.264150943396226,-7.03361,3068,4.3,2.21,85,1.55,2.84,0.04,0.264150943396226,0.443553805405423
124,7,1,low,top,echoey,auditorium,echoey,auditorium,0.137931034482759,0.244897959183673,-11.41992,0,2.5,,80,3.75,4.7,0.137931034482759,0.204081632653061,0.334611785579951
124,7,2,top,low,packed,hall,pack,hall,0.137931034482759,0.326530612244898,-5.34271,904,1.35,3.83,2649,1,4.67,0.0862068965517242,0.102040816326531,0.180752110155522
124,7,3,top,top,packed,auditorium,pack,auditorium,0.137931034482759,0.326530612244898,-5.34271,904,1.35,3.83,80,3.75,4.7,0.137931034482759,0.326530612244898,0.180752110155522
124,7,4,low,low,echoey,hall,echoey,hall,0.137931034482759,0.244897959183673,-11.41992,0,2.5,,2649,1,4.67,0.0862068965517242,0.244897959183673,0.334611785579951
128,12,1,low,low,fictional,story,fictional,story,0.843137254901961,0.3,-13.93368,71,2.9,2.11,11260,1.6,3.3,0,0.3,1.13654310410102
128,12,2,low,top,fictional,class,fictional,class,0.843137254901961,0.3,-13.93368,71,2.9,2.11,5985,1.35,3.85,0.843137254901961,0.14,1.13654310410102
128,12,3,top,low,entire,story,entire,story,0.843137254901961,0.8125,-5.50764,4070,1.9,2.03,11260,1.6,3.3,0,0,0.084098384910037
128,12,4,top,top,entire,class,entire,class,0.843137254901961,0.8125,-5.50764,4070,1.9,2.03,5985,1.35,3.85,0.843137254901961,0.8125,0.084098384910037
135,13,1,low,low,special,occasion,special,occasion,0.413793103448276,0.45,-8.416717,7577,2.25,1.76,844,2.7,2.52,0.0172413793103448,0.45,0.831758823022036
135,13,2,low,top,special,party,special,party,0.413793103448276,0.45,-8.416717,7577,2.25,1.76,11890,1.3,3.89,0.413793103448276,0.025,0.831758823022036
135,13,3,top,low,bachelorette,occasion,bachelorette,occasion,0.413793103448276,1,-12.27869,82,5.35,3.9,844,2.7,2.52,0.0172413793103448,0,0.364556773962885
135,13,4,top,top,bachelorette,party,bachelorette,party,0.413793103448276,1,-12.27869,82,5.35,3.9,11890,1.3,3.89,0.413793103448276,1,0.364556773962885
136,5,1,low,top,family,dishes,family,dish,0.895833333333333,0.30952380952381,-7.32539,18067,2,4.23,605,1.7,4.9,0.895833333333333,0.261904761904762,0.786543616018338
136,5,2,top,low,dirty,car,dirty,car,0.895833333333333,0.931818181818182,-6.26892,3389,1.85,4.23,24636,1,4.89,0.0416666666666667,0,0.0412822087387263
136,5,3,top,top,dirty,dishes,dirty,dish,0.895833333333333,0.931818181818182,-6.26892,3389,1.85,4.23,605,1.7,4.9,0.895833333333333,0.931818181818182,0.0412822087387263
136,5,4,low,low,family,car,family,car,0.895833333333333,0.30952380952381,-7.32539,18067,2,4.23,24636,1,4.89,0.0416666666666667,0.30952380952381,0.786543616018338
137,13,1,low,top,striped,shoes,stripe,shoe,0.58,0.403846153846154,-9.71236,87,1.65,4.72,3782,1.5,4.97,0.58,0.173076923076923,0.497711939208681
137,13,2,top,low,clean,shirt,clean,shirt,0.58,0.744186046511628,-9.229245,6183,1.7,3.07,2365,1.55,4.94,0.1,0.0465116279069768,0.267658558013014
137,13,3,top,top,clean,shoes,clean,shoe,0.58,0.744186046511628,-9.229245,6183,1.7,3.07,3782,1.5,4.97,0.58,0.744186046511628,0.267658558013014
137,13,4,low,low,striped,shirt,striped,shirt,0.58,0.403846153846154,-9.71236,87,1.65,4.04,2365,1.55,4.94,0.1,0.403846153846154,0.497711939208681
139,14,1,low,low,important,call,important,call,0.2,0.534883720930233,-9.41392,10587,2.7,2.14,43931,1,4,0.08,0.534883720930233,0.631547040040581
139,14,2,low,top,important,bus,important,bus,0.2,0.534883720930233,-9.41392,10587,2.7,2.14,3783,1,4.9,0.1,0,0.631547040040581
139,14,3,top,low,school,call,school,call,0.2,0.894736842105263,-5.572308,16989,1.95,4.79,43931,1,4,0.08,0,1.14284601577109
139,14,4,top,top,school,bus,school,bus,0.2,0.894736842105263,-5.572308,16989,1.95,4.79,3783,1,4.9,0.1,0.894736842105263,1.14284601577109
141,9,1,top,low,right,glasses,right,glass,0.352941176470588,0.425531914893617,-5.267698,204428,1.15,3.47,1689,1.75,4.82,0.0392156862745098,0,0.221278843080247
141,9,2,top,top,right,arm,right,arm,0.352941176470588,0.425531914893617,-5.267698,204428,1.15,3.47,3336,1,4.96,0.352941176470588,0.425531914893617,0.221278843080247
141,9,3,low,low,stylish,glasses,stylish,glass,0.352941176470588,0.26530612244898,-13.66849,110,2.55,2.14,1689,1.75,4.82,0.0392156862745098,0.26530612244898,0.843189371618953
141,9,4,low,top,stylish,arm,stylish,arm,0.352941176470588,0.26530612244898,-13.66849,110,2.55,2.14,3336,1,4.96,0.352941176470588,0,0.843189371618953
142,12,1,top,low,single,cousin,single,cousin,0.28,0.537037037037037,-10.43459,3676,1.45,3.27,2491,1.95,3.7,0,0,0.664812417854184
142,12,2,top,top,single,mother,single,mother,0.28,0.537037037037037,-10.43459,3676,1.45,3.27,24476,1.65,4.6,0.28,0.537037037037037,0.664812417854184
142,12,3,low,low,distant,cousin,distant,cousin,0.28,0.384615384615385,-9.56577,439,2.4,2.75,2491,1.95,3.7,0,0.384615384615385,1.59309408774151
142,12,4,low,top,distant,mother,distant,mother,0.28,0.384615384615385,-9.56577,439,2.4,2.75,24476,1.65,4.6,0.28,0.0192307692307692,1.59309408774151
143,13,1,top,low,mangy,wine,mangy,wine,0.458333333333333,0.706896551724138,-13.44295,81,1.5,3.24,3078,1,4.79,0.354166666666667,0,0.453304697587239
143,13,2,top,top,mangy,dog,mangy,dog,0.458333333333333,0.706896551724138,-13.44295,81,1.5,3.24,9835,1,4.85,0.458333333333333,0.706896551724138,0.453304697587239
143,13,3,low,low,expensive,wine,expensive,wine,0.458333333333333,0.733333333333333,-7.60326,1425,2.45,3.13,3078,1,4.79,0.354166666666667,0.733333333333333,0.450398332860248
143,13,4,low,top,expensive,dog,expensive,dog,0.458333333333333,0.733333333333333,-7.60326,1425,2.45,3.13,9835,1,4.85,0.458333333333333,0.0444444444444444,0.450398332860248
144,11,1,top,top,front,yard,front,yard,0.229166666666667,0.792452830188679,-3.783004,9259,1.8,3.77,1278,1.4,4.82,0.229166666666667,0.792452830188679,0.694441677527606
144,11,2,low,low,nearby,park,nearby,park,0.229166666666667,0.584158415841584,-6.47431,425,1.95,2.86,3678,1,4.74,0.229166666666667,0.584158415841584,0.548292598240647
144,11,3,low,top,nearby,yard,nearby,yard,0.229166666666667,0.584158415841584,-6.47431,425,1.95,2.86,1278,1.4,4.82,0.229166666666667,0.0198019801980198,0.548292598240647
144,11,4,top,low,front,park,front,park,0.229166666666667,0.792452830188679,-3.783004,9259,1.8,3.77,3678,1,4.74,0.229166666666667,0,0.694441677527606
151,4,1,top,top,federal,bank,federal,bank,0.764705882352941,0.847826086956522,-7.71988,1173,2.5,2.41,4334,1,4.78,0.764705882352941,0.847826086956522,0.218494584226899
151,4,2,low,low,antique,store,antique,store,0.764705882352941,0.695652173913044,-8.92115,309,2.85,3.75,4178,1.1,4.5,0.176470588235294,0.695652173913044,1.1856079567894
151,4,3,low,top,antique,bank,antique,bank,0.764705882352941,0.695652173913044,-8.92115,309,2.85,3.75,4334,1,4.78,0.764705882352941,0.0217391304347826,1.1856079567894
151,4,4,top,low,federal,store,federal,store,0.764705882352941,0.847826086956522,-7.71988,1173,2.5,2.41,4178,1.1,4.5,0.176470588235294,0,0.218494584226899
152,15,1,low,top,dining,table,dining,table,0.854166666666667,0.5,-3.52135,598,1.45,3.75,5387,1.5,4.9,0.854166666666667,0.395833333333333,0.523960776773706
152,15,2,top,low,dinner,room,dinner,room,0.854166666666667,0.877551020408163,-9.30881,10336,1.6,4.5,22415,1.1,4.79,0.104166666666667,0.0612244897959184,0.0390816548141504
152,15,3,top,top,dinner,table,dinner,table,0.854166666666667,0.877551020408163,-9.30881,10336,1.6,4.5,5387,1.5,4.9,0.854166666666667,0.877551020408163,0.0390816548141504
152,15,4,low,low,dining,room,dining,room,0.854166666666667,0.5,-3.52135,598,1.45,3.75,22415,1.1,4.79,0.104166666666667,0.5,0.523960776773706
160,10,1,top,top,cedar,tree,cedar,tree,0.741379310344828,0.927272727272727,-10.62779,127,1.9,4.83,3315,1.2,5,0.741379310344828,0.927272727272727,0.0977891763791982
160,10,2,low,low,living,creature,living,creature,0.741379310344828,0.333333333333333,-6.98117,7983,1.65,3.04,1092,2.45,4.07,0,0.333333333333333,0.989547380923969
160,10,3,low,top,living,tree,living,tree,0.741379310344828,0.333333333333333,-6.98117,7983,1.65,3.04,3315,1.2,5,0.741379310344828,0.333333333333333,0.989547380923969
160,10,4,top,low,cedar,creature,cedar,creature,0.741379310344828,0.927272727272727,-10.62779,127,1.9,4.83,1092,2.45,4.07,0,0,0.0977891763791982
164,9,1,top,low,concrete,door,concrete,door,0.375,0.924528301886792,-7.40284,379,2.9,4.59,14895,1.35,4.81,0.145833333333333,0,0.488683511272253
164,9,2,top,top,concrete,wall,concrete,wall,0.375,0.924528301886792,-7.40284,379,2.9,4.59,3605,1,4.86,0.375,0.924528301886792,0.488683511272253
164,9,3,low,low,sliding,door,slide,door,0.375,0.958333333333333,-7.82275,191,1.8,4.48,14895,1.35,4.81,0.145833333333333,0.958333333333333,1.17478142601433
164,9,4,low,top,sliding,wall,slide,wall,0.375,0.958333333333333,-7.82275,191,1.8,4.48,3605,1,4.86,0.375,0,1.17478142601433
165,21,1,low,low,bulging,muscles,bulging,muscle,0.862745098039216,0.692307692307692,-11.366,40,1.85,,385,2.15,4.5,0,0.692307692307692,2.00375056852285
165,21,2,low,top,bulging,scars,bulge,scar,0.862745098039216,0.692307692307692,-11.366,40,1.85,3.92,224,1.1,4.74,0.862745098039216,0.192307692307692,2.00375056852285
165,21,3,top,low,gruesome,muscles,gruesome,muscle,0.862745098039216,0.931818181818182,-8.81204,104,3.4,2.72,385,2.15,4.5,0,0,0.0426355966986603
165,21,4,top,top,gruesome,scars,gruesome,scar,0.862745098039216,0.931818181818182,-8.81204,104,3.4,2.72,224,1.1,4.74,0.862745098039216,0.931818181818182,0.0426355966986603
167,6,1,top,top,Confederate,army,Confederate,army,0.333333333333333,0.744186046511628,-8.84773,95,3.5,,4370,1.7,4.7,0.333333333333333,0.744186046511628,0.344511205475333
167,6,2,low,low,terrorist,group,terrorist,group,0.333333333333333,0.611111111111111,-8.92035,617,2.75,3.64,3762,1.8,4.12,0.0833333333333333,0.611111111111111,1.12465229633454
167,6,3,low,top,terrorist,army,terrorist,army,0.333333333333333,0.611111111111111,-8.92035,617,2.75,3.64,4370,1.7,4.7,0.333333333333333,0,1.12465229633454
167,6,4,top,low,Confederate,group,Confederate,group,0.333333333333333,0.744186046511628,-8.84773,95,3.5,,3762,1.8,4.12,0.0833333333333333,0,0.344511205475333
172,10,1,top,top,decadent,dessert,decadent,dessert,0.385964912280702,0.6,-12.31539,60,2.5,2.21,715,2.05,4.93,0.385964912280702,0.6,0.366995969718238
172,10,2,low,low,blueberry,pie,blueberry,pie,0.385964912280702,0.678571428571429,-9.53344,131,3.05,4.96,1466,1,4.92,0.087719298245614,0.678571428571429,1.22450590482827
172,10,3,low,top,blueberry,dessert,blueberry,dessert,0.385964912280702,0.678571428571429,-9.53344,131,3.05,4.96,715,2.05,4.93,0.385964912280702,0,1.22450590482827
172,10,4,top,low,decadent,pie,decadent,pie,0.385964912280702,0.6,-12.31539,60,2.5,2.21,1466,1,4.92,0.087719298245614,0.0222222222222222,0.366995969718238
173,8,1,low,low,solid,wall,solid,wall,0.431372549019608,0.528301886792453,-9.8943,998,1.8,4.42,3605,1,4.86,0.137254901960784,0.528301886792453,0.450617832072025
173,8,2,low,top,solid,tree,solid,tree,0.431372549019608,0.528301886792453,-9.8943,998,1.8,4.42,3315,1.2,5,0.431372549019608,0.132075471698113,0.450617832072025
173,8,3,top,low,hickory,wall,hickory,wall,0.431372549019608,0.807692307692308,-14.67804,69,2.8,4.34,3605,1,4.86,0.137254901960784,0,0.325260663575772
173,8,4,top,top,hickory,tree,hickory,tree,0.431372549019608,0.807692307692308,-14.67804,69,2.8,4.34,3315,1.2,5,0.431372549019608,0.807692307692308,0.325260663575772
178,9,1,top,top,fresh,lemon,fresh,lemon,0.62,0.694117647058824,-4.63215,2780,1.85,1.97,613,1.75,5,0.62,0.694117647058824,0.154006208498372
178,9,2,low,low,homemade,pie,homemade,pie,0.62,0.760869565217391,-6.16396,146,2.9,2.9,1466,1,4.92,0.08,0.760869565217391,1.32016033810598
178,9,3,low,top,homemade,lemon,homemade,lemon,0.62,0.760869565217391,-6.16396,146,2.9,2.9,613,1.75,5,0.62,0.0217391304347826,1.32016033810598
178,9,4,top,low,fresh,pie,fresh,pie,0.62,0.694117647058824,-4.63215,2780,1.85,1.97,1466,1,4.92,0.08,0.0823529411764706,0.154006208498372
179,5,1,low,low,frying,oil,frying,oil,0.189655172413793,0.551020408163265,-12.29204,142,1.7,,2095,1,4.93,0.0517241379310345,0.551020408163265,1.12768103466995
179,5,2,low,top,frying,blood,frying,blood,0.189655172413793,0.551020408163265,-12.29204,142,1.7,,9492,1.6,4.86,0.189655172413793,0,1.12768103466995
179,5,3,top,low,dried,oil,dry,oil,0.189655172413793,0.511111111111111,-5.32563,258,1.65,3.77,2095,1,4.93,0.0517241379310345,0,0.367162728521266
179,5,4,top,top,dried,blood,dry,blood,0.189655172413793,0.511111111111111,-5.32563,258,1.65,3.77,9492,1.6,4.86,0.189655172413793,0.511111111111111,0.367162728521266
180,7,1,top,top,interior,wall,interior,wall,0.833333333333333,0.931034482758621,-8.30791,267,2.35,3.59,3605,1,4.86,0.833333333333333,0.931034482758621,0.119933464395842
180,7,2,low,low,title,page,title,page,0.833333333333333,0.48,-9.93916,947,1.75,3.32,1912,1.05,4.9,0.0833333333333333,0.48,0.961169191543238
180,7,3,low,top,title,wall,title,wall,0.833333333333333,0.48,-9.93916,947,1.75,3.32,3605,1,4.86,0.833333333333333,0.06,0.961169191543238
180,7,4,top,low,interior,page,interior,page,0.833333333333333,0.931034482758621,-8.30791,267,2.35,3.59,1912,1.05,4.9,0.0833333333333333,0,0.119933464395842
181,7,1,low,low,ugly,shoes,ugly,shoe,0.270833333333333,0.418181818181818,-7.90235,2150,2,3.23,3782,1.5,4.97,0,0.418181818181818,1.29723179445019
181,7,2,low,top,ugly,heels,ugly,heel,0.270833333333333,0.418181818181818,-7.90235,2150,2,3.23,510,1.55,4.86,0.270833333333333,0,1.29723179445019
181,7,3,top,low,high,shoes,high,shoe,0.270833333333333,0.979591836734694,-3.06645,9945,1.65,3.46,3782,1.5,4.97,0,0.0204081632653061,0.76591960785647
181,7,4,top,top,high,heels,high,heel,0.270833333333333,0.979591836734694,-3.06645,9945,1.65,3.46,510,1.55,4.86,0.270833333333333,0.979591836734694,0.76591960785647
183,11,1,low,top,civil,gun,civil,gun,0.379310344827586,0.9375,-11.335518,813,1.95,2.07,10873,1,4.83,0.379310344827586,0,1.20203297244577
183,11,2,top,low,loaded,lawsuit,load,lawsuit,0.379310344827586,0.923076923076923,-6.34957,948,1.75,3.63,311,3.05,2.94,0.137931034482759,0,0.566897768288827
183,11,3,top,top,loaded,gun,load,gun,0.379310344827586,0.923076923076923,-6.34957,948,1.75,3.63,10873,1,4.83,0.379310344827586,0.923076923076923,0.566897768288827
183,11,4,low,low,civil,lawsuit,civil,lawsuit,0.379310344827586,0.9375,-11.335518,813,1.95,2.07,311,3.05,2.94,0.137931034482759,0.9375,1.20203297244577
185,11,1,top,top,lazy,river,lazy,river,0.275862068965517,0.638297872340426,-10.31362,591,1.75,2.67,2829,1.3,4.89,0.275862068965517,0.638297872340426,0.416764087558217
185,11,2,low,low,shady,tree,shady,tree,0.275862068965517,0.647058823529412,-9.47549,120,1.75,2.96,3315,1.2,5,0.120689655172414,0.647058823529412,0.592822689492639
185,11,3,low,top,shady,river,shady,river,0.275862068965517,0.647058823529412,-9.47549,120,1.75,2.96,2829,1.3,4.89,0.275862068965517,0.0392156862745098,0.592822689492639
185,11,4,top,low,lazy,tree,lazy,tree,0.275862068965517,0.638297872340426,-10.31362,591,1.75,2.67,3315,1.2,5,0.120689655172414,0.0212765957446809,0.416764087558217
189,8,1,top,top,philharmonic,concert,philharmonic,concert,0.28,0.325581395348837,-16.05165,38,5.65,2.86,895,1.7,4.35,0.28,0.325581395348837,0.590720569492288
189,8,2,low,low,homecoming,dance,homecoming,dance,0.28,0.527272727272727,-9.21486,285,3.65,3.08,7550,1.4,4.32,0.02,0.527272727272727,1.10679420695821
189,8,3,low,top,homecoming,concert,homecoming,concert,0.28,0.527272727272727,-9.21486,285,3.65,3.08,895,1.7,4.35,0.28,0,1.10679420695821
189,8,4,top,low,philharmonic,dance,philharmonic,dance,0.28,0.325581395348837,-16.05165,38,5.65,2.86,7550,1.4,4.32,0.02,0.0232558139534884,0.590720569492288
191,13,1,top,top,loyal,dog,loyal,dog,0.258620689655172,0.810344827586207,-12.81142,612,1.9,1.69,9835,1,4.85,0.258620689655172,0.810344827586207,0.529018046044832
191,13,2,low,low,funny,hat,funny,hat,0.258620689655172,0.696428571428571,-7.68818,11127,1.5,2.5,3273,1,4.88,0.0689655172413793,0.696428571428571,0.966709227266442
191,13,3,low,top,funny,dog,funny,dog,0.258620689655172,0.696428571428571,-7.68818,11127,1.5,2.5,9835,1,4.85,0.258620689655172,0,0.966709227266442
191,13,4,top,low,loyal,hat,loyal,hat,0.258620689655172,0.810344827586207,-12.81142,612,1.9,1.69,3273,1,4.88,0.0689655172413793,0,0.529018046044832
194,6,1,low,top,uneven,ice,uneven,ice,0.5,0.261904761904762,-6.44533,39,2.45,3.07,4057,1.1,4.89,0.5,0,0.812577206221032
194,6,2,top,low,thin,pavement,thin,pavement,0.5,0.978723404255319,-8.26283,1029,1.25,3.83,103,2.55,4.72,0.0172413793103448,0,0.31357017121294
194,6,3,top,top,thin,ice,thin,ice,0.5,0.978723404255319,-8.26283,1029,1.25,3.83,4057,1.1,4.89,0.5,0.978723404255319,0.31357017121294
194,6,4,low,low,uneven,pavement,uneven,pavement,0.5,0.261904761904762,-6.44533,39,2.45,3.07,103,2.55,4.72,0.0172413793103448,0.261904761904762,0.812577206221032
195,13,1,top,low,booming,budget,boom,budget,0.3125,0.972972972972973,-11.57705,53,1.55,3.66,513,1.8,3.14,0.0625,0,0.439663761045237
195,13,2,top,top,booming,economy,boom,economy,0.3125,0.972972972972973,-11.57705,53,1.55,3.66,296,2.9,2.57,0.3125,0.972972972972973,0.439663761045237
195,13,3,low,low,balanced,budget,balanced,budget,0.3125,0.696428571428571,-10.76123,121,2.35,2.79,513,1.8,3.14,0.0625,0.696428571428571,0.880726650791873
195,13,4,low,top,balanced,economy,balanced,economy,0.3125,0.696428571428571,-10.76123,121,2.35,2.79,296,2.9,2.57,0.3125,0.0714285714285714,0.880726650791873
197,9,1,top,low,leather,shirt,leather,shirt,0.303571428571429,0.42,-5.28911,693,1.6,4.82,2365,1.55,4.94,0.0892857142857143,0,0.537230304462309
197,9,2,top,top,leather,couch,leather,couch,0.303571428571429,0.42,-5.28911,693,1.6,4.82,1197,1.45,4.71,0.25,0.42,0.537230304462309
197,9,3,low,low,Hawaiian,shirt,hawaiian,shirt,0.303571428571429,0.759259259259259,-13.10398,166,3.35,,2365,1.55,4.94,0.0892857142857143,0.759259259259259,0.99360072813138
197,9,4,low,top,Hawaiian,couch,hawaiian,couch,0.303571428571429,0.759259259259259,-13.10398,166,3.35,,1197,1.45,4.71,0.25,0.037037037037037,0.99360072813138
199,7,1,low,low,unregistered,gun,unregistered,gun,0.4375,0.630434782608696,-8.3476,17,4.5,2.3,10873,1,4.83,0.0833333333333333,0.630434782608696,0.827355927282817
199,7,2,low,top,unregistered,drug,unregistered,drug,0.4375,0.630434782608696,-8.3476,17,4.5,2.3,2306,1.65,4.48,0.4375,0,0.827355927282817
199,7,3,top,low,psychiatric,gun,psychiatric,gun,0.4375,0.783783783783784,-9.9828,242,3.9,2.59,10873,1,4.83,0.0833333333333333,0.027027027027027,0.24294088334943
199,7,4,top,top,psychiatric,drug,psychiatric,drug,0.4375,0.783783783783784,-9.9828,242,3.9,2.59,2306,1.65,4.48,0.4375,0.783783783783784,0.24294088334943
200,14,1,top,low,melting,forest,melting,forest,0.458333333333333,0.897959183673469,-10.97112,168,1.6,3.83,963,1.85,4.76,0.125,0,0.438737136290729
200,14,2,top,top,melting,snow,melting,snow,0.458333333333333,0.897959183673469,-10.97112,168,1.6,3.83,1599,1.35,4.85,0.458333333333333,0.897959183673469,0.438737136290729
200,14,3,low,low,pine,forest,pine,forest,0.458333333333333,0.679245283018868,-8.52443,316,1,4.37,963,1.85,4.76,0.125,0.679245283018868,1.06095974482297
200,14,4,low,top,pine,snow,pine,snow,0.458333333333333,0.679245283018868,-8.52443,316,1,4.37,1599,1.35,4.85,0.458333333333333,0,1.06095974482297
201,14,1,top,top,classical,music,classical,music,0.844827586206897,0.981481481481481,-4.73503,224,3.3,2.18,7734,2,4.31,0.844827586206897,0.981481481481481,0.0898191693331657
201,14,2,low,low,clean,clothes,clean,clothes,0.844827586206897,0.214285714285714,-10.99169,6183,1.7,3.07,5158,1.85,4.76,0,0.214285714285714,0.909902053659035
201,14,3,low,top,clean,music,clean,music,0.844827586206897,0.214285714285714,-10.99169,6183,1.7,3.07,7734,2,4.31,0.844827586206897,0.214285714285714,0.909902053659035
201,14,4,top,low,classical,clothes,classical,clothes,0.844827586206897,0.981481481481481,-4.73503,224,3.3,2.18,5158,1.85,4.76,0,0,0.0898191693331657
203,8,1,low,low,satellite,dish,satellite,dish,0.215686274509804,0.824561403508772,-6.0307,798,3.65,4.73,584,1.25,4.9,0,0.824561403508772,1.90692940771989
203,8,2,low,top,satellite,television,satellite,television,0.215686274509804,0.824561403508772,-6.0307,798,3.65,4.73,1729,3.45,4.83,0.215686274509804,0.105263157894737,1.90692940771989
203,8,3,top,low,large,dish,large,dish,0.215686274509804,0.476190476190476,-7.66074,2114,1.65,3.37,584,1.25,4.9,0,0,0.277400796654451
203,8,4,top,top,large,television,large,television,0.215686274509804,0.476190476190476,-7.66074,2114,1.65,3.37,1729,3.45,4.83,0.215686274509804,0.476190476190476,0.277400796654451
209,8,1,top,low,frozen,river,frozen,river,0.24,0.754716981132076,-9.29133,782,2.35,4.34,2829,1.3,4.89,0.16,0,0.715174613017413
209,8,2,top,top,frozen,lake,frozen,lake,0.24,0.754716981132076,-9.29133,782,2.35,4.34,1836,1,4.88,0.24,0.754716981132076,0.715174613017413
209,8,3,low,low,mighty,river,mighty,river,0.24,0.4,-10.57048,1355,1.75,2.61,2829,1.3,4.89,0.16,0.4,0.551918757563826
209,8,4,low,top,mighty,lake,mighty,lake,0.24,0.4,-10.57048,1355,1.75,2.61,1836,1,4.88,0.24,0.0181818181818182,0.551918757563826
216,6,1,top,low,smelly,hat,smelly,hat,0.26,0.51063829787234,-13.66564,211,1.8,3.07,3273,1,4.88,0.16,0,0.930761341406635
216,6,2,top,top,smelly,shoes,smelly,shoe,0.26,0.51063829787234,-13.66564,211,1.8,3.07,3782,1.5,4.97,0.22,0.51063829787234,0.930761341406635
216,6,3,low,low,hard,hat,hard,hat,0.26,0.781818181818182,-6.830287,15700,1,3.76,3273,1,4.88,0.16,0.781818181818182,0.98124329129236
216,6,4,low,top,hard,shoes,hard,shoe,0.26,0.781818181818182,-6.830287,15700,1,3.76,3782,1.5,4.97,0.22,0.0545454545454545,0.98124329129236
223,7,1,low,top,advent,picture,advent,picture,0.294117647058824,0.8,-11.56848,24,1.95,2.48,7061,2.4,4.52,0.294117647058824,0.0363636363636364,1.59894671509609
223,7,2,top,low,framed,calendar,fram,calendar,0.294117647058824,0.622222222222222,-10.16283,284,1.65,,363,2.75,4.62,0.0196078431372549,0,0.40341709914015
223,7,3,top,top,framed,picture,fram,picture,0.294117647058824,0.622222222222222,-10.16283,284,1.65,,7061,2.4,4.52,0.294117647058824,0.622222222222222,0.40341709914015
223,7,4,low,low,advent,calendar,advent,calendar,0.294117647058824,0.8,-11.56848,24,1.95,2.48,363,2.75,4.62,0.0196078431372549,0.8,1.59894671509609
224,8,1,low,top,wooded,street,wooded,street,0.362068965517241,0.34,-6.3285,17,1.8,4.46,7557,1.85,4.75,0.362068965517241,0.14,0.685851582792088
224,8,2,top,low,residential,lot,residential,lot,0.362068965517241,0.584905660377359,-3.32976,91,3.4,2.62,29066,1,3.7,0.0172413793103448,0.0566037735849057,0.364847787113971
224,8,3,top,top,residential,street,residential,street,0.362068965517241,0.584905660377359,-3.32976,91,3.4,2.62,7557,1.85,4.75,0.362068965517241,0.584905660377359,0.364847787113971
224,8,4,low,low,wooded,lot,wooded,lot,0.362068965517241,0.34,-6.3285,17,1.8,4.46,29066,1,3.7,0.0172413793103448,0.34,0.685851582792088
225,14,1,top,low,hot,soup,hot,soup,0.916666666666667,0.955555555555556,-3.160542,9682,1,4.31,1285,1.4,4.72,0.0208333333333333,0.0222222222222222,0.0241789464271933
225,14,2,top,top,hot,coffee,hot,coffee,0.916666666666667,0.955555555555556,-3.160542,9682,1,4.31,7371,2,4.81,0.916666666666667,0.955555555555556,0.0241789464271933
225,14,3,low,low,hearty,soup,hearty,soup,0.916666666666667,0.745454545454546,-12.7107,99,1.85,2.55,1285,1.4,4.72,0.0208333333333333,0.745454545454546,1.69343781381528
225,14,4,low,top,hearty,coffee,hearty,coffee,0.916666666666667,0.745454545454546,-12.7107,99,1.85,2.55,7371,2,4.81,0.916666666666667,0.218181818181818,1.69343781381528
229,7,1,low,top,unpleasant,flood,unpleasant,flood,0.5,0.48,-12.87944,311,3.7,1.91,291,1.75,4.62,0.5,0,1.79615992460314
229,7,2,top,low,massive,smell,massive,smell,0.5,0.456521739130435,-2.65858,508,2.15,3.21,4240,1.45,3.7,0.02,0,0.132493008585356
229,7,3,top,top,massive,flood,massive,flood,0.5,0.456521739130435,-2.65858,508,2.15,3.21,291,1.75,4.62,0.5,0.456521739130435,0.132493008585356
229,7,4,low,low,unpleasant,smell,unpleasant,smell,0.5,0.48,-12.87944,311,3.7,1.91,4240,1.45,3.7,0.02,0.48,1.79615992460314
233,6,1,low,top,revolving,window,revolving,window,0.375,0.934782608695652,-9.85852,51,2.25,3.54,4386,1.95,4.86,0.375,0.0217391304347826,0.793811422080228
233,6,2,top,low,glass,door,glass,door,0.375,0.617021276595745,-7.18324,3096,1.75,4.82,14895,1.35,4.81,0.208333333333333,0.148936170212766,0.251576930806526
233,6,3,top,top,glass,window,glass,window,0.375,0.617021276595745,-7.18324,3096,1.75,4.82,4386,1.95,4.86,0.375,0.617021276595745,0.251576930806526
233,6,4,low,low,revolving,door,revolving,door,0.375,0.934782608695652,-9.85852,51,2.25,3.54,14895,1.35,4.81,0.208333333333333,0.934782608695652,0.793811422080228
234,12,1,top,low,tall,path,tall,path,0.411764705882353,0.625,-8.40883,1649,1,3.36,1252,1.1,4.41,0.0196078431372549,0,0.609113844996538
234,12,2,top,top,tall,hill,tall,hill,0.411764705882353,0.625,-8.40883,1649,1,3.36,1915,1,4.93,0.235294117647059,0.625,0.609113844996538
234,12,3,low,low,narrow,path,narrow,path,0.411764705882353,0.5,-4.75361,358,1.65,3.04,1252,1.1,4.41,0.0196078431372549,0.5,0.8793430614897
234,12,4,low,top,narrow,hill,narrow,hill,0.411764705882353,0.5,-4.75361,358,1.65,3.04,1915,1,4.93,0.235294117647059,0.0217391304347826,0.8793430614897
235,6,1,top,top,dairy,cows,dairy,cow,0.2,0.803921568627451,-8.69482,142,1.7,4.45,480,1,4.96,0.2,0.803921568627451,0.817082535136239
235,6,2,low,low,poor,family,poor,family,0.2,0.474747474747475,-6.94292,6583,1.3,2.7,18067,2,4.23,0.16,0.474747474747475,0.512732370178167
235,6,3,low,top,poor,cows,poor,cow,0.2,0.474747474747475,-6.94292,6583,1.3,2.7,480,1,4.96,0.2,0.0202020202020202,0.512732370178167
235,6,4,top,low,dairy,family,dairy,family,0.2,0.803921568627451,-8.69482,142,1.7,4.45,18067,2,4.23,0.16,0,0.817082535136239
237,12,1,top,low,snotty,balloon,snotty,balloon,0.9375,0.981481481481481,-16.14116,65,1.8,2.39,442,2.1,4.92,0.0208333333333333,0,0.0277605022480929
237,12,2,top,top,snotty,nose,snotty,nose,0.9375,0.981481481481481,-16.14116,65,1.8,2.39,3557,1,4.89,0.9375,0.981481481481481,0.0277605022480929
237,12,3,low,low,inflated,balloon,inflate,balloon,0.9375,0.636363636363636,-12.46505,26,2.2,3.34,442,2.1,4.92,0.0208333333333333,0.340909090909091,0.484431681529278
237,12,4,low,top,inflated,nose,inflate,nose,0.9375,0.636363636363636,-12.46505,26,2.2,3.34,3557,1,4.89,0.9375,0.636363636363636,0.484431681529278
240,6,1,top,top,bearded,chin,bearded,chin,0.741379310344828,0.954545454545455,-10.89483,65,1.9,4.62,647,1,4.89,0.741379310344828,0.954545454545455,0.142707304054506
240,6,2,low,low,outstretched,arm,outstretched,arm,0.741379310344828,0.48,-8.22551,20,4.65,3.3,3336,1,4.96,0.120689655172414,0.48,0.564061234201295
240,6,3,low,top,outstretched,chin,outstretched,chin,0.741379310344828,0.48,-8.22551,20,4.65,3.3,647,1,4.89,0.741379310344828,0.3,0.564061234201295
240,6,4,top,low,bearded,arm,bearded,arm,0.741379310344828,0.954545454545455,-10.89483,65,1.9,4.62,3336,1,4.96,0.120689655172414,0,0.142707304054506
241,6,1,top,top,kiddie,pool,kid,pool,0.344827586206897,0.938775510204082,-9.94941,68,1.95,4.56,2396,1.1,4.77,0.344827586206897,0.938775510204082,0.475782148856542
241,6,2,low,low,brick,wall,brick,wall,0.344827586206897,0.91304347826087,-6.7475,519,1.4,4.83,3605,1,4.86,0.103448275862069,0.91304347826087,1.18844077254843
241,6,3,low,top,brick,pool,brick,pool,0.344827586206897,0.91304347826087,-6.7475,519,1.4,4.83,2396,1.1,4.77,0.344827586206897,0,1.18844077254843
241,6,4,top,low,kiddie,wall,kid,wall,0.344827586206897,0.938775510204082,-9.94941,68,1.95,4.56,3605,1,4.86,0.103448275862069,0,0.475782148856542
242,8,1,top,top,diseased,rats,disease,rat,0.482758620689655,0.468085106382979,-10.20108,58,2.4,3.45,848,1,4.85,0.482758620689655,0.468085106382979,0.384949168007151
242,8,2,low,low,stray,cat,stray,cat,0.482758620689655,0.404761904761905,-8.09312,272,1.55,2.76,3383,1,4.86,0,0.404761904761905,0.947737558412325
242,8,3,low,top,stray,rats,stray,rat,0.482758620689655,0.404761904761905,-8.09312,272,1.55,2.76,848,1,4.85,0.482758620689655,0.19047619047619,0.947737558412325
242,8,4,top,low,diseased,cat,disease,cat,0.482758620689655,0.468085106382979,-10.20108,58,2.4,3.45,3383,1,4.86,0,0.0212765957446809,0.384949168007151
246,14,1,top,top,thick,blanket,thick,blanket,0.948275862068965,0.933333333333333,-8.981196,713,1.6,4,662,1.9,5,0.948275862068965,0.933333333333333,0.0315236591516531
246,14,2,low,low,knitted,sweater,knit,sweater,0.948275862068965,0.64,-11.79882,33,1.9,4.41,704,1.75,4.78,0,0.18,0.395839867649472
246,14,3,low,top,knitted,blanket,knit,blanket,0.948275862068965,0.64,-11.79882,33,1.9,4.41,662,1.9,5,0.948275862068965,0.64,0.395839867649472
246,14,4,top,low,thick,sweater,thick,sweater,0.948275862068965,0.933333333333333,-8.981196,713,1.6,4,704,1.75,4.78,0,0,0.0315236591516531
248,6,1,top,top,breast,milk,breast,milk,0.88,1,-5.28842,457,1.8,4.89,2169,1.2,4.92,0.88,1,0.0418532859032571
248,6,2,low,low,broccoli,soup,broccoli,soup,0.88,0.5,-8.65001,116,3.65,4.87,1285,1.4,4.72,0.02,0.5,1.38290842660304
248,6,3,low,top,broccoli,milk,broccoli,milk,0.88,0.5,-8.65001,116,3.65,4.87,2169,1.2,4.92,0.88,0,1.38290842660304
248,6,4,top,low,breast,soup,breast,soup,0.88,1,-5.28842,457,1.8,4.89,1285,1.4,4.72,0.02,0,0.0418532859032571
250,10,1,top,low,library,gift,library,gift,0.208333333333333,0.886363636363636,-8.04976,1170,2.9,4.8,3290,1.5,4.56,0.0208333333333333,0,0.672747183466837
250,10,2,top,top,library,book,library,book,0.208333333333333,0.886363636363636,-8.04976,1170,2.9,4.8,9026,1,4.9,0.208333333333333,0.886363636363636,0.672747183466837
250,10,3,low,low,generous,gift,generous,gift,0.208333333333333,0.439024390243902,-11.45336,852,2.75,2.25,3290,1.5,4.56,0.0208333333333333,0.439024390243902,0.972211386465765
250,10,4,low,top,generous,book,generous,book,0.208333333333333,0.439024390243902,-11.45336,852,2.75,2.25,9026,1,4.9,0.208333333333333,0,0.972211386465765
251,10,1,top,low,corporate,party,corporate,party,0.3,0.604166666666667,-10.76927,521,2.8,2.27,11890,1.3,3.89,0.06,0.0208333333333333,0.317694297434899
251,10,2,top,top,corporate,meeting,corporate,meeting,0.3,0.604166666666667,-10.76927,521,2.8,2.27,6752,1.85,3.31,0.3,0.604166666666667,0.317694297434899
251,10,3,low,low,birthday,party,birthday,party,0.3,0.904761904761905,-10.05291,4958,3.4,3.2,11890,1.3,3.89,0.06,0.904761904761905,1.26317215354906
251,10,4,low,top,birthday,meeting,birthday,meeting,0.3,0.904761904761905,-10.05291,4958,3.4,3.2,6752,1.85,3.31,0.3,0,1.26317215354906
253,8,1,low,low,slimy,worm,slimy,worm,0.823529411764706,0.636363636363636,-9.02462,159,1.85,3.26,516,1.45,4.9,0.0196078431372549,0.272727272727273,0.329472473649831
253,8,2,low,top,slimy,fish,slimy,fish,0.823529411764706,0.636363636363636,-9.02462,159,1.85,3.26,4258,1.5,5,0.823529411764706,0.636363636363636,0.329472473649831
253,8,3,top,low,floppy,worm,floppy,worm,0.823529411764706,0.87037037037037,-11.8302,58,1.95,3.81,516,1.45,4.9,0.0196078431372549,0.037037037037037,0.0606087628838275
253,8,4,top,top,floppy,fish,floppy,fish,0.823529411764706,0.87037037037037,-11.8302,58,1.95,3.81,4258,1.5,5,0.823529411764706,0.87037037037037,0.0606087628838275
260,19,1,top,top,post,office,post,office,0.189655172413793,0.818181818181818,-6.875847,1654,1,4.3,10399,2.45,4.93,0.137931034482759,0.818181818181818,0.748262091053562
260,19,2,low,low,retail,store,retail,store,0.189655172413793,0.810344827586207,-10.86484,118,1.85,2.92,4178,1.1,4.5,0.0172413793103448,0.810344827586207,1.71785320450351
260,19,3,low,top,retail,office,retail,office,0.189655172413793,0.810344827586207,-10.86484,118,1.85,2.92,10399,2.45,4.93,0.137931034482759,0,1.71785320450351
260,19,4,top,low,post,store,post,store,0.189655172413793,0.818181818181818,-6.875847,1654,1,4.3,4178,1.1,4.5,0.0172413793103448,0,0.748262091053562
262,11,1,top,low,soccer,athletes,soccer,athlete,0.0689655172413793,0.854166666666667,-7.90134,640,2,4.76,157,2.8,4.3,0.0517241379310345,0,0.915511465290202
262,11,2,top,top,soccer,players,soccer,player,0.0689655172413793,0.854166666666667,-7.90134,640,2,4.76,875,1.75,4.15,0.0689655172413793,0.854166666666667,0.915511465290202
262,11,3,low,low,collegiate,athletes,collegiate,athlete,0.0689655172413793,0.533333333333333,-9.25374,25,3.8,3.32,157,2.8,4.3,0.0517241379310345,0.533333333333333,0.594693291569405
262,11,4,low,top,collegiate,players,collegiate,player,0.0689655172413793,0.533333333333333,-9.25374,25,3.8,3.32,875,1.75,4.15,0.0689655172413793,0.155555555555556,0.594693291569405
263,18,1,low,low,tea,party,tea,party,0.416666666666667,0.729166666666667,-9.12676,2990,1,4.69,11890,1.3,3.89,0.0208333333333333,0.729166666666667,1.43186560620151
263,18,2,low,top,tea,movie,tea,movie,0.416666666666667,0.729166666666667,-9.12676,2990,1,4.69,6271,1.85,4.59,0.416666666666667,0,1.43186560620151
263,18,3,top,low,scary,party,scary,party,0.416666666666667,0.81578947368421,-11.97305,1336,1.65,3,11890,1.3,3.89,0.0208333333333333,0,0.323708716088459
263,18,4,top,top,scary,movie,scary,movie,0.416666666666667,0.81578947368421,-11.97305,1336,1.65,3,6271,1.85,4.59,0.416666666666667,0.81578947368421,0.323708716088459
265,6,1,top,low,onion,parade,onion,parade,0.32,0.755102040816326,-11.11138,216,1.85,4.86,657,1.8,4.54,0.06,0,0.411472599409623
265,6,2,top,top,onion,festival,onion,festival,0.32,0.755102040816326,-11.11138,216,1.85,4.86,505,3.05,4.33,0.32,0.755102040816326,0.411472599409623
265,6,3,low,low,military,parade,military,parade,0.32,0.589285714285714,-8.51516,2103,2.7,4,657,1.8,4.54,0.06,0.589285714285714,0.909359979264819
265,6,4,low,top,military,festival,military,festival,0.32,0.589285714285714,-8.51516,2103,2.7,4,505,3.05,4.33,0.32,0,0.909359979264819
267,9,1,top,top,sub,sandwich,sub,sandwich,0.2,0.92156862745098,-7.666602,390,1,3.46,1118,3.5,4.9,0.2,0.92156862745098,0.801927600676573
267,9,2,low,low,aged,cheese,aged,cheese,0.2,0.693877551020408,-11.16579,183,1.3,3.14,1991,1.85,4.7,0.2,0.693877551020408,0.444700497047521
267,9,3,low,top,aged,sandwich,aged,sandwich,0.2,0.693877551020408,-11.16579,183,1.3,3.14,1118,3.5,4.9,0.2,0.0408163265306122,0.444700497047521
267,9,4,top,low,sub,cheese,sub,cheese,0.2,0.92156862745098,-7.666602,390,1,3.46,1991,1.85,4.7,0.2,0,0.801927600676573
268,12,1,top,low,narrow,alley,narrow,alley,0.470588235294118,0.608695652173913,-5.82439,358,1.65,3.04,831,1.55,4.82,0.0980392156862745,0.173913043478261,0.173179856209145
268,12,2,top,top,narrow,hallway,narrow,hallway,0.470588235294118,0.608695652173913,-5.82439,358,1.65,3.04,487,2.55,4.74,0.470588235294118,0.608695652173913,0.173179856209145
268,12,3,low,low,dark,alley,dark,alley,0.470588235294118,0.428571428571429,-5.232142,4519,1,4.29,831,1.55,4.82,0.0980392156862745,0.428571428571429,0.394066722323923
268,12,4,low,top,dark,hallway,dark,hallway,0.470588235294118,0.428571428571429,-5.232142,4519,1,4.29,487,2.55,4.74,0.470588235294118,0.285714285714286,0.394066722323923
270,11,1,top,top,diagnostic,tool,diagnostic,tool,0.291666666666667,0.521739130434783,-11.07454,72,3.4,2.47,548,1.3,4.6,0.291666666666667,0.521739130434783,0.360137208026808
270,11,2,low,low,ink,pen,ink,pen,0.291666666666667,0.321428571428571,-11.464274,382,1,4.56,1261,1,4.92,0,0.321428571428571,1.11702801919651
270,11,3,low,top,ink,tool,ink,tool,0.291666666666667,0.321428571428571,-11.464274,382,1,4.56,548,1.3,4.6,0.291666666666667,0,1.11702801919651
270,11,4,top,low,diagnostic,pen,diagnostic,pen,0.291666666666667,0.521739130434783,-11.07454,72,3.4,2.47,1261,1,4.92,0,0,0.360137208026808
271,10,1,low,low,unfinished,basement,unfinished,basement,0.541666666666667,0.489795918367347,-9.3539,179,3.15,2.34,1074,2.45,4.89,0.0833333333333333,0.489795918367347,0.523994874965416
271,10,2,low,top,unfinished,attic,unfinished,attic,0.541666666666667,0.489795918367347,-9.3539,179,3.15,2.34,400,1.85,4.53,0.541666666666667,0.224489795918367,0.523994874965416
271,10,3,top,low,dusty,basement,dusty,basement,0.541666666666667,0.788461538461538,-7.91272,283,1.55,3.79,1074,2.45,4.89,0.0833333333333333,0.0384615384615385,0.19899977237448
271,10,4,top,top,dusty,attic,dusty,attic,0.541666666666667,0.788461538461538,-7.91272,283,1.55,3.79,400,1.85,4.53,0.541666666666667,0.788461538461538,0.19899977237448
272,13,1,low,top,messenger,lunch,messenger,lunch,0.941176470588235,0.829268292682927,-10.83857,411,2.95,3.89,5310,1.65,4.31,0.941176470588235,0,1.99055551514104
272,13,2,top,low,delicious,bag,delicious,bag,0.941176470588235,0.981481481481481,-11.61512,1098,2.65,2.43,4796,1,4.9,0.0392156862745098,0,0.0303621972444795
272,13,3,top,top,delicious,lunch,delicious,lunch,0.941176470588235,0.981481481481481,-11.61512,1098,2.65,2.43,5310,1.65,4.31,0.941176470588235,0.981481481481481,0.0303621972444795
272,13,4,low,low,messenger,bag,messenger,bag,0.941176470588235,0.829268292682927,-10.83857,411,2.95,3.89,4796,1,4.9,0.0392156862745098,0.829268292682927,1.99055551514104
277,13,1,low,low,wireless,microphone,wireless,microphone,0.803921568627451,0.365384615384615,-10.25988,135,2.45,3.57,232,3.65,4.88,0.0196078431372549,0.365384615384615,1.20922997913473
277,13,2,low,top,wireless,guitar,wireless,guitar,0.803921568627451,0.365384615384615,-10.25988,135,2.45,3.57,795,2.55,4.9,0.803921568627451,0.115384615384615,1.20922997913473
277,13,3,top,low,acoustic,microphone,acoustic,microphone,0.803921568627451,1,-5.04297,49,2.8,3.28,232,3.65,4.88,0.0196078431372549,0,0.0661135015301331
277,13,4,top,top,acoustic,guitar,acoustic,guitar,0.803921568627451,1,-5.04297,49,2.8,3.28,795,2.55,4.9,0.803921568627451,1,0.0661135015301331
280,7,1,low,top,whole,car,whole,car,0.275862068965517,0.60655737704918,-5.67327,19660,1.7,3.25,24636,1,4.89,0.275862068965517,0,0.98581844454751
280,7,2,top,low,speedy,house,speedy,house,0.275862068965517,0.541666666666667,-15.38014,100,1.8,2.93,26214,1.35,5,0.0344827586206897,0,0.545073122906105
280,7,3,top,top,speedy,car,speedy,car,0.275862068965517,0.541666666666667,-15.38014,100,1.8,2.93,24636,1,4.89,0.275862068965517,0.541666666666667,0.545073122906105
280,7,4,low,low,whole,house,whole,house,0.275862068965517,0.60655737704918,-5.67327,19660,1.7,3.25,26214,1.35,5,0.0344827586206897,0.60655737704918,0.98581844454751
281,14,1,low,top,upper,rooms,upper,room,0.6,0.333333333333333,-9.09594,616,1.85,3.37,1326,1.4,4.79,0.6,0.333333333333333,0.505532506679545
281,14,2,top,low,furnished,floors,furnish,floor,0.6,0.785714285714286,-11.87346,62,2.45,3.75,407,1.85,4.8,0.04,0,0.154504388247311
281,14,3,top,top,furnished,rooms,furnish,room,0.6,0.785714285714286,-11.87346,62,2.45,3.75,1326,1.4,4.79,0.6,0.785714285714286,0.154504388247311
281,14,4,low,low,upper,floors,upper,floor,0.6,0.333333333333333,-9.09594,616,1.85,3.37,407,1.85,4.8,0.04,0.274509803921569,0.505532506679545
284,10,1,low,top,nightmarish,sleep,nightmarish,sleep,0.1875,0.285714285714286,-15.95331,11,4.6,2,11625,1.45,4.44,0.104166666666667,0,0.62661473014504
284,10,2,top,low,fitful,dreams,fitful,dream,0.1875,0.241379310344828,-17.4354,2,2.3,2.56,3285,1.65,2.6,0,0.0172413793103448,0.473516665814438
284,10,3,top,top,fitful,sleep,fitful,sleep,0.1875,0.241379310344828,-17.4354,2,2.3,2.56,11625,1.45,4.44,0.104166666666667,0.241379310344828,0.473516665814438
284,10,4,low,low,nightmarish,dreams,nightmarish,dream,0.1875,0.285714285714286,-15.95331,11,4.6,2,3285,1.65,2.6,0,0.285714285714286,0.62661473014504
286,9,1,top,low,cashmere,slippers,cashmere,slipper,0.354166666666667,0.964912280701754,-9.70922,77,2.85,4.72,263,1.65,4.86,0,0,0.855863564359345
286,9,2,top,top,cashmere,sweater,cashmere,sweater,0.354166666666667,0.964912280701754,-9.70922,77,2.85,4.72,704,1.75,4.78,0.3125,0.964912280701754,0.855863564359345
286,9,3,low,low,fuzzy,slippers,fuzzy,slipper,0.354166666666667,0.304347826086957,-8.82963,297,1.7,3.96,263,1.65,4.86,0,0.260869565217391,0.845086121823788
286,9,4,low,top,fuzzy,sweater,fuzzy,sweater,0.354166666666667,0.304347826086957,-8.82963,297,1.7,3.96,704,1.75,4.78,0.3125,0.304347826086957,0.845086121823788
288,11,1,low,top,serial,name,serial,name,0.274509803921569,0.947368421052632,-9.176516,577,1.9,2.44,32735,1.15,3.5,0.274509803921569,0,1.22870856692343
288,11,2,top,low,maiden,number,maiden,number,0.274509803921569,0.813953488372093,-9.59242,282,1.9,4.24,12288,1.75,3.3,0.137254901960784,0,0.733920740480948
288,11,3,top,top,maiden,name,maiden,name,0.274509803921569,0.813953488372093,-9.59242,282,1.9,4.24,32735,1.15,3.5,0.274509803921569,0.813953488372093,0.733920740480948
288,11,4,low,low,serial,number,serial,number,0.274509803921569,0.947368421052632,-9.176516,577,1.9,2.44,12288,1.75,3.3,0.137254901960784,0.947368421052632,1.22870856692343
289,8,1,top,low,bowtie,sauce,bowtie,sauce,0.362068965517241,0.804878048780488,-13.86162,6,1.9,4.89,795,1.75,4.75,0.0344827586206897,0,0.316703401469038
289,8,2,top,top,bowtie,pasta,bowtie,pasta,0.362068965517241,0.804878048780488,-13.86162,6,1.9,4.89,216,1.5,4.86,0.362068965517241,0.804878048780488,0.316703401469038
289,8,3,low,low,pesto,sauce,pesto,sauce,0.362068965517241,0.390243902439024,-8.05897,25,1.7,4.46,795,1.75,4.75,0.0344827586206897,0.390243902439024,0.520179664551609
289,8,4,low,top,pesto,pasta,pesto,pasta,0.362068965517241,0.390243902439024,-8.05897,25,1.7,4.46,216,1.5,4.86,0.362068965517241,0.317073170731707,0.520179664551609
290,9,1,low,low,favorite,toy,favorite,toy,0.5,0.523809523809524,-4.41836,3032,2.65,2.71,859,1,4.93,0.104166666666667,0.523809523809524,0.817576525228519
290,9,2,low,top,favorite,phone,favorite,phone,0.5,0.523809523809524,-4.41836,3032,2.65,2.71,13756,1.55,4.86,0.5,0,0.817576525228519
290,9,3,top,low,smart,toy,smart,toy,0.5,0.982758620689655,-6.6551,4909,1.7,1.75,859,1,4.93,0.104166666666667,0,0.401153179746809
290,9,4,top,top,smart,phone,smart,phone,0.5,0.982758620689655,-6.6551,4909,1.7,1.75,13756,1.55,4.86,0.5,0.982758620689655,0.401153179746809
293,10,1,top,top,blue,sky,blue,sky,0.0980392156862745,0.645833333333333,-7.691085,5222,1.55,3.76,2285,1.45,4.45,0.0980392156862745,0.645833333333333,0.540249922731707
293,10,2,low,low,gorgeous,women,gorgeous,woman,0.0980392156862745,0.404761904761905,-9.39322,1227,2.9,2.25,9978,1.75,4.46,0,0.404761904761905,0.698254606882662
293,10,3,low,top,gorgeous,sky,gorgeous,sky,0.0980392156862745,0.404761904761905,-9.39322,1227,2.9,2.25,2285,1.45,4.45,0.0980392156862745,0,0.698254606882662
293,10,4,top,low,blue,women,blue,woman,0.0980392156862745,0.645833333333333,-7.691085,5222,1.55,3.76,9978,1.75,4.46,0,0,0.540249922731707
295,7,1,low,low,bright,light,bright,light,0.254901960784314,0.688888888888889,-8.25524,2265,1.65,3.92,8425,1.2,4.21,0.0980392156862745,0.688888888888889,0.836352366326183
295,7,2,low,top,bright,web,bright,web,0.254901960784314,0.688888888888889,-8.25524,2265,1.65,3.92,470,1.3,4.37,0.254901960784314,0.0222222222222222,0.836352366326183
295,7,3,top,low,spider,light,spider,light,0.254901960784314,1,-5.53665,515,1.65,4.97,8425,1.2,4.21,0.0980392156862745,0,0.755757354317189
295,7,4,top,top,spider,web,spider,web,0.254901960784314,1,-5.53665,515,1.65,4.97,470,1.3,4.37,0.254901960784314,1,0.755757354317189
299,5,1,low,low,funny,joke,funny,joke,0.916666666666667,0.673913043478261,-9.24893,11127,1.5,2.5,3724,1.05,2.9,0.0625,0.673913043478261,1.99932230422312
299,5,2,low,top,funny,lie,funny,lie,0.916666666666667,0.673913043478261,-9.24893,11127,1.5,2.5,6133,1,3.11,0.916666666666667,0,1.99932230422312
299,5,3,top,low,deliberate,joke,deliberate,joke,0.916666666666667,0.92156862745098,-10.69696,145,2.8,1.78,3724,1.05,2.9,0.0625,0.0392156862745098,0.021980300297828
299,5,4,top,top,deliberate,lie,deliberate,lie,0.916666666666667,0.92156862745098,-10.69696,145,2.8,1.78,6133,1,3.11,0.916666666666667,0.92156862745098,0.021980300297828
301,7,1,low,top,packed,keys,pack,key,0.196078431372549,0.6875,-10.5547,904,1.35,3.83,2601,1.85,4.89,0.176470588235294,0,0.953971090136155
301,7,2,top,low,office,lunch,office,lunch,0.196078431372549,0.558139534883721,-8.11035,10399,2.45,4.93,5310,1.65,4.31,0.0784313725490196,0,0.482912412094277
301,7,3,top,top,office,keys,office,key,0.196078431372549,0.558139534883721,-8.11035,10399,2.45,4.93,2601,1.85,4.89,0.176470588235294,0.558139534883721,0.482912412094277
301,7,4,low,low,packed,lunch,pack,lunch,0.196078431372549,0.6875,-10.5547,904,1.35,3.83,5310,1.65,4.31,0.0784313725490196,0.6875,0.953971090136155
302,11,1,low,low,fresh,mint,fresh,mint,0.274509803921569,0.264150943396226,-7.21082,2780,1.85,1.97,277,1,4.54,0.0196078431372549,0.264150943396226,0.857495844833491
302,11,2,low,top,fresh,dollar,fresh,dollar,0.274509803921569,0.264150943396226,-7.21082,2780,1.85,1.97,1410,1.9,4.93,0.274509803921569,0.0188679245283019,0.857495844833491
302,11,3,top,low,single,mint,single,mint,0.274509803921569,0.473684210526316,-5.25633,3676,1.45,3.27,277,1,4.54,0.0196078431372549,0,0.38700665212235
302,11,4,top,top,single,dollar,single,dollar,0.274509803921569,0.473684210526316,-5.25633,3676,1.45,3.27,1410,1.9,4.93,0.274509803921569,0.473684210526316,0.38700665212235
303,11,1,top,top,specific,symptoms,specific,symptom,0.0833333333333333,0.333333333333333,-7.56203,908,2.8,2.18,407,3.5,3.19,0.0833333333333333,0.333333333333333,0.402975109480202
303,11,2,low,low,pregnancy,test,pregnancy,test,0.0833333333333333,0.614035087719298,-6.70149,334,3.6,4.31,4288,1,3.93,0.0208333333333333,0.614035087719298,1.14172801636648
303,11,3,low,top,pregnancy,symptoms,pregnancy,symptom,0.0833333333333333,0.614035087719298,-6.70149,334,3.6,4.31,407,3.5,3.19,0.0833333333333333,0,1.14172801636648
303,11,4,top,low,specific,test,specific,test,0.0833333333333333,0.333333333333333,-7.56203,908,2.8,2.18,4288,1,3.93,0.0208333333333333,0,0.402975109480202
305,9,1,top,low,premature,dog,premature,dog,0.551724137931035,0.883720930232558,-12.19742,177,2.9,2.72,9835,1,4.85,0.189655172413793,0.0232558139534884,0.211906760427013
305,9,2,top,top,premature,baby,premature,baby,0.551724137931035,0.883720930232558,-12.19742,177,2.9,2.72,25978,1.7,5,0.551724137931035,0.883720930232558,0.211906760427013
305,9,3,low,low,trained,dog,train,dog,0.551724137931035,0.538461538461538,-12.96092,962,1.65,4.79,9835,1,4.85,0.189655172413793,0.538461538461538,0.777984353418838
305,9,4,low,top,trained,baby,train,baby,0.551724137931035,0.538461538461538,-12.96092,962,1.65,4.79,25978,1.7,5,0.551724137931035,0,0.777984353418838
306,7,1,top,top,twin,bed,twin,bed,0.901960784313725,0.886363636363636,-13.07991,532,1.4,4.17,9543,1,5,0.901960784313725,0.886363636363636,0.0716705717435597
306,7,2,low,low,picnic,table,picnic,table,0.901960784313725,0.92156862745098,-11.6522,596,2.6,4.83,5387,1.5,4.9,0.0392156862745098,0.92156862745098,2.2580185612265
306,7,3,low,top,picnic,bed,picnic,bed,0.901960784313725,0.92156862745098,-11.6522,596,2.6,4.83,9543,1,5,0.901960784313725,0,2.2580185612265
306,7,4,top,low,twin,table,twin,table,0.901960784313725,0.886363636363636,-13.07991,532,1.4,4.17,5387,1.5,4.9,0.0392156862745098,0,0.0716705717435597
309,8,1,low,low,waiting,room,waiting,room,0.56140350877193,0.944444444444444,-5.79464,10767,1.5,2.7,22415,1.1,4.79,0.105263157894737,0.944444444444444,1.24389291611552
309,8,2,low,top,waiting,crib,waiting,crib,0.56140350877193,0.944444444444444,-5.79464,10767,1.5,2.7,316,1.6,4.86,0.56140350877193,0.0277777777777778,1.24389291611552
309,8,3,top,low,little,room,little,room,0.56140350877193,0.661290322580645,-6.97167,73766,1.85,3.67,22415,1.1,4.79,0.105263157894737,0.0161290322580645,0.166607836701893
309,8,4,top,top,little,crib,little,crib,0.56140350877193,0.661290322580645,-6.97167,73766,1.85,3.67,316,1.6,4.86,0.56140350877193,0.661290322580645,0.166607836701893
311,11,1,top,top,developing,storm,develop,storm,0.313725490196078,0.584905660377359,-10.5736,286,3.1,1.87,1574,1.75,4.7,0.313725490196078,0.584905660377359,0.311222000138826
311,11,2,low,low,rapid,flood,rapid,flood,0.313725490196078,0.5,-8.45413,223,1.7,3.07,291,1.75,4.62,0.0980392156862745,0.5,0.5680355936316
311,11,3,low,top,rapid,storm,rapid,storm,0.313725490196078,0.5,-8.45413,223,1.7,3.07,1574,1.75,4.7,0.313725490196078,0.24,0.5680355936316
311,11,4,top,low,developing,flood,develop,flood,0.313725490196078,0.584905660377359,-10.5736,286,3.1,1.87,291,1.75,4.62,0.0980392156862745,0.0188679245283019,0.311222000138826
315,4,1,top,low,short,air,short,air,0.145833333333333,0.619047619047619,-7.039203,4367,1.4,3.61,7090,1,4.11,0.0208333333333333,0,0.376074680750198
315,4,2,top,top,short,skirt,short,skirt,0.145833333333333,0.619047619047619,-7.039203,4367,1.4,3.61,508,1.75,4.82,0.145833333333333,0.619047619047619,0.376074680750198
315,4,3,low,low,dry,air,dry,air,0.145833333333333,0.378378378378378,-7.159922,2184,1.3,3.77,7090,1,4.11,0.0208333333333333,0.351351351351351,0.603759863030867
315,4,4,low,top,dry,skirt,dry,skirt,0.145833333333333,0.378378378378378,-7.159922,2184,1.3,3.77,508,1.75,4.82,0.145833333333333,0,0.603759863030867
316,10,1,top,low,eerie,murder,eerie,murder,0.1,0.347826086956522,-8.00667,89,1.95,1.63,5717,1.85,3.61,0.02,0,0.495158869112823
316,10,2,top,top,eerie,ghost,eerie,ghost,0.1,0.347826086956522,-8.00667,89,1.95,1.63,1866,1.85,3.19,0.1,0.347826086956522,0.495158869112823
316,10,3,low,low,gruesome,murder,gruesome,murder,0.1,0.386363636363636,-8.89513,104,3.4,2.72,5717,1.85,3.61,0.02,0.386363636363636,0.567885110819751
316,10,4,low,top,gruesome,ghost,gruesome,ghost,0.1,0.386363636363636,-8.89513,104,3.4,2.72,1866,1.85,3.19,0.1,0.0227272727272727,0.567885110819751
322,10,1,top,top,detailed,map,detailed,map,0.541666666666667,0.716981132075472,-8.75773,200,2.15,2.27,1623,1,4.93,0.541666666666667,0.716981132075472,0.508607255064546
322,10,2,low,low,magnetic,compass,magnetic,compass,0.541666666666667,0.888888888888889,-10.2456,215,2.5,3.4,207,2.15,4.66,0.208333333333333,0.888888888888889,0.973573776445345
322,10,3,low,top,magnetic,map,magnetic,map,0.541666666666667,0.888888888888889,-10.2456,215,2.5,3.4,1623,1,4.93,0.541666666666667,0,0.973573776445345
322,10,4,top,low,detailed,compass,detailed,compass,0.541666666666667,0.716981132075472,-8.75773,200,2.15,2.27,207,2.15,4.66,0.208333333333333,0,0.508607255064546
323,9,1,low,top,waterproof,umbrella,waterproof,umbrella,0.84,0.575,-7.17212,50,3.95,3.6,382,3.65,5,0.84,0.1,1.31774009804765
323,9,2,top,low,wide,boots,wide,boot,0.84,0.911111111111111,-11.79303,1214,1,3.06,977,1.05,4.96,0.02,0.0222222222222222,0.0490678646278795
323,9,3,top,top,wide,umbrella,wide,umbrella,0.84,0.911111111111111,-11.79303,1214,1,3.06,382,3.65,5,0.84,0.911111111111111,0.0490678646278795
323,9,4,low,low,waterproof,boots,waterproof,boot,0.84,0.575,-7.17212,50,3.95,3.6,977,1.05,4.96,0.02,0.575,1.31774009804765
326,7,1,top,low,herbal,water,herbal,water,0.9,1,-9.65329,82,2.05,3.57,11478,1.15,5,0.04,0,0.0551830166432527
326,7,2,top,top,herbal,tea,herbal,tea,0.9,1,-9.65329,82,2.05,3.57,2990,1,4.69,0.9,1,0.0551830166432527
326,7,3,low,low,sparkling,water,sparkling,water,0.9,0.765957446808511,-9.34022,102,2.35,3.31,11478,1.15,5,0.04,0.765957446808511,1.81246830572443
326,7,4,low,top,sparkling,tea,sparkling,tea,0.9,0.765957446808511,-9.34022,102,2.35,3.31,2990,1,4.69,0.9,0.0638297872340426,1.81246830572443
328,6,1,low,low,wet,grass,wet,grass,0.66,0.222222222222222,-8.431288,2000,1,4.46,856,1.35,4.93,0,0.166666666666667,0.626587761980063
328,6,2,low,top,wet,hook,wet,hook,0.66,0.222222222222222,-8.431288,2000,1,4.46,1938,1,4.79,0.66,0.0925925925925926,0.626587761980063
328,6,3,top,low,dangling,grass,dangling,grass,0.66,0.91304347826087,-12.03208,66,1.8,3.52,856,1.35,4.93,0,0,0.199510466197542
328,6,4,top,top,dangling,hook,dangling,hook,0.66,0.91304347826087,-12.03208,66,1.8,3.52,1938,1,4.79,0.66,0.91304347826087,0.199510466197542
329,12,1,low,top,hairy,face,hairy,face,0.327586206896552,0.433962264150943,-13.26184,322,1.65,4.48,14747,1,4.87,0.327586206896552,0.0188679245283019,0.89459502932909
329,12,2,top,low,handsome,chest,handsome,chest,0.327586206896552,0.872340425531915,-9.21451,1684,2.75,2.63,2090,1.65,4.93,0.0517241379310345,0,0.430466846609406
329,12,3,top,top,handsome,face,handsome,face,0.327586206896552,0.872340425531915,-9.21451,1684,2.75,2.63,14747,1,4.87,0.327586206896552,0.872340425531915,0.430466846609406
329,12,4,low,low,hairy,chest,hairy,chest,0.327586206896552,0.433962264150943,-13.26184,322,1.65,4.48,2090,1.65,4.93,0.0517241379310345,0.433962264150943,0.89459502932909
333,9,1,low,top,illustrated,painting,illustrate,painting,0.08,0.541666666666667,-10.72492,31,3.4,3.31,1489,1.65,4.59,0.08,0.0208333333333333,0.739172832887461
333,9,2,top,low,impressionist,books,impressionist,book,0.08,0.770491803278689,-13.59353,15,3.8,2.69,3456,1.3,4.9,0.04,0,0.932992632548327
333,9,3,top,top,impressionist,painting,impressionist,painting,0.08,0.770491803278689,-13.59353,15,3.8,2.69,1489,1.65,4.59,0.08,0.770491803278689,0.932992632548327
333,9,4,low,low,illustrated,books,illustrate,book,0.08,0.541666666666667,-10.72492,31,3.4,3.31,3456,1.3,4.9,0.04,0.541666666666667,0.739172832887461
336,7,1,low,top,habitual,thief,habitual,thief,0.291666666666667,0.702127659574468,-10.29946,26,3.05,2,1238,1.95,4.37,0.166666666666667,0,1.0275825948975
336,7,2,top,low,petty,liar,petty,liar,0.291666666666667,0.488372093023256,-9.5925,438,1.65,2.09,1792,1.75,3.43,0.0833333333333333,0.0232558139534884,0.453627970709299
336,7,3,top,top,petty,thief,petty,thief,0.291666666666667,0.488372093023256,-9.5925,438,1.65,2.09,1238,1.95,4.37,0.166666666666667,0.488372093023256,0.453627970709299
336,7,4,low,low,habitual,liar,habitual,liar,0.291666666666667,0.702127659574468,-10.29946,26,3.05,2,1792,1.75,3.43,0.0833333333333333,0.702127659574468,1.0275825948975
338,6,1,top,low,temporary,business,temporary,business,0.166666666666667,0.617021276595745,-11.37063,665,3.35,2.27,16371,2.75,3.28,0.0833333333333333,0.0851063829787234,0.506708804985738
338,6,2,top,top,temporary,job,temporary,job,0.166666666666667,0.617021276595745,-11.37063,665,3.35,2.27,21063,1,3.19,0.166666666666667,0.617021276595745,0.506708804985738
338,6,3,low,low,entrepreneurial,business,entrepreneurial,business,0.166666666666667,0.352941176470588,-9.55632,9,7.35,2.14,16371,2.75,3.28,0.0833333333333333,0.352941176470588,1.0797280212961
338,6,4,low,top,entrepreneurial,job,entrepreneurial,job,0.166666666666667,0.352941176470588,-9.55632,9,7.35,2.14,21063,1,3.19,0.166666666666667,0,1.0797280212961
342,9,1,low,low,global,news,global,news,0.395833333333333,0.62,-10.66633,321,2.3,2.93,8399,1.4,3.41,0.0833333333333333,0.62,0.591183453370614
342,9,2,low,top,global,music,global,music,0.395833333333333,0.62,-10.66633,321,2.3,2.93,7734,2,4.31,0.395833333333333,0.24,0.591183453370614
342,9,3,top,low,loud,news,loud,news,0.395833333333333,0.854545454545455,-9.442974,2031,1.35,3.73,8399,1.4,3.41,0.0833333333333333,0,0.36430164892799
342,9,4,top,top,loud,music,loud,music,0.395833333333333,0.854545454545455,-9.442974,2031,1.35,3.73,7734,2,4.31,0.395833333333333,0.854545454545455,0.36430164892799
348,6,1,low,top,formal,party,formal,party,0.517241379310345,0.511627906976744,-7.736635,424,1.8,2.7,11890,1.3,3.89,0.517241379310345,0.0930232558139535,0.918813113609648
348,6,2,top,low,pajama,dance,pajama,dance,0.517241379310345,1,-9.96215,65,2.35,4.85,7550,1.4,4.32,0.0689655172413793,0,0.336800347878653
348,6,3,top,top,pajama,party,pajama,party,0.517241379310345,1,-9.96215,65,2.35,4.85,11890,1.3,3.89,0.517241379310345,1,0.336800347878653
348,6,4,low,low,formal,dance,formal,dance,0.517241379310345,0.511627906976744,-7.736635,424,1.8,2.7,7550,1.4,4.32,0.0689655172413793,0.511627906976744,0.918813113609648
351,7,1,top,top,local,park,local,park,0.413793103448276,0.867924528301887,-8.28733,2128,1.7,3.04,3678,1,4.74,0.413793103448276,0.867924528301887,0.464160118650937
351,7,2,low,low,dim,light,dim,light,0.413793103448276,0.644444444444445,-6.325285,243,1,3.31,8425,1.2,4.21,0,0.644444444444445,1.92977573853749
351,7,3,low,top,dim,park,dim,park,0.413793103448276,0.644444444444445,-6.325285,243,1,3.31,3678,1,4.74,0.413793103448276,0.0222222222222222,1.92977573853749
351,7,4,top,low,local,light,local,light,0.413793103448276,0.867924528301887,-8.28733,2128,1.7,3.04,8425,1.2,4.21,0,0,0.464160118650937
357,10,1,low,top,wild,ducks,wild,duck,0.470588235294118,0.4375,-7.268324,2923,1.4,2.41,432,1.3,4.86,0.470588235294118,0.1875,1.03220196250248
357,10,2,top,low,yellow,geese,yellow,goose,0.470588235294118,0.62962962962963,-8.52069,1724,1.75,4.3,81,1.85,4.81,0,0,0.0801466662297918
357,10,3,top,top,yellow,ducks,yellow,duck,0.470588235294118,0.62962962962963,-8.52069,1724,1.75,4.3,432,1.3,4.86,0.470588235294118,0.62962962962963,0.0801466662297918
357,10,4,low,low,wild,geese,wild,goose,0.470588235294118,0.4375,-7.268324,2923,1.4,2.41,81,1.85,4.81,0,0.4375,1.03220196250248
358,13,1,low,low,Pacific,ocean,Pacific,ocean,0.78,0.893617021276596,-7.1234,493,2.55,,1545,1.95,4.86,0.02,0.893617021276596,2.03617155779328
358,13,2,low,top,Pacific,sky,Pacific,sky,0.78,0.893617021276596,-7.1234,493,2.55,,2285,1.45,4.45,0.78,0.0851063829787234,2.03617155779328
358,13,3,top,low,cloudless,ocean,cloudless,ocean,0.78,1,-10.80945,8,2.7,3.52,1545,1.95,4.86,0.02,0,0.0905643914169308
358,13,4,top,top,cloudless,sky,cloudless,sky,0.78,1,-10.80945,8,2.7,3.52,2285,1.45,4.45,0.78,1,0.0905643914169308
359,6,1,top,top,preschool,teacher,preschool,teacher,0.254901960784314,0.877551020408163,-12.02916,61,3.5,4.37,2842,1.75,4.52,0.0588235294117647,0.877551020408163,1.22931667150762
359,6,2,low,low,municipal,judge,municipal,judge,0.254901960784314,0.309090909090909,-10.4308,90,3.7,2.26,4063,1.65,3.75,0.0392156862745098,0.309090909090909,0.67314459951035
359,6,3,low,top,municipal,teacher,municipal,teacher,0.254901960784314,0.309090909090909,-10.4308,90,3.7,2.26,2842,1.75,4.52,0.0588235294117647,0,0.67314459951035
359,6,4,top,low,preschool,judge,preschool,judge,0.254901960784314,0.877551020408163,-12.02916,61,3.5,4.37,4063,1.65,3.75,0.0392156862745098,0,1.22931667150762
362,8,1,low,low,tiled,floor,tile,floor,0.245614035087719,0.680851063829787,-9.76666,2,1.2,4.68,5132,1.8,4.8,0.140350877192982,0.680851063829787,0.614620267318107
362,8,2,low,top,tiled,sink,tile,sink,0.245614035087719,0.680851063829787,-9.76666,2,1.2,4.68,863,1,4.74,0.245614035087719,0.0425531914893617,0.614620267318107
362,8,3,top,low,porcelain,floor,porcelain,floor,0.245614035087719,0.588235294117647,-10.17122,80,4,4.63,5132,1.8,4.8,0.140350877192982,0.0196078431372549,0.558007529113391
362,8,4,top,top,porcelain,sink,porcelain,sink,0.245614035087719,0.588235294117647,-10.17122,80,4,4.63,863,1,4.74,0.245614035087719,0.588235294117647,0.558007529113391
363,9,1,top,low,oriental,cord,oriental,cord,0.291666666666667,0.923076923076923,-12.14059,133,2.75,3.5,358,1,4.63,0.0625,0,0.393474279801133
363,9,2,top,top,oriental,rug,oriental,rug,0.291666666666667,0.923076923076923,-12.14059,133,2.75,3.5,531,1,4.79,0.291666666666667,0.923076923076923,0.393474279801133
363,9,3,low,low,power,cord,power,cord,0.291666666666667,0.8,-7.52964,7600,1.5,2.04,358,1,4.63,0.0625,0.8,1.26968212249062
363,9,4,low,top,power,rug,power,rug,0.291666666666667,0.8,-7.52964,7600,1.5,2.04,531,1,4.79,0.291666666666667,0,1.26968212249062
366,11,1,top,low,heavy,city,heavy,city,0.549019607843137,0.56140350877193,-6.68806,2412,1.9,3.37,8624,1.85,4.79,0.0588235294117647,0,0.260533650381498
366,11,2,top,top,heavy,rain,heavy,rain,0.549019607843137,0.56140350877193,-6.68806,2412,1.9,3.37,2494,1,4.97,0.549019607843137,0.56140350877193,0.260533650381498
366,11,3,low,low,big,city,big,city,0.549019607843137,0.618181818181818,-6.71285,34824,1,3.66,8624,1.85,4.79,0.0588235294117647,0.618181818181818,1.28600566621597
366,11,4,low,top,big,rain,big,rain,0.549019607843137,0.618181818181818,-6.71285,34824,1,3.66,2494,1,4.97,0.549019607843137,0,1.28600566621597
367,12,1,low,low,ultraviolet,light,ultraviolet,light,0.411764705882353,0.634146341463415,-10.29627,32,5,3.22,8425,1.2,4.21,0.333333333333333,0.634146341463415,0.828097355440202
367,12,2,low,top,ultraviolet,stove,ultraviolet,stove,0.411764705882353,0.634146341463415,-10.29627,32,5,3.22,387,1.5,4.96,0.411764705882353,0,0.828097355440202
367,12,3,top,low,cooking,light,cooking,light,0.411764705882353,0.576271186440678,-7.87656,1307,1.6,4.19,8425,1.2,4.21,0.333333333333333,0.0169491525423729,0.396648182756283
367,12,4,top,top,cooking,stove,cooking,stove,0.411764705882353,0.576271186440678,-7.87656,1307,1.6,4.19,387,1.5,4.96,0.411764705882353,0.576271186440678,0.396648182756283
368,7,1,low,low,intimidating,father,intimidating,father,0.823529411764706,0.333333333333333,-14.08106,70,3.35,2.21,28279,1.55,4.52,0.0196078431372549,0.333333333333333,1.25726531038789
368,7,2,low,top,intimidating,room,intimidating,room,0.823529411764706,0.333333333333333,-14.08106,70,3.35,2.21,22415,1.1,4.79,0.823529411764706,0.0476190476190476,1.25726531038789
368,7,3,top,low,own,father,own,father,0.823529411764706,0.862745098039216,-4.36706,23419,1.4,1.96,28279,1.55,4.52,0.0196078431372549,0,0.0434754605399052
368,7,4,top,top,own,room,own,room,0.823529411764706,0.862745098039216,-4.36706,23419,1.4,1.96,22415,1.1,4.79,0.823529411764706,0.862745098039216,0.0434754605399052
370,9,1,low,top,topographical,ring,topographical,ring,0.275862068965517,0.897959183673469,-13.70891,4,4.35,3.15,4730,1,4.81,0.241379310344828,0,1.50501746762449
370,9,2,top,low,brass,map,brass,map,0.275862068965517,0.472727272727273,-8.22115,618,1.45,4.7,1623,1,4.93,0.0344827586206897,0,0.318659007984981
370,9,3,top,top,brass,ring,brass,ring,0.275862068965517,0.472727272727273,-8.22115,618,1.45,4.7,4730,1,4.81,0.241379310344828,0.472727272727273,0.318659007984981
370,9,4,low,low,topographical,map,topographical,map,0.275862068965517,0.897959183673469,-13.70891,4,4.35,3.15,1623,1,4.93,0.0344827586206897,0.897959183673469,1.50501746762449
