sentence_num,sentence,word,llama_prob
1,'She was glad she had accompanied her friend because she was enjoying the party except for the music',music,-9.196208000183105
2,'Shuffle the cards before you forget',forget,-12.51524829864502
3,'Most men cannot understand why women wear makeup',makeup,-8.16904354095459
4,'Cats loved to be scratched behind the collar',collar,-10.009615898132324
5,'She thought she had seen a ghost',ghost,-9.130434036254883
6,'She pulled her head out from under the faucet and reached for a pill',pill,-9.073894500732422
7,'The tenants decided to take their landlord to breakfast',breakfast,-10.03483772277832
8,'He settled for California champagne because the imported stuff was too bitter',bitter,-11.453347206115723
9,'In caring for hospitalized patients, a doctor often needs the help of a nurse',nurse,-8.318039894104004
10,'I was finally able to make an appointment for the test',test,-10.01410961151123
11,'He was soothed by the gentle touch',touch,-12.934212684631348
12,'When the power went out the house became dark',dark,-9.209914207458496
13,'The death of his dog was a great expense',expense,-10.578544616699219
14,'He scraped the cold food from his floor',floor,-11.997194290161133
15,'The prisoners were planning their party',party,-8.521219253540039
16,'I didn't like the show so I changed the channel',channel,-8.964893341064453
17,'I added my name to the basket',basket,-10.405573844909668
18,'While skiing, Randy broke his leg',leg,-11.018047332763672
19,'The breeze lifted the smell',smell,-11.953512191772461
20,'Giraffes are known for their long necks and zebras for their speed',speed,-11.33511734008789
21,'The approaching storm made the air very heavy',heavy,-9.363102912902832
22,'The baby cried and upset her stomach',stomach,-10.171205520629883
23,'She couldn't find anything she wanted to own',own,-10.99024486541748
24,'Although Jan was usually careful she had forgotten to turn off the freezers',freezers,-10.595412105321884
25,'Josie found she could not bend the elbow of her broken arm',arm,-9.68152141571045
26,'She wore heavy wool socks and her sturdiest boots to go walking in the mud',mud,-9.89473819732666
27,'I think that my stockbroker is a crook',crook,-13.394484877586365
28,'Tim threw a rock and broke the camera',camera,-8.255043983459473
29,'As the weather got warmer, Mark started wearing his lighter jacket instead of his heavy winter underwear',underwear,-8.614087104797363
30,'Although this film was an exception, she generally went to see movies that were funny',funny,-10.429342269897461
31,'His seat was next to the window',window,-8.748299598693848
32,'The bad boy was sent to his counselor',counselor,-10.641082763671875
33,'Liz and Marie sat at the conference table and discussed the topic for the next lecture',lecture,-10.018571853637695
34,'Ruby's grandchildren hired a live-in nurse because they thought she was too old to live long',long,-9.158293724060059
35,'The jeweler was asked if he would examine the ring's huge diamond',diamond,-8.053117752075195
36,'Be careful because the top of the stove is very dirty',dirty,-9.186985969543457
37,'Every morning Susan braids her little girl's hair then helps her dress for success',success,-12.764498710632324
38,'The hinges were rusted shut, so he had to pry it open with a flourish',flourish,-12.016096115112305
39,'It didn't get completed because he could not locate the right dictionary',dictionary,-8.572450637817383
40,'We followed the path up the hill, and there under the tree was a cat',cat,-8.423528671264648
41,'John swept the floor with a broom',broom,-9.2039678953588
42,'The groom took the bride's hand and placed the ring on her finger',finger,-11.854534149169922
43,'They saw the lightening and heard the thunder',thunder,-8.053133964538574
44,'The colonel wished the sergeant would treat his command not as a polite request but as a direct order',order,-12.781464576721191
45,'The man could not believe that they were all dead',dead,-7.8665971755981445
46,'I just had a new sound system installed in my car',car,-11.04184341430664
47,'The cows moved from the sun into the shade',shade,-9.661026000976562
48,'The old woman was the only one to see the accident',accident,-9.769533157348633
49,'I was impressed by how much he published',published,-9.908504486083984
50,'Ken built his new house on a quiet farm',farm,-7.9655442237854
51,'She was having a hard time because she didn't know the story',story,-9.434365272521973
52,'When she got there she found that most of the people were gone',gone,-10.1881103515625
53,'The teacher saw that some students were cheating and wrote down their grades',grades,-12.265416145324707
54,'Peter painted the walls of the bird exhibit light blue to resemble the sky',sky,-8.428976058959961
55,'The hikers wanted to camp close to the river',river,-8.590959548950195
56,'Each night the campers built a huge igloo',igloo,-6.815290778875351
57,'The white gull dove down and caught a draft',draft,-10.552469253540039
58,'When George couldn't get into his car, he got down on one knee and reached under the bumper for the spare cash',cash,-9.25958251953125
59,'On hot days, many people sun themselves on the roof',roof,-9.072589874267578
60,'As soon as they reached the sand he stopped to take off his watch',watch,-7.2686848640441895
61,'The sewer backed up and caused a stink',stink,-11.181516289710999
62,'After the hurricane, the area around the window was filled with broken glass',glass,-8.809206008911133
63,'She dropped the glass and woke up the baby',baby,-8.315057754516602
64,'When Drew arrived unexpectedly at the restaurant, Laurie got him a chair from the adjacent patio',patio,-8.316062927246094
65,'Tim's friend pushed him into a hamper',hamper,-11.85159432888031
66,'The luggage handler seemed to take great delight in tossing the boxes marked Ohio',Ohio,-6.113827228546143
67,'Mr. Smith enjoyed showing people his newly installed stereo',stereo,-6.472576141357422
68,'Every day, rain or shine, the joggers ran up and down the hill',hill,-9.103662490844727
69,'Our government was secretly supplying the rebels with arms and ships',ships,-10.685698509216309
70,'George must keep his pet on a leash',leash,-10.968867301940918
71,'When she came back from the restroom she found him in deep conversation with a guard',guard,-7.720266342163086
72,'That ramp has been closed for construction for several days',days,-12.39262580871582
73,'The man who was carried into the emergency room had been stabbed in a fight',fight,-9.414663314819336
74,'After dinner, they spent a long time over coffee just staring',staring,-11.913607597351074
75,'Rachel loves the smell of tobacco but she can't stand all the smoke',smoke,-7.4110918045043945
76,'As usual, he didn't do well because he had not prepared his plan',plan,-14.887733459472656
77,'I could not remember his name',name,-10.809672355651855
78,'The officials tried to evacuate everyone from the area before the explosion',explosion,-12.207143783569336
79,'Before she arrived he opened a bottle of wine and put on some soft slippers',slippers,-9.947636365890503
80,'Sharon dried the bowls with a towel',towel,-9.627362251281738
81,'The little girl refused to go to sleep until he told her a story',story,-11.443367958068848
82,'Seth was uneasy because he had never liked to lie',lie,-12.72997760772705
83,'He bought her a pearl necklace for her birthday',birthday,-9.779132843017578
84,'Tracy and her husband weren't Catholic, but she was glad when the priest warmly welcomed their three children',children,-12.033157348632812
85,'Kim was relieved to see that ample food had been made for the hungry',hungry,-7.165648460388184
86,'Phil put some drops in his fishtank',fishtank,-11.593763016164303
87,'He grew corn to feed his children',children,-11.950634002685547
88,'They stood on the bridge tossing stale bread to the ducks',ducks,-9.921903610229492
89,'The young boy asked for another drink',drink,-9.878042221069336
90,'Whether it is true or not, most women think that men don't know how to cook',cook,-10.66002368927002
91,'He looked worried because he might have broken his collection',collection,-8.635710716247559
92,'The queen waited patiently for the man to crack',crack,-11.539258003234863
93,'Larry chose not to join the army',army,-9.488518714904785
94,'Most shark attacks occur very close to winter',winter,-8.892526626586914
95,'You can't open the door with the wrong key',key,-9.583783149719238
96,'He positioned the violin under his chair',chair,-9.900370597839355
97,'The two hold-up men carried guns but didn't shoot',shoot,-12.478484153747559
98,'Joe went to the hardware store and bought a replacement window at twice the original thickness',thickness,-9.50590705871582
99,'As a punishment, his parents immediately took away his toys',toys,-11.479730606079102
100,'They were surprised that Jack thought that it was funny',funny,-9.310827255249023
101,'It was time to hang the new pictures',pictures,-10.949495315551758
102,'At night the old woman locked the refrigerator',refrigerator,-10.893061637878418
103,'Marsha wasn't worried about dinner because she knew the guests could remain eating appetizers for at least another hour',hour,-13.314260482788086
104,'In his day, that old guy was one of the best athletes',athletes,-10.125080108642578
105,'Cold damp weather makes her joints ache so she's been taking a lot of aspirin for the race',race,-10.728768348693848
106,'It's hard to admit when one is scared',scared,-10.738207817077637
107,'There was a moth caught in the light',light,-9.390857696533203
108,'All of their friends have noted that Joe and his wife are always late',late,-10.313913345336914
109,'Rushing out he forgot to take his keys',keys,-10.246542930603027
110,'Rafael wants to preserve the national forest by guarding every tree',tree,-9.532306671142578
111,'The exit was marked by a large sign',sign,-7.84288215637207
112,'The piano was out of place',place,-11.973142623901367
113,'They decided to buy a small place and build an addition with two more rooms',rooms,-12.758966445922852
114,'He really wanted to go, but decided to stay home to wait for the timer',timer,-8.319063186645508
115,'As a reminder of his cat's first bath, he had a scratch on his arm',arm,-11.040959358215332
116,'They raised pigs on their farm',farm,-8.36296272277832
117,'Although she heard it ringing, Nancy was too busy cleaning the chimney to get the phone',phone,-9.29427719116211
118,'Most of the trees died after last year's drought',drought,-9.02938461303711
119,'She decided to start a new diet',diet,-7.328767776489258
120,'He was so busy and overwhelmed that he had forgotten to respond to the card',card,-8.876018524169922
121,'Alfonso has started biking to work instead of driving his friends',friends,-9.719239234924316
122,'Paul painted the clown's suit blue and gave him a big red nose',nose,-11.730217933654785
123,'Most kids think that adults are old',old,-9.108100891113281
124,'He wrote himself a note so that he wouldn't forget',forget,-11.947739601135254
125,'She wished she had brought something to eat',eat,-14.687726020812988
126,'All of her neighbors thought the old woman was a witch',witch,-10.166130065917969
127,'Richard was afraid to walk near the edge of the cliff because he was afraid he would fall',fall,-11.430843353271484
128,'He knew that he could call Chris even if it was the middle of the night',night,-12.437705039978027
129,'She took the baby out when he started to cry and had to miss the rest of the game',game,-11.196755409240723
130,'Nora couldn't take the message because she didn't have a pencil or a piece of chalk',chalk,-13.197906494140625
131,'They carelessly dumped the toxic waste into the trunk',trunk,-8.550128936767578
132,'She cleaned the dirt from her shoes',shoes,-9.789737701416016
133,'Simon thinks it's ok to listen to loud music even if the door to his bedroom is broken',broken,-12.45818042755127
134,'The problem with Christine is that she can't take a joke',joke,-11.201788902282715
135,'He drove the nail into the wood',wood,-10.31397819519043
136,'They waited a long time to see the show',show,-9.609600067138672
137,'Ron bought a board for the window that was too long and then he bought one that was too ugly',ugly,-11.6720552444458
138,'Pam did not have any clothes to mend',mend,-12.28016471862793
139,'The lady felt proud to look at her meal',meal,-8.64050579071045
140,'The last thing they were expecting on their wedding day was a raging panic',panic,-9.30258560180664
141,'He mailed the letter without a hesitation',hesitation,-12.595982551574707
142,'The only food in the refrigerator was a moldy sandwich',sandwich,-6.68208646774292
143,'As a child he used to collect stamps',stamps,-9.181289672851562
144,'The squirrel stored some nuts in the basement',basement,-7.558566093444824
145,'Every winter you see the Hernandez house and its huge chimney with puffs of billowing snow',snow,-7.791417598724365
146,'The rude waiter was not given a tray',tray,-9.5604248046875
147,'When you go to bed turn off the sarcasm',sarcasm,-10.874716646969318
148,'You could tell from the way he reacted that he did not like vomit',vomit,-9.325492151081562
149,'He fell on the floor after tripping on the log',log,-9.170223236083984
150,'She was glad she had brought a good book with her since there was nothing to read at the office',office,-8.969351768493652
151,'He tried to put the pieces of the broken plate back together with care',care,-11.663132667541504
152,'They went to see the famous clock',clock,-7.671509265899658
153,'The Italian chef was known for his fabulous pasta',pasta,-8.168210983276367
154,'While the national anthem is played, everyone is expected to behave',behave,-11.173736572265625
155,'Although John felt some remorse he decided to return the money',money,-10.035075187683105
156,'None of his books made any fans',fans,-9.516648292541504
157,'They both have jobs but they get some extra income by raising chickens',chickens,-8.810821533203125
158,'It was important to be on time',time,-12.12537670135498
159,'The last thing he expected was to have such a blast',blast,-13.760339736938477
160,'No matter how hard she tried, she could not remember the suggestions',suggestions,-11.075422286987305
161,'Don't touch the wet clothes',clothes,-10.727643966674805
162,'The construction worker had developed very powerful arms from unloading bags of cement from the truck',truck,-7.377598285675049
163,'It was drafty because of the cold air leaking in through the front door and all the side paneling',paneling,-9.966327592730522
164,'No one wanted to make any decisions until after the trial',trial,-8.567842483520508
165,'I couldn't go, so I sent my secretary to the lawyers to pick up the papers',papers,-12.054130554199219
166,'They had to shampoo the new beige rug after the accident with the wine',wine,-8.472034454345703
167,'In the mysterious wooden box the girl found a doll',doll,-7.356502532958984
168,'The shirt was stained with sauce',sauce,-7.004497528076172
169,'Cindy taught her two-year old that the pictures are square and that the plates are white',white,-10.679741859436035
170,'At first the woman refused, but eventually she changed her medication',medication,-10.024538040161133
171,'The little puppy grew up to be a huge responsibility',responsibility,-11.715229988098145
172,'He made a holster for his gun',gun,-8.845599174499512
173,'He quit his job and left his family so that he could sail around the world',world,-12.67216682434082
174,'The young couple reluctantly ordered new rackets',rackets,-11.327607721090317
175,'She left the tiny baby alone in the crib',crib,-9.966301918029785
176,'Quite predictably, the first thing the doctor asked for was a cast',cast,-7.648599624633789
177,'He crept into the room without a sound',sound,-11.12260627746582
178,'The rules did not allow visitors to feed the animals',animals,-9.793617248535156
179,'The fertilizer enriched the soil',soil,-8.253263473510742
180,'Joan fed her baby some warm peas',peas,-8.614639282226562
181,'After two hours of hard work they decided to take a short break',break,-10.185467720031738
182,'They installed an extremely expensive alarm system to protect their home',home,-12.322395324707031
183,'She was quite surprised that Bill didn't keep his secret',secret,-7.0249786376953125
184,'She helped him put the finishing touches on the painting',painting,-10.963141441345215
185,'I sat far off to the side of the auditorium and my line of sight was blocked by a pillar',pillar,-10.778077125549316
186,'His skin was red from spending the day at the beach',beach,-9.678688049316406
187,'The journalist reported that many collapsed during the praying',praying,-10.115824699401855
188,'He slipped and fell on the rock',rock,-10.47718620300293
189,'The person who caught the thief deserves our loyalty',loyalty,-11.192845344543457
190,'It was difficult to decide which bills to pay and which to ignore',ignore,-17.020784378051758
191,'The cigar stank and burned a hole in the couch',couch,-8.435407638549805
192,'It was a dream come true because Jane had always wanted to visit Europe with her father',father,-11.521857261657715
193,'One thing the old man lacked was confidence',confidence,-10.761627197265625
194,'I started to put new plants in my garden but ran out of room',room,-13.910422325134277
195,'The boys played marbles and the girls jumped together',together,-8.519761085510254
196,'Our guests should be arriving soon',soon,-11.157930374145508
197,'He was cold most of the night and finally got up to get another blanket',blanket,-9.915373802185059
198,'Will played his stereo much too loud',loud,-9.123723030090332
199,'After dinner they washed the dog',dog,-8.343423843383789
200,'He always seemed to be interested in looking at the tattoos',tattoos,-9.049949645996094
201,'She was docked one hour's pay for coming to work late',late,-8.353311538696289
202,'The wealthy couple's three little girls enjoyed playing together in the pool',pool,-8.047953605651855
203,'Esther didn't think the sword was that dangerous because it wasn't very sharp',sharp,-10.870509147644043
204,'Tricia had never seen a spider get tangled up in its own web',web,-10.305418014526367
205,'Everyone was honking at the old man who was driving too slowly',slowly,-10.856340408325195
206,'He hated to move, but Richard wanted to live closer to his parents',parents,-14.515679359436035
207,'Before going out on the open seas they always checked the weather',weather,-9.377440452575684
208,'The university wouldn't let him register until he paid the overdue fines on the borrowed books',books,-10.881857872009277
209,'He was packing his books and moving to a new office',office,-10.714994430541992
210,'The truck that Dave drove crashed into the tree',tree,-8.124414443969727
211,'At the park next to the beach she saw a man with a balloon',balloon,-8.55332088470459
212,'The ship disappeared into the thick smoke',smoke,-8.460616111755371
213,'They decided to declaw the cat so he wouldn't tear up the carpeting',carpeting,-10.176040172576904
214,'In his haste, the young man had forgotten to sign the waiver',waiver,-9.318025588989258
215,'After the long day at work, he lay down on the couch',couch,-9.587737083435059
216,'The technician never comes to work before noon',noon,-9.576662063598633
217,'He was knocked off his surfboard by the first bully',bully,-8.016858100891113
218,'It is not legal for an employer to consider a person's attitude',attitude,-12.746268272399902
219,'Bill jumped in the lake and made a big commotion',commotion,-11.822636365890503
220,'Joy was too frightened to look',look,-12.056440353393555
221,'The police had never seen a man so drunk',drunk,-7.828768730163574
222,'He liked lemon and sugar in his tea',tea,-10.381755828857422
223,'The papers were sorted into piles of varying sizes',sizes,-12.60274887084961
224,'The dispute was settled by a third party',party,-9.423788070678711
225,'Since the water was unsafe they decided to drink scotch',scotch,-8.137095600366592
226,'They left the dirty dishes in the sink',sink,-8.8864107131958
227,'Nicole could not read very well without her glasses',glasses,-10.658088684082031
228,'During years of drudgery, the man had derived comfort from a single song',song,-10.392593383789062
229,'There were brightly colored pictures on every wall',wall,-9.480905532836914
230,'Whatever he did it was unusual for him to be erratic',erratic,-12.589094161987305
231,'You could tell he had grown up in the South by his truck',truck,-8.504477500915527
232,'Father carved the turkey with a smile',smile,-10.878242492675781
233,'Cathy worked overtime to finish her work',work,-11.834829330444336
234,'She had to leave the movie when the baby started to cry',cry,-12.362857818603516
235,'His ring fell into a hole in the couch',couch,-8.61949348449707
236,'Helen reached up to dust the dresser',dresser,-9.03524398803711
237,'The children went outside to play',play,-8.986125946044922
238,'She bought several colorful postcards to send to her family',family,-11.346916198730469
239,'Sam could not believe her story was true',true,-12.144120216369629
240,'The cat was curled up in Jill's lap',lap,-11.113944053649902
241,'No one at the reunion recognized Dan because he had grown a foot',foot,-12.828779220581055
242,'He had just enough time to buy a cake from the store and change his clothes before the guests phoned',phoned,-14.903302907943726
243,'In the distance they heard the sigh',sigh,-10.523794174194336
244,'He smiled nervously as he searched through his pockets for a key',key,-9.424620628356934
245,'She wanted a roommate who would be quiet and clean',clean,-9.740043640136719
246,'Within minutes of arriving at the office, the detective spilled his thermos full of coffee',coffee,-9.275598526000977
247,'The manila folder that contained her manuscript had been stolen',stolen,-11.224788665771484
248,'The surface of the water was nice and cold',cold,-9.51266098022461
249,'Sandy always wished that she had had a dog',dog,-9.31666374206543
250,'The candidate had spent most of his funds on drugs',drugs,-9.319214820861816
251,'He put a clean sheet on the clipboard',clipboard,-16.471466064453125
252,'The other driver was so angry he threatened him with a reprimand',reprimand,-11.753944665193558
253,'Every year he takes a vacation in Hawaii',Hawaii,-9.764801025390625
254,'Their picnic was ruined by the bees',bees,-8.2291898727417
255,'The schools closed down because the teachers decided to go on strike',strike,-10.78536605834961
256,'After realizing he forgot utensils for his salad, the doctor went back to get himself a napkin',napkin,-10.323300559073687
257,'Mike felt sorry, but it was not his car',car,-11.479520797729492
258,'His boss refused to give him a raise',raise,-10.996627807617188
259,'The long test left the class unprepared',unprepared,-12.765399098396301
260,'She finished the second load of laundry and started to scream',scream,-11.723775863647461
261,'The peaches she had bought at the market were very ripe and juicy',juicy,-10.752305030822754
262,'He was grouchy because he was having trouble with his homework',homework,-7.900390625
263,'Steve spilled coffee all over his clean white shirt',shirt,-8.441720962524414
264,'The county decided to tear down the gas station by the dock',dock,-9.481343269348145
265,'It's raining, and I forgot my coat, hat, and umbrella',umbrella,-11.782100677490234
266,'Keith read a story to his little girl but after only a short time she started to get sleepy',sleepy,-12.983181953430176
267,'The child was born with a rare gift',gift,-10.075937271118164
268,'When the two met, one of them held out his badge',badge,-9.535385131835938
269,'Mary went into her room to look at her clothes',clothes,-10.659732818603516
270,'I had lost the ticket I needed to pick up my glasses',glasses,-8.269523620605469
271,'The Vietnam vet had received the Purple Heart, and when he took off his shirt you could see all of his scars',scars,-10.370657920837402
272,'They had to drive for another hour before finding a place to jog',jog,-14.41273307800293
273,'He shouted at the top of his staircase',staircase,-9.457038879394531
274,'They rested under a tree in the campsite',campsite,-11.910115718841553
275,'A dog has a good sense of smell',smell,-11.946611404418945
276,'The newspaper review recommended the film, and the lead actor was praised for being very good',good,-12.76841926574707
277,'Maria remembered to shut the front window and lock the back door',door,-9.509302139282227
278,'It was a very exciting story because the last thing you would expect them to do was misspeak',misspeak,-13.440235018730164
279,'There were a lot of old boxes stored in the attic',attic,-8.554953575134277
280,'Every morning before school his mother laid out his clothes and packed his clarinet',clarinet,-11.221500374376774
281,'Most people spend December 25th with their presents',presents,-11.185754776000977
282,'Shuffle the cards before you deal',deal,-9.528829574584961
283,'The county decided to tear down the gas station by the park',park,-10.125198364257812
284,'The long test left the class tired',tired,-10.235817909240723
285,'Most men cannot understand why women wear underwear',underwear,-7.973941802978516
286,'Cats loved to be scratched behind the ears',ears,-11.5619478225708
287,'She thought she had seen a ship',ship,-8.702939987182617
288,'She pulled her head out from under the faucet and reached for a towel',towel,-9.61297607421875
289,'The tenants decided to take their landlord to court',court,-12.49839973449707
290,'In caring for hospitalized patients, a doctor often needs the help of a drug',drug,-9.75584888458252
291,'I was finally able to make an appointment for the doctor',doctor,-10.61235523223877
292,'He was soothed by the gentle medication',medication,-10.660893440246582
293,'When the power went out the house became cold',cold,-8.550996780395508
294,'The death of his dog was a great tragedy',tragedy,-13.557679176330566
295,'He scraped the cold food from his plate',plate,-11.983366966247559
296,'The prisoners were planning their escape',escape,-8.90455436706543
297,'I didn't like the show so I changed the cast',cast,-9.937187194824219
298,'I added my name to the list',list,-10.716506958007812
299,'While skiing, Randy broke his glasses',glasses,-10.6414155960083
300,'He decided to travel in Iran even though he knew it could be expensive',expensive,-11.963907241821289
301,'Their picnic was ruined by the rain',rain,-8.857019424438477
302,'Giraffes are known for their long necks and zebras for their stripes',stripes,-12.915698051452637
303,'The approaching storm made the air very cold',cold,-9.918844223022461
304,'The baby cried and upset her mother',mother,-10.00977611541748
305,'She couldn't find anything she wanted to do',do,-9.545257568359375
306,'Although Jan was usually careful she had forgotten to turn off the stove',stove,-8.13564682006836
307,'She wore heavy wool socks and her sturdiest boots to go walking in the snow',snow,-10.031116485595703
308,'I think that my stockbroker is a pill',pill,-6.072813987731934
309,'A dog has a good sense of loyalty',loyalty,-10.612679481506348
310,'As the weather got warmer, Mark started wearing his lighter jacket instead of his heavy winter coat',coat,-11.629900932312012
311,'Although this film was an exception, she generally went to see movies that were long',long,-8.842644691467285
312,'His seat was next to the fishtank',fishtank,-12.441720120608807
313,'The bad boy was sent to his room',room,-13.28070068359375
314,'Liz and Marie sat at the conference table and discussed the topic for the next meeting',meeting,-9.115867614746094
315,'Ruby's grandchildren hired a live-in nurse because they thought she was too old to live alone',alone,-8.543601036071777
316,'Be careful because the top of the stove is very hot',hot,-8.214437484741211
317,'Every morning Susan braids her little girl's hair then helps her dress for school',school,-11.247322082519531
318,'The hinges were rusted shut, so he had to pry it open with a crowbar',crowbar,-15.62572768330574
319,'It didn't get completed because he could not locate the right tools',tools,-12.053906440734863
320,'John swept the floor with a flourish',flourish,-14.72371768951416
321,'The schools closed down because the teachers decided to go on praying',praying,-13.073227882385254
322,'They saw the lightening and heard the screams',screams,-11.686058044433594
323,'It was a very exciting story because the last thing you would expect them to do was die',die,-11.386980056762695
324,'The colonel wished the sergeant would treat his command not as a polite request but as a direct reprimand',reprimand,-13.609502121806145
325,'The man could not believe that they were all staring',staring,-12.48666000366211
326,'I just had a new sound system installed in my office',office,-8.958585739135742
327,'The cows moved from the sun into the mud',mud,-9.990683555603027
328,'The old woman was the only one to see the hesitation',hesitation,-8.536575317382812
329,'I was impressed by how much he knew',knew,-12.680835723876953
330,'Ken built his new house on a quiet hill',hill,-10.89560317993164
331,'When she got there she found that most of the people were white',white,-9.934484481811523
332,'The teacher saw that some students were cheating and wrote down their names',names,-10.651668548583984
333,'Peter painted the walls of the bird exhibit light blue to resemble the carpeting',carpeting,-10.211787581443787
334,'The hikers wanted to camp close to the igloo',igloo,-8.549433529376984
335,'Each night the campers built a huge fire',fire,-8.701683044433594
336,'The white gull dove down and caught a fish',fish,-10.262474060058594
337,'When George couldn't get into his car, he got down on one knee and reached under the bumper for the spare key',key,-10.082061767578125
338,'The other driver was so angry he threatened him with a gun',gun,-9.594825744628906
339,'On hot days, many people sun themselves on the beach',beach,-9.740198135375977
340,'As soon as they reached the sand he stopped to take off his shoes',shoes,-11.256232261657715
341,'The sewer backed up and caused a flood',flood,-10.006996154785156
342,'After the hurricane, the area around the window was filled with broken toys',toys,-9.34096622467041
343,'She dropped the glass and woke up the bully',bully,-9.217325210571289
344,'Every year he takes a vacation in Ohio',Ohio,-8.554117202758789
345,'When Drew arrived unexpectedly at the restaurant, Laurie got him a chair from the adjacent table',table,-10.269259452819824
346,'The luggage handler seemed to take great delight in tossing the boxes marked fragile',fragile,-8.727317810058594
347,'Mr. Smith enjoyed showing people his newly installed refrigerator',refrigerator,-8.983657836914062
348,'Every day, rain or shine, the joggers ran up and down the staircase',staircase,-7.665297031402588
349,'Our government was secretly supplying the rebels with arms and money',money,-9.912493705749512
350,'George must keep his pet on a diet',diet,-7.440773963928223
351,'When she came back from the restroom she found him in deep conversation with a friend',friend,-12.161316871643066
352,'That ramp has been closed for construction for several feet',feet,-11.945231437683105
353,'The man who was carried into the emergency room had been stabbed in a car',car,-10.454434394836426
354,'After dinner, they spent a long time over coffee just talking',talking,-10.126668930053711
355,'Rachel loves the smell of tobacco but she can't stand all the lectures',lectures,-10.346935272216797
356,'As usual, he didn't do well because he had not prepared his speech',speech,-10.724252700805664
357,'I could not remember his song',song,-7.389711380004883
358,'The officials tried to evacuate everyone from the area before the race',race,-8.944375991821289
359,'I had lost the ticket I needed to pick up my clothes',clothes,-9.047795295715332
360,'Before she arrived he opened a bottle of wine and put on some soft music',music,-8.730172157287598
361,'Sharon dried the bowls with a sigh',sigh,-11.030577659606934
362,'The little girl refused to go to sleep until he told her a secret',secret,-7.488171577453613
363,'Seth was uneasy because he had never liked to phone',phone,-7.1488142013549805
364,'He bought her a pearl necklace for her collection',collection,-8.183670043945312
365,'Tracy and her husband weren't Catholic, but she was glad when the priest warmly welcomed their three suggestions',suggestions,-13.363574981689453
366,'Kim was relieved to see that ample food had been made for the party',party,-9.770190238952637
367,'Phil put some drops in his eyes',eyes,-10.078987121582031
368,'They stood on the bridge tossing stale bread to the dogs',dogs,-8.867486953735352
369,'The young boy asked for another cookie',cookie,-8.613144874572754
370,'Whether it is true or not, most women think that men don't know how to care',care,-12.072347640991211
371,'The queen waited patiently for the man to bow',bow,-9.3969144821167
372,'Larry chose not to join the party',party,-7.834892749786377
373,'Most shark attacks occur very close to shore',shore,-10.18288803100586
374,'The two hold-up men carried guns but didn't panic',panic,-11.227743148803711
375,'Joe went to the hardware store and bought a replacement window at twice the original price',price,-9.97589111328125
376,'The Vietnam vet had received the Purple Heart, and when he took off his shirt you could see all of his tattoos',tattoos,-12.724730491638184
377,'There were a lot of old boxes stored in the basement',basement,-7.160656452178955
378,'Most people spend December 25th with their family',family,-12.080757141113281
379,'He was grouchy because he was having trouble with his clarinet',clarinet,-9.375029549002647
380,'They were surprised that Jack thought that it was chalk',chalk,-7.66823673248291
381,'They rested under a tree in the shade',shade,-10.671161651611328
382,'At night the old woman locked the door',door,-10.08106803894043
383,'Marsha wasn't worried about dinner because she knew the guests could remain eating appetizers for at least another story',story,-12.403116226196289
384,'In his day, that old guy was one of the best counselors',counselors,-10.97553825378418
385,'Cold damp weather makes her joints ache so she's been taking a lot of aspirin for the pain',pain,-10.819659233093262
386,'Maria remembered to shut the front window and lock the back room',room,-10.53862190246582
387,'It's hard to admit when one is wrong',wrong,-10.986908912658691
388,'All of their friends have noted that Joe and his wife are always together',together,-7.152451992034912
389,'The peaches she had bought at the market were very ripe and dirty',dirty,-8.970253944396973
390,'Rushing out he forgot to take his camera',camera,-8.91159439086914
391,'Rafael wants to preserve the national forest by guarding every campsite',campsite,-9.94231390953064
392,'The piano was out of tune',tune,-12.517354965209961
393,'They decided to buy a small place and build an addition with two more freezers',freezers,-10.437317490577698
394,'He really wanted to go, but decided to stay home to wait for the mail',mail,-9.45805835723877
395,'As a reminder of his cat's first bath, he had a scratch on his stomach',stomach,-12.172929763793945
396,'They raised pigs on their own',own,-11.393884658813477
397,'Although she heard it ringing, Nancy was too busy cleaning the chimney to get the timer',timer,-9.09203815460205
398,'Most of the trees died after last year's winter',winter,-8.639277458190918
399,'After realizing he forgot utensils for his salad, the doctor went back to get himself a fork',fork,-10.450800895690918
400,'She decided to start a new life',life,-10.30747127532959
401,'He was so busy and overwhelmed that he had forgotten to respond to the question',question,-9.683073997497559
402,'Alfonso has started biking to work instead of driving his car',car,-10.768416404724121
403,'Paul painted the clown's suit blue and gave him a big red balloon',balloon,-9.453548431396484
404,'Most kids think that adults are bitter',bitter,-8.571642875671387
405,'He wrote himself a note so that he wouldn't misspeak',misspeak,-14.924102783203125
406,'She wished she had brought something to mend',mend,-11.744087219238281
407,'All of her neighbors thought the old woman was a success',success,-12.404630661010742
408,'Richard was afraid to walk near the edge of the cliff because he was afraid he would vomit',vomit,-11.709169667214155
409,'He knew that he could call Chris even if it was the middle of the game',game,-11.094561576843262
410,'She took the baby out when he started to cry and had to miss the rest of the movie',movie,-11.56136703491211
411,'Nora couldn't take the message because she didn't have a pencil or a piece of paper',paper,-11.073187828063965
412,'They carelessly dumped the toxic waste into the ocean',ocean,-9.428313255310059
413,'She cleaned the dirt from her slippers',slippers,-11.201306343078613
414,'The problem with Christine is that she can't take a test',test,-8.852724075317383
415,'He drove the nail into the roof',roof,-9.627391815185547
416,'They waited a long time to see the grades',grades,-9.811351776123047
417,'Ron bought a board for the window that was too long and then he bought one that was too short',short,-12.472528457641602
418,'Pam did not have any clothes to wear',wear,-12.262572288513184
419,'The lady felt proud to look at her daughter',daughter,-7.523806571960449
420,'The last thing they were expecting on their wedding day was a raging storm',storm,-6.9129486083984375
421,'He mailed the letter without a stamp',stamp,-7.504568099975586
422,'The only food in the refrigerator was a moldy pea',pea,-6.771696090698242
423,'As a child he used to collect napkins',napkins,-9.699027001857758
424,'The squirrel stored some nuts in the tree',tree,-7.576720237731934
425,'Every winter you see the Hernandez house and its huge chimney with puffs of billowing smoke',smoke,-8.265085220336914
426,'The rude waiter was not given a tip',tip,-9.371023178100586
427,'When you go to bed turn off the lights',lights,-10.053008079528809
428,'He fell on the floor after tripping on the crack',crack,-8.120735168457031
429,'She was glad she had brought a good book with her since there was nothing to read at the place',place,-11.609243392944336
430,'He tried to put the pieces of the broken plate back together with glue',glue,-7.5121893882751465
431,'They went to see the famous actor',actor,-7.335413932800293
432,'The Italian chef was known for his fabulous smile',smile,-10.521562576293945
433,'None of his books made any sense',sense,-11.937126159667969
434,'They both have jobs but they get some extra income by raising bees',bees,-7.5389790534973145
435,'It was important to be on guard',guard,-9.315189361572266
436,'The last thing he expected was to have such a commotion',commotion,-14.683659791946411
437,'No matter how hard she tried, she could not remember the name',name,-12.618577003479004
438,'Don't touch the wet paint',paint,-9.632631301879883
439,'No one wanted to make any decisions until after the game',game,-9.244383811950684
440,'I couldn't go, so I sent my secretary to the lawyers to pick up the cash',cash,-10.286409378051758
441,'They had to shampoo the new beige rug after the accident with the tray',tray,-7.690592288970947
442,'In the mysterious wooden box the girl found a ring',ring,-8.561150550842285
443,'Mary went into her room to look at her gift',gift,-9.199190139770508
444,'Cindy taught her two-year old that the pictures are square and that the plates are round',round,-10.885629653930664
445,'The child was born with a rare disease',disease,-9.98366641998291
446,'At first the woman refused, but eventually she changed her mind',mind,-13.876166343688965
447,'The little puppy grew up to be a huge dog',dog,-8.040153503417969
448,'He made a holster for his father',father,-11.510507583618164
449,'He quit his job and left his family so that he could sail around the clock',clock,-8.508301734924316
450,'The young couple reluctantly ordered new furniture',furniture,-10.00283432006836
451,'She left the tiny baby alone in the basket',basket,-8.376126289367676
452,'Quite predictably, the first thing the doctor asked for was a symptom',symptom,-9.905675888061523
453,'He crept into the room without a plan',plan,-13.20213794708252
454,'The rules did not allow visitors to feed the children',children,-11.489442825317383
455,'The fertilizer enriched the stink',stink,-11.548599123954773
456,'Joan fed her baby some warm milk',milk,-9.573871612548828
457,'After two hours of hard work they decided to take a short jog',jog,-12.232017517089844
458,'She was quite surprised that Bill didn't keep his promise',promise,-11.665776252746582
459,'She helped him put the finishing touches on the presents',presents,-11.958664894104004
460,'I sat far off to the side of the auditorium and my line of sight was blocked by a chair',chair,-9.856657028198242
461,'His skin was red from spending the day at the farm',farm,-9.47968864440918
462,'The journalist reported that many collapsed during the earthquake',earthquake,-8.044715881347656
463,'The person who caught the thief deserves our reward',reward,-12.500800132751465
464,'The cigar stank and burned a hole in the paneling',paneling,-11.624789595603943
465,'It was a dream come true because Jane had always wanted to visit Europe with her boyfriend',boyfriend,-10.914443969726562
466,'The boys played marbles and the girls jumped rope',rope,-11.247900009155273
467,'Our guests should be arriving hungry',hungry,-9.064496994018555
468,'Will played his stereo much too late',late,-7.493086814880371
469,'When the two met, one of them held out his hand',hand,-11.998229026794434
470,'After dinner they washed the dishes',dishes,-10.203583717346191
471,'He always seemed to be interested in looking at the sky',sky,-8.466303825378418
472,'She was docked one hour's pay for coming to work unprepared',unprepared,-14.93886661529541
473,'Keith read a story to his little girl but after only a short time she started to get scared',scared,-10.725013732910156
474,'The wealthy couple's three little girls enjoyed playing together in the snow',snow,-9.210166931152344
475,'Mike felt sorry, but it was not his fault',fault,-13.295732498168945
476,'He shouted at the top of his lungs',lungs,-14.633794784545898
477,'Esther didn't think the sword was that dangerous because it wasn't very heavy',heavy,-11.16927719116211
478,'Tricia had never seen a spider get tangled up in its own meal',meal,-11.214061737060547
479,'He hated to move, but Richard wanted to live closer to his friends',friends,-13.430558204650879
480,'Before going out on the open seas they always checked the speed',speed,-9.45946979522705
481,'The university wouldn't let him register until he paid the overdue fines on the borrowed rackets',rackets,-11.689259111881256
482,'He was packing his books and moving to a new place',place,-13.559797286987305
483,'The truck that Dave drove crashed into the patio',patio,-8.286698341369629
484,'The newspaper review recommended the film, and the lead actor was praised for being very together',together,-8.66054630279541
485,'It's raining, and I forgot my coat, hat, and keys',keys,-10.915545463562012
486,'The ship disappeared into the thick fog',fog,-9.34880256652832
487,'They decided to declaw the cat so he wouldn't tear up the couch',couch,-9.097285270690918
488,'In his haste, the young man had forgotten to sign the clipboard',clipboard,-11.215181350708008
489,'After the long day at work, he lay down on the floor',floor,-8.588591575622559
490,'The technician never comes to work before breakfast',breakfast,-10.417410850524902
491,'He was knocked off his surfboard by the first wave',wave,-8.944320678710938
492,'It is not legal for an employer to consider a person's race',race,-10.29116153717041
493,'Bill jumped in the lake and made a big splash',splash,-11.296810150146484
494,'Joy was too frightened to move',move,-11.16326904296875
495,'The police had never seen a man so ugly',ugly,-13.019268035888672
496,'He liked lemon and sugar in his sauce',sauce,-9.05826187133789
497,'The papers were sorted into piles of varying thickness',thickness,-9.547632217407227
498,'The dispute was settled by a third trial',trial,-8.450937271118164
499,'Since the water was unsafe they decided to drink soda',soda,-8.68940544128418
500,'They left the dirty dishes in the trunk',trunk,-12.253448486328125
501,'Nicole could not read very well without her dictionary',dictionary,-8.982406616210938
502,'There were brightly colored pictures on every card',card,-8.883037567138672
503,'Whatever he did it was unusual for him to be late',late,-8.961054801940918
504,'You could tell he had grown up in the South by his accent',accent,-11.514242172241211
505,'Every morning before school his mother laid out his clothes and packed his lunch',lunch,-8.709702491760254
506,'Father carved the turkey with a knife',knife,-8.7692232131958
507,'They had to drive for another hour before finding a place to eat',eat,-12.201961517333984
508,'Cathy worked overtime to finish her responsibility',responsibility,-10.322327613830566
509,'His ring fell into a hole in the sink',sink,-6.168427467346191
510,'The children went outside to look',look,-12.054701805114746
511,'Sam could not believe her story was published',published,-12.152188301086426
512,'The cat was curled up in Jill's hamper',hamper,-12.428685545921326
513,'No one at the reunion recognized Dan because he had grown a beard',beard,-10.356289863586426
514,'He had just enough time to buy a cake from the store and change his clothes before the guests arrived',arrived,-14.896258354187012
515,'In the distance they heard the sound',sound,-13.628494262695312
516,'He smiled nervously as he searched through his pockets for a quarter',quarter,-11.847186088562012
517,'She wanted a roommate who would be quiet and behave',behave,-13.548501014709473
518,'Within minutes of arriving at the office, the detective spilled his thermos full of scotch',scotch,-9.698005139827728
519,'The surface of the water was nice and smooth',smooth,-9.343552589416504
520,'Sandy always wished that she had had a badge',badge,-7.1512370109558105
521,'The candidate had spent most of his funds on campaigning',campaigning,-10.565011978149414
522,'She had to leave the movie when the baby started to smell',smell,-10.443012237548828
523,'We followed the path up the hill, and there under the tree was a collar',collar,-7.398931503295898
524,'During years of drudgery, the man had derived comfort from a single book',book,-13.265612602233887
525,'He slipped and fell on the floor',floor,-7.956904888153076
526,'You can't open the door with the wrong attitude',attitude,-10.378143310546875
527,'You could tell from the way he reacted that he did not like her',her,-10.0589599609375
528,'I started to put new plants in my garden but ran out of soil',soil,-9.11173152923584
529,'Everyone was honking at the old man who was driving too erratically',erratically,-11.299755305051804
530,'While the national anthem is played, everyone is expected to stand',stand,-10.60234260559082
531,'One thing the old man lacked was sarcasm',sarcasm,-13.459406569600105
532,'As a punishment, his parents immediately took away his car',car,-13.474722862243652
533,'She was glad she had accompanied her friend because she was enjoying the party except for the smoke',smoke,-8.126808166503906
534,'Josie found she could not bend the elbow of her broken doll',doll,-6.850600719451904
535,'The exit was marked by a large rock',rock,-9.477568626403809
536,'His boss refused to give him a drink',drink,-10.236837387084961
537,'It was difficult to decide which bills to pay and which to forget',forget,-12.771814346313477
538,'Simon thinks it's ok to listen to loud music even if the door to his bedroom is open',open,-11.181280136108398
539,'He grew corn to feed his chickens',chickens,-10.011858940124512
540,'It was time to hang the new clothes',clothes,-7.384591102600098
541,'Although John felt some remorse he decided to return the watch',watch,-9.996097564697266
542,'Helen reached up to dust the shelf',shelf,-6.441493511199951
543,'The shirt was stained with blood',blood,-9.380616188049316
544,'There was a moth caught in the draft',draft,-11.735716819763184
545,'The groom took the bride's hand and placed the ring on her dresser',dresser,-7.943667411804199
546,'He put a clean sheet on the bed',bed,-9.559459686279297
547,'He looked worried because he might have broken his arm',arm,-10.037071228027344
548,'She was having a hard time because she didn't know the answer',answer,-10.640721321105957
549,'She bought several colorful postcards to send to her fans',fans,-11.648381233215332
550,'He positioned the violin under his chin',chin,-12.321243286132812
551,'He was cold most of the night and finally got up to get another log',log,-10.537505149841309
552,'The construction worker had developed very powerful arms from unloading bags of cement from the dock',dock,-8.332427978515625
553,'Tim's friend pushed him into a pool',pool,-9.037601470947266
554,'It was drafty because of the cold air leaking in through the front door and all the side windows',windows,-9.768733024597168
555,'He settled for California champagne because the imported stuff was too expensive',expensive,-12.626903533935547
556,'The breeze lifted the leaves',leaves,-10.995016098022461
557,'The jeweler was asked if he would examine the ring's huge crack',crack,-10.10060977935791
558,'She finished the second load of laundry and started to fold',fold,-11.164189338684082
559,'Tim threw a rock and broke the window',window,-8.932506561279297
560,'They installed an extremely expensive alarm system to protect their truck',truck,-8.058377265930176
561,'Steve spilled coffee all over his clean white couch',couch,-9.853936195373535
562,'At the park next to the beach she saw a man with a dog',dog,-8.109692573547363
563,'The manila folder that contained her manuscript had been broken',broken,-16.496532440185547
564,'He decided to travel in Iran even though he knew it could be dangerous',dangerous,-13.091811180114746
565,'She called her husband at his work',work,-11.392327308654785
566,'She found the steady drumming of rain on the roof very soothing',soothing,-11.911934852600098
567,'His ring fell into a dark hole in the sink',sink,-6.022871017456055
568,'Steve invited his girlfriend to a party',party,-8.697908401489258
569,'The insurance company refused to pay the claim when they found out that he'd been lying',lying,-10.52946949005127
570,'Betsy could never tell a lie',lie,-10.630829811096191
571,'The bully punched him on the playground and broke his nose',nose,-11.275115966796875
572,'They stood with the others and chatted while waiting for the bus',bus,-11.398687362670898
573,'Next year my little son will be going to school',school,-11.400997161865234
574,'He decided to apply for a student loan',loan,-7.142271041870117
575,'My sister bought tickets for the opening show',show,-10.804224014282227
576,'He hated to move, but John wanted to live closer to his friends',friends,-13.354639053344727
577,'The papers were sorted into several piles of varying sizes',sizes,-12.36202335357666
578,'During the volley someone stepped on Joe's foot',foot,-12.407998085021973
579,'Jim was saving boxes for a friend who was moving',moving,-11.274515151977539
580,'He was tired and grouchy because he was having trouble with his homework',homework,-8.27645492553711
581,'He took the money from his leather wallet',wallet,-10.534996032714844
582,'Mrs. Stevens said that little Dennis was the loudest boy in the class',class,-10.944929122924805
583,'She cleaned the sink with a sponge',sponge,-7.859036445617676
584,'Since they saw that the water was unsafe they decided to drink soda',soda,-8.146677017211914
585,'Gary could absolutely not believe his son stole a car',car,-11.073005676269531
586,'Ida wanted to sing folk songs at the picnic, so she brought her guitar',guitar,-10.926957130432129
587,'He finally bought some poison to kill the rats',rats,-8.140134811401367
588,'She was feeling quite cold so she put on her jacket',jacket,-9.549622535705566
589,'The final score of the game was tied',tied,-10.443758010864258
590,'They had been wandering in circles because nobody had a map',map,-11.389745712280273
591,'The man was caught selling an illegal drug',drug,-7.453848838806152
592,'Jenny boiled the eggs in water',water,-11.259658813476562
593,'The lawyer really feared that his client was guilty',guilty,-9.177574157714844
594,'At the park next to the beach she saw a man with a big dog',dog,-8.196126937866211
595,'The peaches she had bought at the market yesterday were very ripe and juicy',juicy,-10.746989250183105
596,'She was named after her mother',mother,-9.542746543884277
597,'Bob thought the best time to talk to the priest would probably be on Sunday in church',church,-10.558040618896484
598,'The extremely long test left the class tired',tired,-10.425911903381348
599,'The lady felt very proud to look at her daughter',daughter,-7.300151824951172
600,'He was caught stealing a car',car,-10.412666320800781
601,'Upon locating the suspect, the detective left quickly and called the police',police,-11.182045936584473
602,'They took her car because he hated to drive in the rain',rain,-9.71611499786377
603,'The satellite orbited the earth',earth,-9.780036926269531
604,'They asked Dave to play tennis but he was too tired',tired,-11.129739761352539
605,'I couldn't go myself, so I sent my secretary to the lawyers to pick up the papers',papers,-11.856803894042969
606,'The bridesmaid had an ugly dress',dress,-6.906733512878418
607,'As reminder of his cat's first bath, he had a scratch on his arm',arm,-10.904736518859863
608,'Every month Rick had to clean his room',room,-10.530969619750977
609,'Every single day, rain or shine, the joggers ran up and down the hill',hill,-8.761733055114746
610,'His hands shook because he was very nervous',nervous,-11.481552124023438
611,'He always hid an extra set of keys under a mat',mat,-8.83225154876709
612,'Her cold drink was served with a slice of lemon',lemon,-9.193748474121094
613,'Upon mother's strict orders, the cat's smelly litter box was kept in the garage',garage,-8.247965812683105
614,'Dillinger once robbed that store',store,-9.048124313354492
615,'She felt dinner would definitely not be complete unless she made dessert',dessert,-8.983612060546875
616,'They rested for a while under a tree in the shade',shade,-11.82373332977295
617,'He looked very worried because he might have broken his arm',arm,-10.073942184448242
618,'Mary was excited to see if the new toy with the colored blocks and square buttons would make the child happy',happy,-10.979174613952637
619,'The car accident five years ago left an ugly scar on his face',face,-11.59045124053955
620,'They asked Dave to play tennis but he was too late',late,-11.277077674865723
621,'Gary could not believe his son stole a car',car,-10.952059745788574
622,'He always hid an extra set of keys under a bed',bed,-10.506601333618164
623,'She was feeling cold so she put on her jacket',jacket,-9.298599243164062
624,'She called her husband at his spa',spa,-7.952141761779785
625,'Barry wisely chose to pay the bills',bills,-9.540651321411133
626,'Bob thought the best time to talk to the priest would probably be on Sunday in private',private,-11.776678085327148
627,'Jim was saving boxes for a friend who was recycling',recycling,-9.602434158325195
628,'Randy froze when he saw a shadow at the end of the pier',pier,-9.486676216125488
629,'As reminder of his cat's first bath, he had a scratch on his stomach',stomach,-11.880664825439453
630,'Upon locating the suspect, the detective left quickly and called the father',father,-11.591302871704102
631,'Each night he built a huge igloo',igloo,-8.457054913043976
632,'Fred put the worm on the hook',hook,-8.73734188079834
633,'The airline had lost her business',business,-9.681053161621094
634,'Cats love to be scratched behind the ears',ears,-12.431968688964844
635,'Gary could not believe his son stole a peek',peek,-8.873862266540527
636,'He took the money from his leather coat',coat,-8.91619873046875
637,'She was feeling cold so she put on her furnace',furnace,-7.994487285614014
638,'Smith enjoyed showing people his newly installed stereo',stereo,-6.77680778503418
639,'Barry wisely chose to pay the mechanic',mechanic,-10.852120399475098
640,'He decided to apply for a student position',position,-8.560012817382812
641,'Steve invited his girlfriend to a church',church,-7.142215728759766
642,'Betsy could never tell a difference',difference,-11.101823806762695
643,'Fred put the worm on the leaf',leaf,-9.071228981018066
644,'Ida wanted to sing folk songs at the picnic, so she brought her partner',partner,-9.943352699279785
645,'Cats love to be scratched behind the collar',collar,-10.812606811523438
646,'Smith enjoyed showing people his newly installed refrigerator',refrigerator,-9.35491943359375
647,'Every month Rick had to clean his teeth',teeth,-11.208070755004883
648,'Randy froze when he saw a shadow at the end of the hall',hall,-13.13818359375
649,'Each night he built a huge fire',fire,-9.648385047912598
650,'The airline had lost her luggage',luggage,-8.680724143981934
651,'They had been wandering in circles because nobody had a light',light,-10.153274536132812
652,'They stood with the others and chatted while waiting for the doctor',doctor,-11.548558235168457
653,'She cleaned the sink with a solvent',solvent,-7.356548309326172
654,'They saw the lightning and heard the screams',screams,-12.035858154296875
655,'They saw the lightning and heard the thunder',thunder,-9.861865997314453
656,'The final score of the game was disputed',disputed,-11.83762264251709
657,'It is time to hang the new pictures',pictures,-10.582542419433594
658,'Every day, rain or shine, the jogger ran up and down the hill',hill,-9.202507972717285
659,'He returned the hole punch to the computer teacher',teacher,-10.200068473815918
660,'Rafael wants to preserve the national forest by guarding every cedar tree',tree,-9.642748832702637
661,'Jessie left without his toolbox or his packed keys',keys,-10.771010398864746
662,'The car accident five years ago left an ugly scar on his hairy face',face,-10.534649848937988
663,'We sprayed the yard to keep away the nasty bugs',bugs,-9.12444019317627
664,'Gary could not believe his son stole that fast watch',watch,-7.366708755493164
665,'Although she heard it ringing, Nancy was too busy cleaning the chimney to get the cell phone',phone,-8.355728149414062
666,'The hinges were rusted shut, so he had to pry it open with a sharp crowbar',crowbar,-14.136182866990566
667,'Fred put the worm on the wet grass',grass,-9.368978500366211
668,'She decided to start a new temporary business',business,-7.452144622802734
669,'He positioned the violin under his bearded chin',chin,-11.180959701538086
670,'He always seemed to be interested in looking at the blue sky',sky,-7.9742536544799805
671,'She was having a hard time because she didn't know the English answer',answer,-9.582711219787598
672,'It didn't get completed because he could not locate the right diagnostic tool',tool,-10.268003463745117
673,'He always hid an extra set of keys under a Persian rug',rug,-10.181440353393555
674,'No one at the reunion recognized Dan because he had grown a long mustache',mustache,-11.345954783260822
675,'The fertilizer enriched the dry soil',soil,-6.777305603027344
676,'She was named after her famous mother',mother,-8.451656341552734
677,'I sat far off to the side of the auditorium and my line of sight was blocked by a tall beam',beam,-8.641979217529297
678,'He was caught stealing a borrowed car',car,-10.080339431762695
679,'She flipped through the stations in search of some global news',news,-8.8917818069458
680,'I could hear the loud telephone ringing through the concrete door',door,-8.709501266479492
681,'Paul painted the clown's suit blue and gave him a big red snotty balloon',balloon,-8.502218246459961
682,'The Vietnam vet had received the Purple Heart, and when he took off his shirt you could see all of his bulging muscles',muscles,-10.857592582702637
683,'He was cold most of the night and finally got up to get another thick blanket',blanket,-8.927133560180664
684,'Mary went into her room to look at her illustrated painting',painting,-11.230417251586914
685,'The county decided to tear down the gas station by the elementary highway',highway,-8.151021957397461
686,'They couldn't decide on a name for their new premature dog',dog,-9.6906099319458
687,'They stood on the bridge tossing stale bread to the wild ducks',ducks,-9.83967113494873
688,'In the mysterious wooden box the girl found the topographical ring',ring,-8.749870300292969
689,'As soon as they reached the sand, he stopped to take off his striped shoes',shoes,-11.507163047790527
690,'The jeweler was asked if he would examine the ring's huge black stone',stone,-8.879500389099121
691,'She took the baby out when he started to cry and had to miss the rest of the tea party',party,-7.4876322746276855
692,'I just had a new sound system installed in my living room',room,-9.249812126159668
693,'You could tell he had grown up in the South by his racist attitude',attitude,-12.352462768554688
694,'She was glad she had brought a good book with her since there was nothing to read at the post office',office,-7.574881076812744
695,'Upon mother's strict orders, the cat's smelly litter box was kept in the outdoor shed',shed,-7.246052265167236
696,'Rushing out he forgot to take his thin jacket',jacket,-7.947240829467773
697,'They decided to declaw the cat so he wouldn't tear up the thick couch',couch,-9.204859733581543
698,'Their neighbors were surprised to find out that the Smiths had never visited that national town',town,-11.138345718383789
699,'The breeze lifted the short air',air,-9.519512176513672
700,'Barry wisely chose to pay the monthly fee',fee,-8.601903915405273
701,'The house at the end of the narrow road was built of red wood',wood,-9.719834327697754
702,'Betsy could never tell a funny joke',joke,-10.770182609558105
703,'Randy froze when he saw a shadow at the end of the narrow alley',alley,-9.24477481842041
704,'She cleaned the dirt from her blonde hair',hair,-9.568471908569336
705,'Steve invited his girlfriend to a formal party',party,-9.24563217163086
706,'Every day, rain or shine, the joggers ran up and down the tall path',path,-10.104491233825684
707,'Every month Rick had to clean his whole car',car,-10.26364803314209
708,'Their picnic was ruined by the bad rain',rain,-8.208919525146484
709,'The applause could be heard throughout the echoey auditorium',auditorium,-12.160502575337887
710,'He drove the nail into the rotten door',door,-10.106252670288086
711,'Dillinger once robbed that federal bank',bank,-8.36612319946289
712,'She was quite surprised that Bill didn't keep his pocket watch',watch,-7.0311431884765625
713,'He really wanted to go but decided to stay home to wait for the important call',call,-11.16391658782959
714,'At the park next to the beach she saw a man with a loyal dog',dog,-7.703780651092529
715,'They waited a long time to see the animated movie',movie,-7.843140602111816
716,'She left the tiny baby alone in the waiting room',room,-9.593899726867676
717,'The person who caught the thief deserves our loudest applause',applause,-12.708755493164062
718,'It was time to hang the new advent picture',picture,-8.766087532043457
719,'As usual, he didn't do well because he had not prepared his subconscious mind',mind,-8.660926818847656
720,'The cigar stank and burned a hole in the leather shirt',shirt,-7.239208698272705
721,'She felt dinner would not be complete unless she made decadent dessert',dessert,-8.280083656311035
722,'They left the dirty dishes in the kitchen sink',sink,-8.111099243164062
723,'It's raining, and I forgot my coat, hat, and waterproof umbrella',umbrella,-9.61060905456543
724,'Her cold drink was served with a slice of fresh lemon',lemon,-9.553130149841309
725,'The last thing they were expecting on their wedding day was a raging dark bull',bull,-5.470234394073486
726,'Although John felt some remorse he decided to return the library gift',gift,-7.959818363189697
727,'As a punishment, his parents immediately took away his favorite toy',toy,-8.37966251373291
728,'After getting out of the shower he sat down to have instant breakfast',breakfast,-7.270029544830322
729,'The only food in the refrigerator was a moldy sub sandwich',sandwich,-6.675994873046875
730,'He was so busy and overwhelmed that he had forgotten to respond to the important email',email,-8.9901123046875
731,'They took her car because he hated to drive in the heavy city',city,-9.38129711151123
732,'The white gull dove down and caught a slimy worm',worm,-8.272185325622559
733,'Ken built his new house on a quiet wooded street',street,-11.163743019104004
734,'He was soothed by the gentle instrumental wind',wind,-9.238249778747559
735,'Liz and Marie sat at the conference table and discussed the topic for the next work meeting',meeting,-8.480953216552734
736,'They carelessly dumped the toxic waste into the winding ocean',ocean,-7.9566755294799805
737,'He looked worried because he might have broken his right glasses',glasses,-9.053277015686035
738,'I think that my stockbroker is a habitual thief',thief,-10.750151634216309
739,'Our government was secretly supplying the rebels with arms and live ammunition',ammunition,-10.210820198059082
740,'I don't know what his secret was, but my brother always managed to get the best academic grades',grades,-11.140292167663574
741,'While they were eating pancakes, Albert noticed a bee swimming in the tonic water',water,-11.481614112854004
742,'Within minutes of arriving at the office, the detective spilled his thermos full of hot soup',soup,-8.461493492126465
743,'There were a lot of old boxes stored in the unfinished basement',basement,-6.844639301300049
744,'He hated to move, but Richard wanted to live closer to his single cousin',cousin,-9.96502685546875
745,'The officials tried to evacuate everyone from the area before the developing storm',storm,-8.740952491760254
746,'The truck that Dave drove crashed into the solid wall',wall,-8.464912414550781
747,'The man was caught selling an illegal unregistered gun',gun,-8.562382698059082
748,'He finally bought some poison to kill the diseased rats',rats,-8.461843490600586
749,'She pulled her head out from under the faucet and reached for a monkey wrench',wrench,-8.540236473083496
750,'She was glad she had accompanied her friend because she was enjoying the party except for the bland music',music,-9.174736022949219
751,'She was feeling cold so she put on her cashmere slippers',slippers,-9.831433087587357
752,'It was a dream come true because Jane had always wanted to visit Europe with her younger sister',sister,-10.179388999938965
753,'She usually let her very competent secretary handle the difficult calls',calls,-12.611380577087402
754,'His seat was next to the revolving window',window,-10.298055648803711
755,'If he strained his eyes he could see a tiny bird',bird,-8.10447883605957
756,'Coming in, he took off his smelly hat',hat,-8.751934051513672
757,'Steve spilled coffee all over his clean white polo shirt',shirt,-7.867631435394287
758,'Mr. Smith enjoyed showing people his newly installed satellite dish',dish,-8.045145988464355
759,'They decided to buy a small place and build an addition with two more upper rooms',rooms,-11.93312931060791
760,'Larry chose not to join the Confederate army',army,-11.084094047546387
761,'They rested under a tree in the local park',park,-8.475154876708984
762,'The shirt was stained with frying oil',oil,-7.767422199249268
763,'The Italian chef was known for his fabulous bowtie sauce',sauce,-8.475810050964355
764,'Phil put some drops in his soft drink',drink,-7.351492881774902
765,'Every morning before school his mother laid out his clothes and packed his messenger lunch',lunch,-8.14504337310791
766,'Sam practiced every day in anticipation of the philharmonic concert',concert,-8.51032829284668
767,'The hikers wanted to camp close to the frozen river',river,-8.330256462097168
768,'Quite predictably, the first thing the doctor asked for was the specific symptoms',symptoms,-11.483867645263672
769,'The old woman was the only one to see the eerie murder',murder,-8.858843803405762
770,'The rude waiter was not given a generous chance',chance,-10.562678337097168
771,'Tim's friend pushed him into a kiddie pool',pool,-9.14500617980957
772,'Since the water was unsafe they decided to drink orange juice',juice,-9.468668937683105
773,'Before she arrived he opened a bottle of wine and put on some soft classical music',music,-7.38754415512085
774,'There was a moth caught in the bright light',light,-10.31723690032959
775,'Peter painted the walls of the bird exhibit light blue to resemble the Pacific ocean',ocean,-8.959198951721191
776,'He bought her a pearl necklace for her eighteenth anniversary',anniversary,-8.875563621520996
777,'Most of the trees died after last year's dreadful drought',drought,-9.293282508850098
778,'He slipped and fell on the uneven ice',ice,-8.16894245147705
779,'There were brightly colored pictures on every interior wall',wall,-8.774374008178711
780,'The bad boy was sent to his intimidating father',father,-8.966266632080078
781,'He grew corn to feed his dairy cows',cows,-11.114518165588379
782,'Each night the campers built a huge bright fire',fire,-8.38949966430664
783,'The other driver was so angry he threatened him with a civil gun',gun,-9.194528579711914
784,'Sharon dried the bowls with a filthy towel',towel,-11.148857116699219
785,'We followed the path up the hill, and there, under the tree, was a gray snake',snake,-8.888547897338867
786,'No one wanted to make any decisions until after the corporate party',party,-8.93508529663086
787,'As a child he used to collect glass stamps',stamps,-8.266377449035645
788,'The cat was crouched in the tall grass down by the lazy river',river,-9.592063903808594
789,'He fell on the floor after tripping on the oriental cord',cord,-8.363641738891602
790,'The bridesmaid had an ugly revealing face',face,-8.745209693908691
791,'No matter how hard she tried, she could not remember the serial name',name,-10.274453163146973
792,'The wealthy couple's three little girls enjoyed playing together in the front yard',yard,-9.004823684692383
793,'His skin was red from spending the day at the neighborhood beach',beach,-9.54637336730957
794,'The journalist reported that many collapsed during the intense heat',heat,-8.990314483642578
795,'The cows moved from the sun into the wooden shade',shade,-9.11902141571045
796,'Helen reached up to dust the topmost lamp',lamp,-9.621111869812012
797,'He liked lemon and sugar in his herbal water',water,-9.349242210388184
798,'Ida wanted to sing folk songs at the picnic, so she brought her wireless microphone',microphone,-9.829572677612305
799,'Most men cannot understand why women wear ugly shoes',shoes,-10.814278602600098
800,'After dinner they washed the family dishes',dishes,-10.156669616699219
801,'In his day, that old guy was one of the best soccer athletes',athletes,-10.497870445251465
802,'They had been wandering in circles because nobody had a detailed map',map,-11.296154022216797
803,'I had lost the ticket I needed to pick up my rental clothes',clothes,-8.100251197814941
804,'They had to shampoo the new beige rug after the accident with the mangy wine',wine,-8.085850715637207
805,'The Democrats seemed to focus on defense while the Republicans talked about the booming budget',budget,-7.7145304679870605
806,'Sandy always wished that she had had a Persian sister',sister,-7.506687641143799
807,'Mrs. Stevens said that little Dennis was the loudest boy in the fictional story',story,-9.891368865966797
808,'Joan fed her baby some warm breast milk',milk,-9.196585655212402
809,'She wore heavy wool socks and her sturdiest boots to go walking in the melting forest',forest,-7.693324089050293
810,'Kim was relieved to see that ample food had been made for the special occasion',occasion,-9.713260650634766
811,'Every spring they held the annual onion parade',parade,-6.972411632537842
812,'The squirrel stored some nuts in the dead ground',ground,-10.958518981933594
813,'The sewer backed up and caused a unpleasant flood',flood,-9.900806427001953
814,'During years of drudgery, the man had derived comfort from a single catchy book',book,-13.462684631347656
815,'They installed an extremely expensive alarm system to protect their suburban home',home,-10.899665832519531
816,'Although Jan was usually careful, she had forgotten to turn off the ultraviolet light',light,-9.087020874023438
817,'The university wouldn't let him register until he paid the overdue fines on the borrowed comic books',books,-9.718082427978516
818,'She helped him put the finishing touches on the haunted house',house,-8.363380432128906
819,'His ring fell into a hole in the tiled floor',floor,-7.4754791259765625
820,'He put a clean sheet on the twin bed',bed,-8.27709674835205
821,'When Drew arrived unexpectedly at the restaurant, Laurie got him a chair from the adjacent dining table',table,-9.52224063873291
822,'At night the old woman locked the frosty door',door,-10.130306243896484
823,'The young boy asked for another tasty treat',treat,-10.681034088134766
824,'He was grouchy because he was having trouble with his nightmarish sleep',sleep,-9.90609073638916
825,'The senator had once been a preschool teacher',teacher,-10.56519603729248
826,'He smiled nervously as he searched through his pockets for a fresh mint',mint,-7.808330059051514
827,'The house at the end of the narrow road was built of red bricks',bricks,-12.106873512268066
828,'Within minutes of arriving at the office, the detective spilled his thermos full of hot coffee',coffee,-10.16943073272705
829,'The person who caught the thief deserves our loudest respect',respect,-12.892617225646973
830,'They rested under a tree in the dim light',light,-12.305009841918945
831,'Since the water was unsafe they decided to drink sweet tea',tea,-9.365699768066406
832,'They had to shampoo the new beige rug after the accident with the mangy dog',dog,-7.645908355712891
833,'The breeze lifted the short skirt',skirt,-8.150956153869629
834,'The bad boy was sent to his intimidating room',room,-11.098295211791992
835,'We followed the path up the hill, and there, under the tree, was a gray cat',cat,-7.915246486663818
836,'She was glad she had accompanied her friend because she was enjoying the party except for the loud food',food,-8.637977600097656
837,'The hinges were rusted shut, so he had to pry it open with a steel knife',knife,-9.14686393737793
838,'She took the baby out when he started to cry and had to miss the rest of the tea movie',movie,-9.527034759521484
839,'Liz and Marie sat at the conference table and discussed the topic for the next board week',week,-10.969156265258789
840,'I just had a new sound system installed in my living car',car,-10.201969146728516
841,'The squirrel stored some nuts in the dead tree',tree,-7.219336032867432
842,'There were a lot of old boxes stored in the unfinished attic',attic,-7.990141868591309
843,'Her cold drink was served with a slice of homemade pie',pie,-9.308538436889648
844,'The Democrats seemed to focus on defense while the Republicans talked about the booming economy',economy,-12.127564430236816
845,'It's raining, and I forgot my coat, hat, and wide boots',boots,-11.634050369262695
846,'He bought her a pearl necklace for her eighteenth birthday',birthday,-8.78113842010498
847,'He was so busy and overwhelmed that he had forgotten to respond to the footer note',note,-11.581995964050293
848,'The Vietnam vet had received the Purple Heart, and when he took off his shirt you could see all of his bulging scars',scars,-10.542839050292969
849,'She flipped through the stations in search of some global music',music,-9.446869850158691
850,'Every spring they held the annual onion festival',festival,-9.594619750976562
851,'The wealthy couple's three little girls enjoyed playing together in the nearby park',park,-9.761649131774902
852,'The fertilizer enriched the green grass',grass,-7.82810640335083
853,'He grew corn to feed his poor family',family,-11.277539253234863
854,'She cleaned the dirt from her blonde shoes',shoes,-9.283870697021484
855,'The last thing they were expecting on their wedding day was a raging dark storm',storm,-6.913698673248291
856,'Quite predictably, the first thing the doctor asked for was the pregnancy test',test,-10.682075500488281
857,'His seat was next to the glass door',door,-8.432918548583984
858,'The only food in the refrigerator was a moldy aged cheese',cheese,-8.836273193359375
859,'As a child he used to collect postage marbles',marbles,-11.819356501102448
860,'Before she arrived he opened a bottle of wine and put on some soft clean clothes',clothes,-12.823123931884766
861,'Ken built his new house on a quiet residential lot',lot,-8.677203178405762
862,'Steve invited his girlfriend to a pajama dance',dance,-8.019951820373535
863,'Dillinger once robbed that antique store',store,-8.815330505371094
864,'The white gull dove down and caught a slimy fish',fish,-9.744667053222656
865,'He really wanted to go but decided to stay home to wait for the important bus',bus,-8.839696884155273
866,'Every day, rain or shine, the joggers ran up and down the tall hill',hill,-8.440945625305176
867,'There were brightly colored pictures on every title page',page,-9.848671913146973
868,'I could hear the loud telephone ringing through the concrete wall',wall,-9.123490333557129
869,'The applause could be heard throughout the packed hall',hall,-10.416748046875
870,'You could tell he had grown up in the South by his racist accent',accent,-11.524540901184082
871,'No one wanted to make any decisions until after the corporate meeting',meeting,-9.487894058227539
872,'When Drew arrived unexpectedly at the restaurant, Laurie got him a chair from the adjacent dinner room',room,-10.838813781738281
873,'Jessie left without his toolbox or his office lunch',lunch,-6.976757049560547
874,'He liked lemon and sugar in his herbal tea',tea,-9.553791999816895
875,'At night the old woman locked the front window',window,-9.966423034667969
876,'Larry chose not to join the terrorist group',group,-10.478524208068848
877,'They installed an extremely expensive alarm system to protect their extended family',family,-10.203079223632812
878,'They had been wandering in circles because nobody had a magnetic compass',compass,-7.923529148101807
879,'She pulled her head out from under the faucet and reached for a monkey towel',towel,-8.38537883758545
880,'It was a dream come true because Jane had always wanted to visit Europe with her younger boyfriend',boyfriend,-10.21060562133789
881,'The truck that Dave drove crashed into the solid tree',tree,-7.389735221862793
882,'No one at the reunion recognized Dan because he had grown a long beard',beard,-10.291084289550781
883,'It was time to hang the new framed calendar',calendar,-7.043967247009277
884,'I had lost the ticket I needed to pick up my washed car',car,-9.173274040222168
885,'She was glad she had brought a good book with her since there was nothing to read at the retail store',store,-9.317235946655273
886,'The county decided to tear down the gas station by the major school',school,-11.411983489990234
887,'He was grouchy because he was having trouble with his fitful dreams',dreams,-11.115407943725586
888,'He returned the hole punch to the computer desk',desk,-8.904550552368164
889,'Joan fed her baby some warm broccoli soup',soup,-8.079859733581543
890,'The car accident five years ago left an ugly scar on his handsome chest',chest,-12.899515151977539
891,'She was quite surprised that Bill didn't keep his pocket promise',promise,-10.341859817504883
892,'Rafael wants to preserve the national forest by guarding every living creature',creature,-11.15534782409668
893,'We sprayed the yard to keep away the wild animals',animals,-9.636259078979492
894,'Coming in, he took off his smelly shoes',shoes,-9.720582962036133
895,'She helped him put the finishing touches on the haunted painting',painting,-10.46078109741211
896,'Kim was relieved to see that ample food had been made for the special party',party,-8.83167839050293
897,'The senator had once been a municipal judge',judge,-8.517948150634766
898,'He finally bought some poison to kill the stray cat',cat,-9.537920951843262
899,'The officials tried to evacuate everyone from the area before the rapid flood',flood,-7.254542350769043
900,'Every morning before school his mother laid out his clothes and packed his delicious bag',bag,-9.832114219665527
901,'They stood on the bridge tossing stale bread to the yellow geese',geese,-11.798621769994497
902,'He was caught stealing a mountain bike',bike,-7.179498672485352
903,'The shirt was stained with frying blood',blood,-8.806181907653809
904,'Their picnic was ruined by the intermittent weather',weather,-10.859742164611816
905,'No matter how hard she tried, she could not remember the maiden number',number,-12.263020515441895
906,'While they were eating pancakes, Albert noticed a bee swimming in the tonic syrup',syrup,-9.273187637329102
907,'Peter painted the walls of the bird exhibit light blue to resemble the Pacific sky',sky,-8.113837242126465
908,'Randy froze when he saw a shadow at the end of the narrow hallway',hallway,-11.205036163330078
909,'The university wouldn't let him register until he paid the overdue fines on the borrowed student loan',loan,-8.169448852539062
910,'She was named after her surrogate aunt',aunt,-8.456242561340332
911,'The Italian chef was known for his fabulous bowtie pasta',pasta,-6.89068603515625
912,'The other driver was so angry he threatened him with a loaded lawsuit',lawsuit,-7.770523548126221
913,'Sharon dried the bowls with a paper rag',rag,-12.159957885742188
914,'Barry wisely chose to pay the monthly bill',bill,-8.658941268920898
915,'He put a clean sheet on the picnic table',table,-6.709867000579834
916,'The hikers wanted to camp close to the frozen lake',lake,-7.749742031097412
917,'She left the tiny baby alone in the waiting crib',crib,-9.962054252624512
918,'After dinner they washed the dirty car',car,-10.265303611755371
919,'They couldn't decide on a name for their new premature baby',baby,-6.46240234375
920,'Steve spilled coffee all over his clean white cargo pants',pants,-8.980815887451172
921,'During years of drudgery, the man had derived comfort from a single holy tune',tune,-11.84127426147461
922,'He smiled nervously as he searched through his pockets for a fresh dollar',dollar,-7.745519161224365
923,'As a punishment, his parents immediately took away his favorite phone',phone,-9.278915405273438
924,'There was a moth caught in the bright web',web,-7.577976226806641
925,'The old woman was the only one to see the eerie ghost',ghost,-8.530557632446289
926,'I sat far off to the side of the auditorium and my line of sight was blocked by a tall man',man,-9.590826034545898
927,'Although Jan was usually careful, she had forgotten to turn off the ultraviolet stove',stove,-8.920568466186523
928,'Sandy always wished that she had had a twin cat',cat,-9.10745906829834
929,'Our government was secretly supplying the rebels with arms and live money',money,-9.323545455932617
930,'The bridesmaid had an ugly revealing dress',dress,-6.9007487297058105
931,'Most of the trees died after last year's blazing fire',fire,-10.88239574432373
932,'Phil put some drops in his soft eyes',eyes,-8.448036193847656
933,'Rushing out he forgot to take his thin keys',keys,-9.403581619262695
934,'He slipped and fell on the thin pavement',pavement,-9.016092300415039
935,'He always hid an extra set of keys under a Persian mat',mat,-9.995882034301758
936,'They waited a long time to see the live show',show,-9.391789436340332
937,'The jeweler was asked if he would examine the ring's huge black diamond',diamond,-7.847128391265869
938,'Although John felt some remorse he decided to return the library book',book,-10.054705619812012
939,'I think that my stockbroker is a petty liar',liar,-9.578818321228027
940,'If he strained his eyes he could see a flying speck',speck,-9.649528101086617
941,'The cows moved from the sun into the partial barn',barn,-9.378087997436523
942,'They decided to buy a small place and build an addition with two more furnished floors',floors,-11.143640518188477
943,'The rude waiter was not given a generous tip',tip,-10.160655975341797
944,'At the park next to the beach she saw a man with a funny hat',hat,-10.054771423339844
945,'The sewer backed up and caused a massive smell',smell,-7.123781204223633
946,'The young boy asked for another tasty cookie',cookie,-7.349985599517822
947,'Mrs. Stevens said that little Dennis was the loudest boy in the fictional class',class,-9.78222942352295
948,'Ida wanted to sing folk songs at the picnic, so she brought her wireless guitar',guitar,-9.748132705688477
949,'He always seemed to be interested in looking at the gorgeous women',women,-7.441887855529785
950,'In his day, that old guy was one of the best soccer players',players,-10.490320205688477
951,'Every month Rick had to clean his speedy house',house,-9.159527778625488
952,'She decided to start a new temporary job',job,-9.12038803100586
953,'His skin was red from spending the day at the sandy pool',pool,-9.568181991577148
954,'He positioned the violin under his outstretched arm',arm,-11.321470260620117
955,'He hated to move, but Richard wanted to live closer to his single mother',mother,-11.327807426452637
956,'Tim's friend pushed him into a brick wall',wall,-8.660622596740723
957,'His ring fell into a hole in the tiled sink',sink,-7.141917705535889
958,'The man was caught selling an illegal unregistered drug',drug,-7.532395362854004
959,'He was soothed by the gentle instrumental music',music,-9.494792938232422
960,'He was cold most of the night and finally got up to get another knitted sweater',sweater,-8.795272827148438
961,'As usual, he didn't do well because he had not prepared his subconscious speech',speech,-9.548566818237305
962,'She usually let her very competent secretary handle the phone tasks',tasks,-11.948768615722656
963,'The journalist reported that many collapsed during the tropical storm',storm,-7.6532087326049805
964,'I don't know what his secret was, but my brother always managed to get the best looking girls',girls,-9.700401306152344
965,'She was having a hard time because she didn't know the correct language',language,-10.32606315612793
966,'Mary went into her room to look at her impressionist books',books,-11.506967544555664
967,'Most men cannot understand why women wear ugly heels',heels,-10.99523639678955
968,'She wore heavy wool socks and her sturdiest boots to go walking in the melting snow',snow,-9.326212882995605
969,'Each night the campers built a huge improvised tent',tent,-6.707299709320068
970,'In the mysterious wooden box the girl found the brass map',map,-10.140511512756348
971,'Upon mother's strict orders, the cat's smelly litter box was kept in the outdoor basement',basement,-6.840660095214844
972,'Fred put the worm on the wet hook',hook,-7.44673490524292
973,'The cat was crouched in the tall grass down by the shady tree',tree,-9.587946891784668
974,'They decided to declaw the cat so he wouldn't tear up the comfortable carpet',carpet,-8.617780685424805
975,'He fell on the floor after tripping on the oriental rug',rug,-9.611735343933105
976,'Betsy could never tell a funny lie',lie,-9.953089714050293
977,'After getting out of the shower he sat down to have continental coffee',coffee,-9.207834243774414
978,'It didn't get completed because he could not locate the right ink pen',pen,-6.99151086807251
979,'Paul painted the clown's suit blue and gave him a big red snotty nose',nose,-9.996099472045898
980,'Their neighbors were surprised to find out that the Smiths had never visited that national park',park,-7.8267822265625
981,'They carelessly dumped the toxic waste into the winding river',river,-7.596293926239014
982,'As soon as they reached the sand, he stopped to take off his clean shirt',shirt,-9.752036094665527
983,'The cigar stank and burned a hole in the leather couch',couch,-8.801210403442383
984,'Sam practiced every day in anticipation of the homecoming dance',dance,-7.285927772521973
985,'Although she heard it ringing, Nancy was too busy cleaning the chimney to get the locked door',door,-9.935547828674316
986,'Gary could not believe his son stole that fast car',car,-10.235252380371094
987,'They took her car because he hated to drive in the heavy rain',rain,-8.12416934967041
988,'They left the dirty dishes in the compact dishwasher',dishwasher,-9.763729095458984
989,'She felt dinner would not be complete unless she made blueberry pie',pie,-9.370033264160156
990,'He drove the nail into the rotten wood',wood,-10.21642017364502
991,'She was feeling cold so she put on her cashmere sweater',sweater,-8.87581729888916
992,'He looked worried because he might have broken his right arm',arm,-9.434418678283691
993,'Mr. Smith enjoyed showing people his newly installed satellite television',television,-7.214919090270996
994,'Helen reached up to dust the topmost shelf',shelf,-8.820422172546387
995,'She wore heavy wool socks and her sturdiest boots to go walking in the pine forest',forest,-8.60318374633789
996,'She decided to start a new entrepreneurial business',business,-7.914968013763428
997,'They couldn't decide on a name for their new trained dog',dog,-7.487543106079102
998,'The Vietnam vet had received the Purple Heart, and when he took off his shirt you could see all of his gruesome muscles',muscles,-10.65947151184082
999,'Barry wisely chose to pay the electric fee',fee,-8.477998733520508
1000,'Fred put the worm on the dangling grass',grass,-8.066845893859863
1001,'Gary could not believe his son stole that expensive watch',watch,-9.128597259521484
1002,'We sprayed the yard to keep away the wild bugs',bugs,-9.167964935302734
1003,'I could hear the loud telephone ringing through the sliding door',door,-8.529330253601074
1004,'Mary went into her room to look at her impressionist painting',painting,-10.201481819152832
1005,'Rafael wants to preserve the national forest by guarding every living tree',tree,-8.988321304321289
1006,'It didn't get completed because he could not locate the right ink tool',tool,-8.905590057373047
1007,'Rushing out he forgot to take his spare jacket',jacket,-8.259491920471191
1008,'They stood on the bridge tossing stale bread to the yellow ducks',ducks,-9.534223556518555
1009,'Joan fed her baby some warm broccoli milk',milk,-8.490402221679688
1010,'The hinges were rusted shut, so he had to pry it open with a steel crowbar',crowbar,-13.312381826341152
1011,'He was caught stealing a mountain car',car,-10.951166152954102
1012,'The jeweler was asked if he would examine the ring's huge artificial stone',stone,-5.894198417663574
1013,'He always seemed to be interested in looking at the gorgeous sky',sky,-8.52464485168457
1014,'I just had a new sound system installed in my compact room',room,-10.927691459655762
1015,'He returned the hole punch to the substitute teacher',teacher,-9.751237869262695
1016,'He positioned the violin under his outstretched chin',chin,-11.415486335754395
1017,'The car accident five years ago left an ugly scar on his handsome face',face,-11.557920455932617
1018,'He was cold most of the night and finally got up to get another knitted blanket',blanket,-9.479172706604004
1019,'The fertilizer enriched the green soil',soil,-7.891322612762451
1020,'I sat far off to the side of the auditorium and my line of sight was blocked by a supporting beam',beam,-9.848325729370117
1021,'In the mysterious wooden box the girl found the brass ring',ring,-9.121733665466309
1022,'As soon as they reached the sand, he stopped to take off his clean shoes',shoes,-11.438018798828125
1023,'No one at the reunion recognized Dan because he had grown a twisted mustache',mustache,-10.57786369882524
1024,'She flipped through the stations in search of some loud news',news,-8.659643173217773
1025,'She was having a hard time because she didn't know the correct answer',answer,-9.32719612121582
1026,'Jessie left without his toolbox or his office keys',keys,-12.567632675170898
1027,'Their neighbors were surprised to find out that the Smiths had never visited that sleepy town',town,-9.390969276428223
1028,'Mrs. Stevens said that little Dennis was the loudest boy in the entire story',story,-10.76447868347168
1029,'She was named after her surrogate mother',mother,-8.57578182220459
1030,'Paul painted the clown's suit blue and gave him a big red inflated balloon',balloon,-8.123858451843262
1031,'The house at the end of the narrow road was built of sunburned wood',wood,-10.71309757232666
1032,'The county decided to tear down the gas station by the major highway',highway,-9.043205261230469
1033,'Upon mother's strict orders, the cat's smelly litter box was kept in the damp shed',shed,-6.488375663757324
1034,'She was glad she had brought a good book with her since there was nothing to read at the retail office',office,-8.99232006072998
1035,'Although she heard it ringing, Nancy was too busy cleaning the chimney to get the locked phone',phone,-8.158712387084961
1036,'You could tell he had grown up in the South by his strong attitude',attitude,-12.097261428833008
1037,'She took the baby out when he started to cry and had to miss the rest of the scary party',party,-8.73060417175293
1038,'The breeze lifted the dry air',air,-10.052745819091797
1039,'The applause could be heard throughout the packed auditorium',auditorium,-11.351940120570362
1040,'He was grouchy because he was having trouble with his fitful sleep',sleep,-10.551911354064941
1041,'As a punishment, his parents immediately took away his smart toy',toy,-8.313329696655273
1042,'Kim was relieved to see that ample food had been made for the bachelorette occasion',occasion,-12.204458236694336
1043,'The senator had once been a municipal teacher',teacher,-8.327648162841797
1044,'Every spring they held the annual military parade',parade,-8.524897575378418
1045,'The white gull dove down and caught a floppy worm',worm,-8.499027252197266
1046,'Betsy could never tell a deliberate joke',joke,-9.658764839172363
1047,'During years of drudgery, the man had derived comfort from a single holy book',book,-12.93978214263916
1048,'They left the dirty dishes in the compact sink',sink,-6.6121296882629395
1049,'The squirrel stored some nuts in the cold ground',ground,-9.581819534301758
1050,'Although John felt some remorse he decided to return the generous gift',gift,-8.715851783752441
1051,'The last thing they were expecting on their wedding day was a raging Spanish bull',bull,-6.688241958618164
1052,'They waited a long time to see the live movie',movie,-7.7643585205078125
1053,'At the park next to the beach she saw a man with a funny dog',dog,-8.7374267578125
1054,'Every month Rick had to clean his speedy car',car,-9.056517601013184
1055,'Randy froze when he saw a shadow at the end of the dark alley',alley,-10.237600326538086
1056,'He drove the nail into the garage door',door,-7.057668685913086
1057,'She felt dinner would not be complete unless she made blueberry dessert',dessert,-8.14261245727539
1058,'The only food in the refrigerator was a moldy aged sandwich',sandwich,-6.99935245513916
1059,'Steve invited his girlfriend to a pajama party',party,-7.489514350891113
1060,'It's raining, and I forgot my coat, hat, and wide umbrella',umbrella,-6.914758205413818
1061,'Her cold drink was served with a slice of homemade lemon',lemon,-7.691201686859131
1062,'She cleaned the dirt from her muddy hair',hair,-10.389494895935059
1063,'He really wanted to go but decided to stay home to wait for the school call',call,-11.456775665283203
1064,'Dillinger once robbed that antique bank',bank,-9.462051391601562
1065,'It was time to hang the new framed picture',picture,-9.114795684814453
1066,'Their picnic was ruined by the intermittent rain',rain,-9.07172966003418
1067,'He was so busy and overwhelmed that he had forgotten to respond to the footer email',email,-9.823975563049316
1068,'The cigar stank and burned a hole in the Hawaiian shirt',shirt,-5.535040378570557
1069,'She was quite surprised that Bill didn't keep his solemn watch',watch,-9.317584991455078
1070,'As usual, he didn't do well because he had not prepared his impassioned mind',mind,-10.251513481140137
1071,'After getting out of the shower he sat down to have continental breakfast',breakfast,-8.873761177062988
1072,'Every day, rain or shine, the joggers ran up and down the narrow path',path,-9.925161361694336
1073,'Although Jan was usually careful, she had forgotten to turn off the cooking light',light,-9.867066383361816
1074,'The Italian chef was known for his fabulous pesto sauce',sauce,-9.599357604980469
1075,'Sam practiced every day in anticipation of the homecoming concert',concert,-9.004579544067383
1076,'The university wouldn't let him register until he paid the overdue fines on the borrowed student books',books,-10.288185119628906
1077,'His ring fell into a hole in the porcelain floor',floor,-9.487306594848633
1078,'The man was caught selling an illegal psychiatric gun',gun,-8.736336708068848
1079,'He put a clean sheet on the picnic bed',bed,-8.993051528930664
1080,'He finally bought some poison to kill the stray rats',rats,-8.207866668701172
1081,'She pulled her head out from under the faucet and reached for a dry wrench',wrench,-7.923989772796631
1082,'He looked worried because he might have broken his stylish glasses',glasses,-9.038784980773926
1083,'They decided to buy a small place and build an addition with two more furnished rooms',rooms,-12.363516807556152
1084,'Phil put some drops in his red drink',drink,-8.739226341247559
1085,'If he strained his eyes he could see a flying bird',bird,-9.440727233886719
1086,'Within minutes of arriving at the office, the detective spilled his thermos full of hearty soup',soup,-7.860013484954834
1087,'There were a lot of old boxes stored in the dusty basement',basement,-7.484173774719238
1088,'Every morning before school his mother laid out his clothes and packed his delicious lunch',lunch,-8.253802299499512
1089,'I don't know what his secret was, but my brother always managed to get the best looking grades',grades,-11.171195983886719
1090,'Steve spilled coffee all over his clean white cargo shirt',shirt,-7.9233198165893555
1091,'While they were eating pancakes, Albert noticed a bee swimming in the sticky water',water,-12.482675552368164
1092,'The truck that Dave drove crashed into the hickory wall',wall,-8.85350513458252
1093,'Liz and Marie sat at the conference table and discussed the topic for the next board meeting',meeting,-8.272381782531738
1094,'They installed an extremely expensive alarm system to protect their extended home',home,-8.960580825805664
1095,'Larry chose not to join the terrorist army',army,-10.360945701599121
1096,'It was a dream come true because Jane had always wanted to visit Europe with her new sister',sister,-7.289295196533203
1097,'She was feeling cold so she put on her fuzzy slippers',slippers,-10.252579763531685
1098,'They rested under a tree in the dim park',park,-9.42823600769043
1099,'They carelessly dumped the toxic waste into the deep ocean',ocean,-7.666058540344238
1100,'Mr. Smith enjoyed showing people his newly installed large dish',dish,-6.657096862792969
1101,'He hated to move, but Richard wanted to live closer to his distant cousin',cousin,-10.307573318481445
1102,'She helped him put the finishing touches on the abstract house',house,-10.068392753601074
1103,'Our government was secretly supplying the rebels with arms and counterfeit ammunition',ammunition,-10.444942474365234
1104,'She was glad she had accompanied her friend because she was enjoying the party except for the loud music',music,-8.919377326965332
1105,'She usually let her very competent secretary handle the phone calls',calls,-12.163450241088867
1106,'Coming in, he took off his hard hat',hat,-9.226426124572754
1107,'Quite predictably, the first thing the doctor asked for was the pregnancy symptoms',symptoms,-8.397136688232422
1108,'I think that my stockbroker is a petty thief',thief,-10.495628356933594
1109,'He grew corn to feed his poor cows',cows,-10.366781234741211
1110,'Sharon dried the bowls with a paper towel',towel,-8.740676879882812
1111,'The old woman was the only one to see the gruesome murder',murder,-9.213918685913086
1112,'Since the water was unsafe they decided to drink sweet juice',juice,-7.841656684875488
1113,'The rude waiter was not given a second chance',chance,-11.568183898925781
1114,'They had to shampoo the new beige rug after the accident with the expensive wine',wine,-8.58067512512207
1115,'No matter how hard she tried, she could not remember the maiden name',name,-12.725110054016113
1116,'We followed the path up the hill, and there, under the tree, was a poisonous snake',snake,-9.225927352905273
1117,'When Drew arrived unexpectedly at the restaurant, Laurie got him a chair from the adjacent dinner table',table,-9.09883975982666
1118,'The Democrats seemed to focus on defense while the Republicans talked about the balanced budget',budget,-8.737709999084473
1119,'Peter painted the walls of the bird exhibit light blue to resemble the cloudless ocean',ocean,-8.59614086151123
1120,'I had lost the ticket I needed to pick up my washed clothes',clothes,-8.591530799865723
1121,'The cat was crouched in the tall grass down by the shady river',river,-10.721759796142578
1122,'His skin was red from spending the day at the sandy beach',beach,-8.087691307067871
1123,'No one wanted to make any decisions until after the birthday party',party,-7.701982498168945
1124,'Helen reached up to dust the halogen lamp',lamp,-9.29112720489502
1125,'He bought her a pearl necklace for her first anniversary',anniversary,-7.784336090087891
1126,'Tim's friend pushed him into a brick pool',pool,-8.957685470581055
1127,'He fell on the floor after tripping on the power cord',cord,-7.7012739181518555
1128,'The bridesmaid had an ugly pale face',face,-10.021596908569336
1129,'The wealthy couple's three little girls enjoyed playing together in the nearby yard',yard,-11.23752498626709
1130,'At night the old woman locked the front door',door,-10.177698135375977
1131,'There was a moth caught in the spider light',light,-8.194619178771973
1132,'The other driver was so angry he threatened him with a loaded gun',gun,-10.585613250732422
1133,'The cows moved from the sun into the partial shade',shade,-8.716109275817871
1134,'Most of the trees died after last year's blazing drought',drought,-9.414216041564941
1135,'Sandy always wished that she had had a twin sister',sister,-9.244551658630371
1136,'The young boy asked for another homemade treat',treat,-10.079601287841797
1137,'Most men cannot understand why women wear high shoes',shoes,-8.972855567932129
1138,'Before she arrived he opened a bottle of wine and put on some soft clean music',music,-8.276692390441895
1139,'Ida wanted to sing folk songs at the picnic, so she brought her acoustic microphone',microphone,-9.621418952941895
1140,'In his day, that old guy was one of the best collegiate athletes',athletes,-10.351648330688477
1141,'There were brightly colored pictures on every title wall',wall,-8.864129066467285
1142,'They had been wandering in circles because nobody had a magnetic map',map,-10.574212074279785
1143,'As a child he used to collect postage stamps',stamps,-9.751453399658203
1144,'He slipped and fell on the thin ice',ice,-8.314360618591309
1145,'He always hid an extra set of keys under a rubber rug',rug,-9.020760536193848
1146,'They decided to declaw the cat so he wouldn't tear up the comfortable couch',couch,-9.219761848449707
1147,'The sewer backed up and caused a massive flood',flood,-9.578832626342773
1148,'They took her car because he hated to drive in the big city',city,-10.262660026550293
1149,'Ken built his new house on a quiet residential street',street,-11.159621238708496
1150,'She left the tiny baby alone in the little room',room,-10.33436107635498
1151,'The officials tried to evacuate everyone from the area before the rapid storm',storm,-6.593818664550781
1152,'His seat was next to the glass window',window,-9.042555809020996
1153,'He smiled nervously as he searched through his pockets for a single mint',mint,-7.3346452713012695
1154,'The shirt was stained with dried oil',oil,-8.147271156311035
1155,'He liked lemon and sugar in his sparkling water',water,-9.022482872009277
1156,'The journalist reported that many collapsed during the tropical heat',heat,-9.057938575744629
1157,'The bad boy was sent to his own father',father,-10.156570434570312
1158,'Each night the campers built a huge improvised fire',fire,-9.796211242675781
1159,'After dinner they washed the dirty dishes',dishes,-9.8821439743042
1160,'He was soothed by the gentle southerly wind',wind,-10.37520980834961
1161,'The person who caught the thief deserves our utmost applause',applause,-13.882721900939941
1162,'The hikers wanted to camp close to the mighty river',river,-7.18685245513916
1163,'Quite predictably, the first thing the doctor asked for was the specific test',test,-9.699922561645508
1164,'Since the water was unsafe they decided to drink orange tea',tea,-7.421999931335449
1165,'Her cold drink was served with a slice of fresh pie',pie,-8.591219902038574
1166,'The squirrel stored some nuts in the cold tree',tree,-6.930944442749023
1167,'No one wanted to make any decisions until after the birthday meeting',meeting,-9.642985343933105
1168,'Every day, rain or shine, the joggers ran up and down the narrow hill',hill,-8.749180793762207
1169,'He bought her a pearl necklace for her first birthday',birthday,-7.309985160827637
1170,'Within minutes of arriving at the office, the detective spilled his thermos full of hearty coffee',coffee,-8.402223587036133
1171,'She was feeling cold so she put on her fuzzy sweater',sweater,-9.153270721435547
1172,'Steve invited his girlfriend to a formal dance',dance,-7.415954113006592
1173,'The wealthy couple's three little girls enjoyed playing together in the front park',park,-10.346003532409668
1174,'They had to shampoo the new beige rug after the accident with the expensive dog',dog,-7.593339443206787
1175,'The last thing they were expecting on their wedding day was a raging Spanish storm',storm,-6.73795747756958
1176,'The person who caught the thief deserves our utmost respect',respect,-11.792570114135742
1177,'His seat was next to the revolving door',door,-7.340339660644531
1178,'The fertilizer enriched the dry grass',grass,-8.101887702941895
1179,'He really wanted to go but decided to stay home to wait for the school bus',bus,-9.642657279968262
1180,'Ken built his new house on a quiet wooded lot',lot,-9.1249418258667
1181,'Every spring they held the annual military festival',festival,-9.187793731689453
1182,'The house at the end of the narrow road was built of sunburned bricks',bricks,-12.748786926269531
1183,'He was so busy and overwhelmed that he had forgotten to respond to the important note',note,-10.96570110321045
1184,'She cleaned the dirt from her muddy shoes',shoes,-10.648606300354004
1185,'She flipped through the stations in search of some loud music',music,-10.535602569580078
1186,'The breeze lifted the dry skirt',skirt,-6.6166911125183105
1187,'You could tell he had grown up in the South by his strong accent',accent,-10.03522777557373
1188,'As a child he used to collect glass marbles',marbles,-11.011310689151287
1189,'They rested under a tree in the local light',light,-10.999894142150879
1190,'Dillinger once robbed that federal store',store,-9.144940376281738
1191,'It's raining, and I forgot my coat, hat, and waterproof boots',boots,-13.130904197692871
1192,'The Vietnam vet had received the Purple Heart, and when he took off his shirt you could see all of his gruesome scars',scars,-10.61217212677002
1193,'There were brightly colored pictures on every interior page',page,-10.88620662689209
1194,'The hinges were rusted shut, so he had to pry it open with a sharp knife',knife,-9.142837524414062
1195,'She took the baby out when he started to cry and had to miss the rest of the scary movie',movie,-8.835274696350098
1196,'The bad boy was sent to his own room',room,-12.336106300354004
1197,'She was glad she had accompanied her friend because she was enjoying the party except for the bland food',food,-9.91853141784668
1198,'Liz and Marie sat at the conference table and discussed the topic for the next work week',week,-11.26764965057373
1199,'There were a lot of old boxes stored in the dusty attic',attic,-8.611075401306152
1200,'Before she arrived he opened a bottle of wine and put on some soft classical clothes',clothes,-11.107670783996582
1201,'The white gull dove down and caught a floppy fish',fish,-9.127376556396484
1202,'We followed the path up the hill, and there, under the tree, was a poisonous cat',cat,-8.153249740600586
1203,'The applause could be heard throughout the echoey hall',hall,-11.06275463104248
1204,'The only food in the refrigerator was a moldy sub cheese',cheese,-9.729594230651855
1205,'He grew corn to feed his dairy family',family,-11.992740631103516
1206,'She helped him put the finishing touches on the abstract painting',painting,-9.62995719909668
1207,'Kim was relieved to see that ample food had been made for the bachelorette party',party,-7.781538963317871
1208,'At night the old woman locked the frosty window',window,-9.686949729919434
1209,'It was a dream come true because Jane had always wanted to visit Europe with her new boyfriend',boyfriend,-11.20323371887207
1210,'Larry chose not to join the Confederate group',group,-10.672886848449707
1211,'Coming in, he took off his hard shoes',shoes,-8.894658088684082
1212,'She was named after her famous aunt',aunt,-8.899858474731445
1213,'While they were eating pancakes, Albert noticed a bee swimming in the sticky syrup',syrup,-9.558124542236328
1214,'They stood on the bridge tossing stale bread to the wild geese',geese,-11.642379097640514
1215,'She pulled her head out from under the faucet and reached for a dry towel',towel,-10.62734317779541
1216,'Joan fed her baby some warm breast soup',soup,-10.231989860534668
1217,'He finally bought some poison to kill the diseased cat',cat,-8.80158805847168
1218,'She was quite surprised that Bill didn't keep his solemn promise',promise,-11.455288887023926
1219,'He was caught stealing a borrowed bike',bike,-8.663822174072266
1220,'Jessie left without his toolbox or his packed lunch',lunch,-8.646018981933594
1221,'They had been wandering in circles because nobody had a detailed compass',compass,-6.978140354156494
1222,'We sprayed the yard to keep away the nasty animals',animals,-10.125409126281738
1223,'The car accident five years ago left an ugly scar on his hairy chest',chest,-11.45572566986084
1224,'He was grouchy because he was having trouble with his nightmarish dreams',dreams,-10.727967262268066
1225,'He returned the hole punch to the substitute desk',desk,-7.830289840698242
1226,'The shirt was stained with dried blood',blood,-8.663822174072266
1227,'It was time to hang the new advent calendar',calendar,-6.180922508239746
1228,'I had lost the ticket I needed to pick up my rental car',car,-10.004087448120117
1229,'The senator had once been a preschool judge',judge,-7.519839286804199
1230,'The county decided to tear down the gas station by the elementary school',school,-8.99427604675293
1231,'Their picnic was ruined by the bad weather',weather,-9.227460861206055
1232,'The other driver was so angry he threatened him with a civil lawsuit',lawsuit,-8.202609062194824
1233,'When Drew arrived unexpectedly at the restaurant, Laurie got him a chair from the adjacent dining room',room,-9.063076972961426
1234,'The university wouldn't let him register until he paid the overdue fines on the borrowed comic loan',loan,-9.635390281677246
1235,'No one at the reunion recognized Dan because he had grown a twisted beard',beard,-8.418743133544922
1236,'The truck that Dave drove crashed into the hickory tree',tree,-7.1485748291015625
1237,'The officials tried to evacuate everyone from the area before the developing flood',flood,-8.329094886779785
1238,'Every morning before school his mother laid out his clothes and packed his messenger bag',bag,-10.665644645690918
1239,'As a punishment, his parents immediately took away his smart phone',phone,-9.47909927368164
1240,'Mrs. Stevens said that little Dennis was the loudest boy in the entire class',class,-11.16502857208252
1241,'The hikers wanted to camp close to the mighty lake',lake,-7.589354515075684
1242,'Most of the trees died after last year's dreadful fire',fire,-11.217520713806152
1243,'Phil put some drops in his red eyes',eyes,-9.269694328308105
1244,'Helen reached up to dust the halogen shelf',shelf,-9.58491325378418
1245,'He always hid an extra set of keys under a rubber mat',mat,-9.267110824584961
1246,'They waited a long time to see the animated show',show,-7.345273017883301
1247,'There was a moth caught in the spider web',web,-7.960513114929199
1248,'I sat far off to the side of the auditorium and my line of sight was blocked by a supporting man',man,-8.958202362060547
1249,'After dinner they washed the family car',car,-9.427519798278809
1250,'Sharon dried the bowls with a filthy rag',rag,-10.168733596801758
1251,'They decided to buy a small place and build an addition with two more upper floors',floors,-12.304643630981445
1252,'The rude waiter was not given a second tip',tip,-9.069684982299805
1253,'He slipped and fell on the uneven pavement',pavement,-9.695222854614258
1254,'She left the tiny baby alone in the little crib',crib,-8.05103588104248
1255,'Although John felt some remorse he decided to return the generous book',book,-10.693754196166992
1256,'In his day, that old guy was one of the best collegiate players',players,-11.162483215332031
1257,'Sandy always wished that she had had a Persian cat',cat,-8.5236177444458
1258,'They couldn't decide on a name for their new trained baby',baby,-7.788191795349121
1259,'He looked worried because he might have broken his stylish arm',arm,-8.602205276489258
1260,'Ida wanted to sing folk songs at the picnic, so she brought her acoustic guitar',guitar,-11.074576377868652
1261,'If he strained his eyes he could see a tiny speck',speck,-9.600187290459871
1262,'Rushing out he forgot to take his spare keys',keys,-10.448840141296387
1263,'The sewer backed up and caused a unpleasant smell',smell,-7.568720817565918
1264,'Although Jan was usually careful, she had forgotten to turn off the cooking stove',stove,-9.28553581237793
1265,'The bridesmaid had an ugly pale dress',dress,-8.272791862487793
1266,'The old woman was the only one to see the gruesome ghost',ghost,-8.169025421142578
1267,'I think that my stockbroker is a habitual liar',liar,-9.222221374511719
1268,'He always seemed to be interested in looking at the blue women',women,-8.442839622497559
1269,'The cows moved from the sun into the wooden barn',barn,-9.715949058532715
1270,'During years of drudgery, the man had derived comfort from a single catchy tune',tune,-10.83471965789795
1271,'He put a clean sheet on the twin table',table,-8.630533218383789
1272,'The young boy asked for another homemade cookie',cookie,-7.512074947357178
1273,'He smiled nervously as he searched through his pockets for a single dollar',dollar,-8.040827751159668
1274,'Every month Rick had to clean his whole house',house,-10.264605522155762
1275,'Our government was secretly supplying the rebels with arms and counterfeit money',money,-10.252445220947266
1276,'Barry wisely chose to pay the electric bill',bill,-8.02227783203125
1277,'Although she heard it ringing, Nancy was too busy cleaning the chimney to get the cell door',door,-10.212773323059082
1278,'The cat was crouched in the tall grass down by the lazy tree',tree,-7.608277320861816
1279,'They left the dirty dishes in the kitchen dishwasher',dishwasher,-10.917218208312988
1280,'After getting out of the shower he sat down to have instant coffee',coffee,-8.378210067749023
1281,'The man was caught selling an illegal psychiatric drug',drug,-7.938616752624512
1282,'Most men cannot understand why women wear high heels',heels,-11.353848457336426
1283,'Fred put the worm on the dangling hook',hook,-7.523634433746338
1284,'The cigar stank and burned a hole in the Hawaiian couch',couch,-9.08533000946045
1285,'His ring fell into a hole in the porcelain sink',sink,-7.055395126342773
1286,'As soon as they reached the sand, he stopped to take off his striped shirt',shirt,-9.555753707885742
1287,'In the mysterious wooden box the girl found the topographical map',map,-10.657797813415527
1288,'Gary could not believe his son stole that expensive car',car,-10.756604194641113
1289,'She felt dinner would not be complete unless she made decadent pie',pie,-9.820060729980469
1290,'Tim's friend pushed him into a kiddie wall',wall,-7.678333282470703
1291,'Each night the campers built a huge bright tent',tent,-6.9050140380859375
1292,'Mary went into her room to look at her illustrated books',books,-11.094742774963379
1293,'They took her car because he hated to drive in the big rain',rain,-7.197413921356201
1294,'He hated to move, but Richard wanted to live closer to his distant mother',mother,-10.79251480102539
1295,'Paul painted the clown's suit blue and gave him a big red inflated nose',nose,-11.577536582946777
1296,'She wore heavy wool socks and her sturdiest boots to go walking in the pine snow',snow,-10.362058639526367
1297,'They carelessly dumped the toxic waste into the deep river',river,-8.13565444946289
1298,'His skin was red from spending the day at the neighborhood pool',pool,-8.936175346374512
1299,'He fell on the floor after tripping on the power rug',rug,-6.900540351867676
1300,'She decided to start a new entrepreneurial job',job,-10.368863105773926
1301,'Their neighbors were surprised to find out that the Smiths had never visited that sleepy park',park,-9.752676010131836
1302,'He was cold most of the night and finally got up to get another thick sweater',sweater,-9.334918975830078
1303,'It didn't get completed because he could not locate the right diagnostic pen',pen,-9.268220901489258
1304,'He positioned the violin under his bearded arm',arm,-10.982990264892578
1305,'Sam practiced every day in anticipation of the philharmonic dance',dance,-7.906093120574951
1306,'She was having a hard time because she didn't know the English language',language,-8.322037696838379
1307,'She usually let her very competent secretary handle the difficult tasks',tasks,-11.845353126525879
1308,'Upon mother's strict orders, the cat's smelly litter box was kept in the damp basement',basement,-6.627413749694824
1309,'I just had a new sound system installed in my compact car',car,-10.190366744995117
1310,'The Democrats seemed to focus on defense while the Republicans talked about the balanced economy',economy,-10.195846557617188
1311,'I could hear the loud telephone ringing through the sliding wall',wall,-8.91334056854248
1312,'No matter how hard she tried, she could not remember the serial number',number,-7.524168014526367
1313,'She was glad she had brought a good book with her since there was nothing to read at the post store',store,-9.072663307189941
1314,'Randy froze when he saw a shadow at the end of the dark hallway',hallway,-11.488091468811035
1315,'Peter painted the walls of the bird exhibit light blue to resemble the cloudless sky',sky,-8.318058013916016
1316,'He liked lemon and sugar in his sparkling tea',tea,-9.925971984863281
1317,'Rafael wants to preserve the national forest by guarding every cedar creature',creature,-9.89146900177002
1318,'The Italian chef was known for his fabulous pesto pasta',pasta,-7.744030952453613
1319,'They installed an extremely expensive alarm system to protect their suburban family',family,-11.631499290466309
1320,'The jeweler was asked if he would examine the ring's huge artificial diamond',diamond,-7.805200099945068
1321,'At the park next to the beach she saw a man with a loyal hat',hat,-7.462878704071045
1322,'Mr. Smith enjoyed showing people his newly installed large television',television,-7.864519119262695
1323,'Steve spilled coffee all over his clean white polo pants',pants,-9.902626037597656
1324,'They decided to declaw the cat so he wouldn't tear up the thick carpet',carpet,-8.190681457519531
1325,'He drove the nail into the garage wood',wood,-9.019489288330078
1326,'As usual, he didn't do well because he had not prepared his impassioned speech',speech,-10.036003112792969
1327,'The journalist reported that many collapsed during the intense storm',storm,-8.73613452911377
1328,'He was soothed by the gentle southerly music',music,-10.25814151763916
1329,'Betsy could never tell a deliberate lie',lie,-10.735857963562012
1330,'I don't know what his secret was, but my brother always managed to get the best academic girls',girls,-10.68398666381836
